NorCal + Central Valley VA Call & Price Log  —  1067 Vets  |  One row per vet. Fill in prices for each service collected.,,,,,,,,,,,,,,,,,,,,,,,,,,,,,,,,,,,,
← VET INFO (pre-filled — do not edit),,,,,,,,← CALL OUTCOME (VA fills after each call) →,,,,,,← PRICE ENTRY — fill in prices collected. Leave blank if not given. →,,,,,,,,,,,,,,,,,,,,← FINAL →,,
#,Vet Name,Phone,Address,City,Zip,Vet Type,Hours,"Call
Status","No Prices
Reason","Accepting
New Patients","CareCredit
Accepted","Contact
Name",Call Notes,"Exam
Fee ($)","Vet Tech
Fee (S)","Rabies
($)","DHPP
($)","FVRCP(cat)
($)","FeLV(cat)
($)","Bordetella
($)","Canine Flu
($)","Lepto
($)","Vaccine Pkg
Dog ($)","Vaccine Pkg
Cat ($)","Spay
($)","Neuter
($)","Dental
Cleaning ($)","Dental No
Anesthesia ($)","X-Ray
($)","Bloodwork
($)","Anesthesia
($)","Emergency
Visit ($)","Urgent
Care ($)","Species
Seen",Notes,"Verified
by Susan"
EX,Example Animal Hospital,(555) 555-0100,123 Main St,Sample City,90001,General Practice,"Mon-Fri: 8am-6pm
Sat: 9am-2pm",Called - Got Prices,,Yes,No,Front Desk,Very friendly,65,,25,45,,,20,,,85,75,350,250,400,,150,120,200,,,Dogs & Cats,Sample note,Pending Review
1,Acton Veterinary Clinic,(661) 269-7060,32033 Crown Valley Rd,Acton,93510,General Practice,"Tuesday: 8:30 AM – 5:30 PM
Wednesday: 8:30 AM – 5:30 PM
Thursday: 9:00 AM – 1:00 PM
Friday: 8:30 AM – 5:30 PM
Saturday: 8:30 AM – 5:30 PM
Sunday: 9:00 AM – 1:00 PM",Voicemail Left,Call Back Later,,,,,,,,,,,,,,,,,,"If it includes anesthesia, blood work, and an X-ray.",,,,,,,,,
2,Agoura Animal Clinic,(818) 991-1036,28282 Dorothy Dr,Agoura Hills,91301,General Practice,"Tuesday: 7:30 AM – 6:00 PM
Wednesday: 7:30 AM – 6:00 PM
Thursday: 7:30 AM – 6:00 PM
Friday: 7:30 AM – 6:00 PM
Saturday: 7:30 AM – 6:00 PM
Sunday: 7:30 AM – 4:00 PM",Called - Got Prices,,Yes,Yes,Shannon,,$87,No technician fee,$59 for cat. For a dog $47,$47,,,$47,$47,$53,,,$47,$47,The vet will do an estimate on the cost. Needs consulation first.,The vet will do an estimate on the cost. Needs consulation first.,,,,$250,$250,,,
3,"Western Veterinary Center, Medical & Surgical Hospital",(805) 957-7387,4990 Reyes Adobe Rd,Agoura Hills,91301,General Practice,Monday: Open 24 hours,Called - Got Prices,,Yes,Yes,Giselle,,$95,No technician fee,Ranges from $50 - $70 ,Ranges from $50 - $70 ,,,Ranges from $50 - $70 ,Ranges from $50 - $70 ,Ranges from $50 - $70 ,,,Ranges from $900 - $1300,Ranges from $900 - $1300,Rough estimate $1200 - $3000,,,,,Rough Estimate $185,Rough Estimate $185,,,
4,Alameda Pet Hospital,8:41:21 AM,2275 Buena Vista Ave,Alameda,94501,General Practice,"Tuesday: 8:00 AM – 12:30 PM
Tuesday: 2:00 PM – 6:00 PM
Wednesday: 8:00 AM – 12:30 PM
Wednesday: 2:00 PM – 6:00 PM
Thursday: 8:00 AM – 12:30 PM
Thursday: 3:00 PM – 6:00 PM
Friday: 8:00 AM – 12:30 PM
Friday: 2:00 PM – 6:00 PM
Saturday: 8:00 AM – 12:30 PM
Saturday: 2:00 PM – 6:00 PM",Called - Got Prices,,Yes,Yes,,,EXACT $113,No technician fee,RANGES $45 - $66  ,RANGES $45 - $66  ,,,RANGES $45 - $66  ,RANGES $45 - $66  ,RANGES $45 - $66  ,,,STARTING $1407,STARTING $1429,STARTING $1803,STARTING $1803,,,,Appoinments Only,$148,,,
5,Marina Village Veterinary,(510) 939-8340,943 Marina Village Pkwy,Alameda,94501,General Practice,"Tuesday: 8:30 AM – 6:00 PM
Wednesday: 8:30 AM – 6:00 PM
Thursday: 8:30 AM – 6:00 PM
Friday: 8:30 AM – 6:00 PM
Saturday: 8:30 AM – 6:00 PM",No Answer,,,,,,,,,,,,,,,,,,,,,,,,,,,,
6,Providence Veterinary Clinic,(510) 521-5775,1409 Webster St,Alameda,94501,General Practice,"Tuesday: 9:00 AM – 6:00 PM
Wednesday: 9:00 AM – 6:00 PM
Thursday: 9:00 AM – 6:00 PM
Friday: 9:00 AM – 6:00 PM
Saturday: 9:00 AM – 6:00 PM
Sunday: 9:00 AM – 3:00 PM",Called - Got Prices,,Yes,Yes,Emily,,$100,No technician fee,around $40, around $40,,,around $40,around $40,around $40,,,"$2,000","$2,000",Ranges $3000 to 3500,,,,,Appointments Only,Only appointmentAppointments Only,,,
7,Alamo Animal Hospital,(925) 837-7246,3176 Danville Blvd,Alamo,94507,General Practice,"Tuesday: 8:00 AM – 6:00 PM
Wednesday: 8:00 AM – 6:00 PM
Thursday: 8:00 AM – 6:00 PM
Friday: 8:00 AM – 6:00 PM
Saturday: 8:00 AM – 6:00 PM
Sunday: 8:00 AM – 1:00 PM",Called - Got Prices,,Yes,No,Zoe,They work with insurance after consultation,$79,No technician fee,$49,$49,,,$49,$59,$53,,,$800 - $1000,$1300 - $1800,Needs Consulation First. Ranges from $1600 - over $3000,,,,,Appoinments Only,Appoinments Only,,,
8,Alamo Pet Care Hospital,(925) 791-5488,3217 Danville Blvd,Alamo,94507,General Practice,"Tuesday: 8:00 AM – 4:30 PM
Wednesday: 8:00 AM – 4:30 PM
Thursday: 10:00 AM – 4:30 PM
Friday: 8:00 AM – 4:30 PM
Saturday: 8:00 AM – 4:30 PM
Sunday: 9:00 AM – 12:30 PM",Called - Got Prices,,Yes,No,,,$82.50,No technician fee,Ranges from $40 -$60,Ranges from $40 -$60,,,Ranges from $40 -$60,Ranges from $40 -$60,Ranges from $40 -$60,,,Needs Consulation first before giving estimates on surgery,Needs Consulation first before giving estimates on surgery,Needs Consulation first before giving estimates on surgery,,,,,,,,,
9,Pioneer Equine Veterinary Services,(925) 846-7611,PO Box 10,Alamo,94507,General Practice,,Callback Requested,Call Back Later,,,,Horse clinic only,,,,,,,,,,,,,,,,,,,,,,,
10,Sexton Veterinary Clinic,(925) 855-8387,3162 Danville Blvd,Alamo,94507,General Practice,"Monday: 12:00 AM – 12:00 AM
Tuesday: 8:30 AM – 11:00 AM
Tuesday: 2:00 PM – 5:00 PM
Wednesday: 8:30 AM – 11:00 AM
Wednesday: 2:00 PM – 5:00 PM
Thursday: 8:30 AM – 11:00 AM
Thursday: 2:00 PM – 5:00 PM
Friday: 8:30 AM – 11:00 AM
Friday: 2:00 PM – 5:00 PM
Saturday: 8:30 AM – 11:00 AM
Saturday: 2:00 PM – 5:00 PM",Called - Refused,Call Back Later,No,,,,,,,,,,,,,,,,,,,,,,,,,,
11,Albany Cat Clinic,(510) 229-0302,904 Stannage Ave,Albany,94706,General Practice,"Monday: 9:00 AM – 5:00 PM
Tuesday: 9:00 AM – 5:00 PM
Wednesday: 9:00 AM – 5:00 PM
Thursday: 9:00 AM – 5:00 PM
Friday: 9:00 AM – 5:00 PM
Saturday: Closed
Sunday: Closed",Called - Got Prices,,Yes,No,Charlotte,,$125,No technician fee,Ranges from $55 - $110,Ranges from $55 - $110,,,Ranges from $55 - $110,Ranges from $55 - $110,Ranges from $55 - $110,,,$890,$380,ranges 1600 - 2200,,,,,$125,$125,,spay and nueter exact? does dental include xray/bloodwork? what is the difference between emergency and urgent care? does this vet have emergency visits?,
12,Codornices Veterinary Clinic: Gurley Erica DVM,(510) 524-3062,944 San Pablo Ave,Albany,94706,General Practice,"Monday: 8:00 AM – 5:30 PM
Tuesday: 8:00 AM – 5:30 PM
Wednesday: 8:00 AM – 5:30 PM
Thursday: 8:00 AM – 5:30 PM
Friday: 8:00 AM – 5:30 PM
Saturday: 8:00 AM – 4:00 PM
Sunday: Closed",Called - Got Prices,,Yes,Yes,,,113 - 130 ,No technician fee,Ranges $43 - $50 ,Ranges $43 - $50 ,,,Ranges $43 - $50 ,Ranges $43 - $50 ,Ranges $43 - $50 ,,,Needs consultation first before giving estimates,Needs consultation first before giving estimates,Needs consultation first before giving estimates,,,,,Appointments Only,Appointments Only,,,
13,Altadena Pet Hospital,(626) 798-0738,2071 Lake Ave,Altadena,91001,General Practice,"Tuesday: 8:00 AM – 6:00 PM
Wednesday: 8:00 AM – 6:00 PM
Thursday: 8:00 AM – 6:00 PM
Friday: 8:00 AM – 6:00 PM
Saturday: 8:00 AM – 6:00 PM
Sunday: 8:00 AM – 4:00 PM",Called - Got Prices,,Yes,Yes,,,$79.50,No technician fee,$32.50,$46.50,,,$45.50,$44,$45.50,,,$900,$900 up,$900 up,,,,,$95,$95,,,
14,Vanderhoof Veterinary Hospital,(626) 798-5901,2235 Lake Ave #101,Altadena,91001,General Practice,"Tuesday: 9:00 AM – 6:00 PM
Wednesday: 9:00 AM – 6:00 PM
Thursday: 9:00 AM – 6:00 PM
Friday: 9:00 AM – 6:00 PM
Saturday: 9:00 AM – 6:00 PM
Sunday: 9:00 AM – 1:00 PM",Called - Got Prices,,Yes,Yes,,,$82.50,No technician fee,$27,"$40 for combination vaccinne including bordetella, dog flu and lepto",,,,,,,,Estimate $501,$575,Range from $700 - $1100. Additional for blood work $200 to $300,,,,,Appointments Only,Appointments Only,,,
15,American Canyon Veterinary Hospital,(707) 644-2284,100 W American Canyon Rd Suite K9,American Canyon,94503,General Practice,"Wednesday: 8:00 AM – 4:00 PM
Thursday: 8:00 AM – 4:00 PM
Friday: 8:00 AM – 4:00 PM
Saturday: 8:00 AM – 4:00 PM
Sunday: 8:00 AM – 4:00 PM",Called - Got Prices,,Yes,Yes,Heidi,,$84,No technician fee,$45,$40.50,,,$39.50,$71,$36.50,,,Starts at $1000,Starts at $567,Needs Consulation first before giving estimates,,,,,Appointments Only,Appointments Only,,,
16,"Anderson Veterinary Clinic, A Thrive Pet Healthcare Partner",(530) 365-8122,"1/2 Mile South of the Shasta District Fairgrounds, 3100 W Center St",Anderson,96007,General Practice,"Tuesday: 7:30 AM – 6:00 PM
Wednesday: 7:30 AM – 6:00 PM
Thursday: 7:30 AM – 6:00 PM
Friday: 7:30 AM – 6:00 PM
Saturday: 7:30 AM – 6:00 PM
Sunday: 8:00 AM – 4:00 PM",Called - Got Prices,,Yes,Yes,,,$110,No technician fee,$50.80,$64.41,,,$55.88,$67.58,$55.88,,,$240- $300 for the blood work $500 for the spay,$425,Needs consultation first before giving estimates,,,,,Appointments Only,Appointments Only,,,
17,Crossroads Veterinary Clinic,(530) 365-3685,6563 Deschutes Rd,Anderson,96007,General Practice,"Tuesday: 8:00 AM – 5:00 PM
Wednesday: 8:00 AM – 5:00 PM
Thursday: 8:00 AM – 5:00 PM
Friday: 8:00 AM – 5:00 PM
Saturday: 8:00 AM – 5:00 PM",Called - Got Prices,Call Back Later,Yes,,,Horse Clinic Only,,,,,,,,,,,,,,,,,,,,,,,
18,Haven Humane Society Adoption Center,(530) 241-1653,7449 Eastside Rd,Anderson,96007,General Practice,"Tuesday: 11:00 AM – 5:00 PM
Wednesday: 11:00 AM – 5:00 PM
Thursday: 11:00 AM – 5:00 PM
Friday: 11:00 AM – 5:00 PM
Saturday: 11:00 AM – 5:00 PM
Sunday: 11:00 AM – 5:00 PM",Called - Refused,Call Back Later,No,,,,,,,,,,,,,,,,,,,,,,,,,,
19,Haven Humane Society Veterinary Hospital,(530) 241-1658,7449A Eastside Rd,Anderson,96007,General Practice,"Tuesday: 7:30 AM – 5:00 PM
Wednesday: 7:30 AM – 5:00 PM
Thursday: 7:30 AM – 5:00 PM
Friday: 7:30 AM – 5:00 PM",Called - Refused,Call Back Later,No,,,,,,,,,,,,,,,,,,,,,,,,,,
20,VCA Gateway Animal Hospital,(530) 365-4521,2006 S Barney Rd,Anderson,96007,General Practice,"Tuesday: 7:30 AM – 6:00 PM
Wednesday: 7:30 AM – 6:00 PM
Thursday: 7:30 AM – 6:00 PM
Friday: 7:30 AM – 6:00 PM
Saturday: 7:30 AM – 6:00 PM",Called - Got Prices,,Yes,Yes,,,$106.70,,$43.95,$65.20 For DHPP Only $74.50 with Lepto vaccine included,,,$51.70,,,,,$458,$458,Needs consultation first before giving estimates,,,,,Appointments Only,Appointments Only,,,
21,Cherry Creek Veterinary Hospital,(916) 349-2755,7955 Watt Ave,Antelope,95843,General Practice,"Tuesday: 8:00 AM – 6:00 PM
Wednesday: 8:00 AM – 6:00 PM
Thursday: 8:00 AM – 6:00 PM
Friday: 8:00 AM – 6:00 PM
Saturday: 8:00 AM – 6:00 PM
Sunday: 8:30 AM – 4:00 PM",Called - Got Prices,,Yes,Yes,,,$74,,$44.01,$44,,,$44.01,$44.01,$44.01,,,$800 - $1000,$500 - $700,,,,,,$149,$149,,,
22,Abbey Vet Hospital,(925) 778-1984,405 E 18th St,Antioch,94509,General Practice,"Tuesday: 8:00 AM – 8:00 PM
Wednesday: 8:00 AM – 8:00 PM
Thursday: 8:00 AM – 8:00 PM
Friday: 8:00 AM – 8:00 PM
Saturday: 8:00 AM – 8:00 PM
Sunday: 9:00 AM – 8:00 PM",Called - Got Prices,,Yes,Yes,,,$60,,$37,$30,,,$30,$30,$30,,,$650 with bloodwork,$650 with bloodwork,$700,,,,,$110,$110,,,
23,Animal Clinic of Antioch,(925) 732-3666,2204 A St,Antioch,94509,General Practice,"Tuesday: 8:00 AM – 5:00 PM
Wednesday: 8:00 AM – 5:00 PM
Thursday: 8:00 AM – 5:00 PM
Friday: 8:00 AM – 5:00 PM
Saturday: 8:00 AM – 5:00 PM",Called - Got Prices,,Yes,Yes,,,$72,,$50,$43,,,$45,$67,$47,,,Starts at $650 ,Starts at $480,Starts at $725,,,,,Appointments Only,Appointments Only,,,
24,Ark Pet Hospital,(925) 755-9426,2723 Hillcrest Ave,Antioch,94531,General Practice,"Monday: 8:00 AM – 6:00 PM
Tuesday: 8:00 AM – 6:00 PM
Wednesday: 8:00 AM – 6:00 PM
Thursday: 8:00 AM – 6:00 PM
Friday: 8:00 AM – 6:00 PM
Saturday: Closed
Sunday: Closed",Called - Got Prices,,Yes,Yes,,,$85,,260 for the 5 in 1 Vaccine,260 for the 5 in 1 Vaccine,,,260 for the 5 in 1 Vaccine,260 for the 5 in 1 Vaccine,260 for the 5 in 1 Vaccine,,,Starts at $800,Starts at $800,Starts at $1200,,,,,$110,$110,,,
25,Companion Pet Hospital,(925) 757-2287,4365 Hillcrest Ave,Antioch,94531,General Practice,"Monday: 8:00 AM – 12:00 PM
Tuesday: 8:00 AM – 12:00 PM
Wednesday: 8:00 AM – 12:00 PM
Thursday: 8:00 AM – 12:00 PM
Friday: 8:00 AM – 12:00 PM
Saturday: 8:00 AM – 12:00 PM
Sunday: Closed",Called - Refused,Call Back Later,No,,,,,,,,,,,,,,,,,,,,,,,,,,
26,East Hills Veterinary Hospital,(925) 754-7960,2325 Buchanan Rd,Antioch,94509,General Practice,"Tuesday: 8:00 AM – 7:00 PM
Wednesday: 8:00 AM – 7:00 PM
Thursday: 8:00 AM – 7:00 PM
Friday: 8:00 AM – 7:00 PM
Saturday: 8:00 AM – 7:00 PM
Sunday: 8:30 AM – 5:00 PM",Called - Got Prices,,Yes,Yes,,,$80,,$34,$46,,,$37,$56.50,$46,,,Starts at $743 upto $1042 that includes bloodwork and a microchip ,Starts at $596 upto $895. - $895 includes bloodwork and microchip,starts at $1200,,,,,Appointments Only,Appointments Only,,,
27,Lone Tree Veterinary Hospital & Urgent Care,(925) 732-7499,4839 Lone Tree Wy Suite B,Antioch,94531,General Practice,"Monday: 8:00 AM – 11:00 PM
Tuesday: 8:00 AM – 11:00 PM
Wednesday: 8:00 AM – 11:00 PM
Thursday: 8:00 AM – 11:00 PM
Friday: 8:00 AM – 11:00 PM
Saturday: 8:00 AM – 11:00 PM
Sunday: 9:00 AM – 8:00 PM",Called - Got Prices,,Yes,Yes,,,$70,,Ranges from $30 - $35 ,Ranges from $30 - $35 ,,,Ranges from $30 - $35 ,Ranges from $30 - $35 ,Ranges from $30 - $35 ,,,$774 microchip included.  -$75 if no microchip,$724 includes microchip. ,Starts at $700,Starts at $700,,,,$140,$140,,,
28,VCA Antioch Animal Hospital - Deer Valley,(925) 757-2800,5151 Deer Valley Rd,Antioch,94531,General Practice,"Monday: 8:00 AM – 6:00 PM
Tuesday: 8:00 AM – 6:00 PM
Wednesday: 8:00 AM – 6:00 PM
Thursday: 8:00 AM – 6:00 PM
Friday: 8:00 AM – 6:00 PM
Saturday: 8:00 AM – 6:00 PM
Sunday: Closed",Called - Got Prices,,Yes,Yes,,,$94,,Around $52,Around $52,,,Around $52,Around $52,Around $52,,,Around $1000,Around $1000,Needs consultation first before giving estimates,Needs consultation first before giving estimates,,,,Appointments Only,Appointments Only,,,
29,VCA East Bay Veterinary Emergency,(925) 754-5001,1312 Sunset Dr,Antioch,94509,General Practice,Monday: Open 24 hours,No Answer,Call Back Later,,,,,,,,,,,,,,,,,,,,,,,,,,,
30,Del Mar Pet Hospital,(831) 688-2016,7525 Sunset Way,Aptos,95003,General Practice,"Tuesday: 8:00 AM – 6:00 PM
Wednesday: 8:00 AM – 6:00 PM
Thursday: 8:00 AM – 6:00 PM
Friday: 8:00 AM – 6:00 PM
Saturday: 8:00 AM – 6:00 PM
Sunday: 9:00 AM – 2:00 PM",Called - Got Prices,,Yes,Yes,,,$78,,Needs consultation first before giving estimates. it dependes on how old the dog is,Needs consultation first before giving estimates. it dependes on how old the dog is,,,Needs consultation first before giving estimates. it dependes on how old the dog is,Needs consultation first before giving estimates. it dependes on how old the dog is,Needs consultation first before giving estimates. it dependes on how old the dog is,,,Needs consultation first before giving estimates. it dependes on how old the dog is,Needs consultation first before giving estimates. it dependes on how old the dog is,Needs consultation first before giving estimates,Needs consultation first before giving estimates,,,,Appointments Only,Appointments Only,,,
31,Animal Surgical Group,(805) 474-1988,1562 W Branch St,Arroyo Grande,93420,General Practice,"Tuesday: 8:30 AM – 5:30 PM
Thursday: 8:30 AM – 5:30 PM
Saturday: 8:30 AM – 5:30 PM",Called - Got Prices,,Yes,Yes,,,$167,,Do not do Vaccines,Do not do Vaccines,,,Do not do Vaccines,Do not do Vaccines,Do not do Vaccines,,,Needs consultation first before giving estimates. it dependes on how old the dog is,Needs consultation first before giving estimates. it dependes on how old the dog is,Needs consultation first before giving estimates. it dependes on how old the dog is,Needs consultation first before giving estimates. it dependes on how old the dog is,,,,Appointments Only,Appointments Only,,,
32,Beach Cities Veterinary Hospital,(805) 419-9992,110 Courtland St #102,Arroyo Grande,93420,General Practice,"Tuesday: 8:00 AM – 6:00 PM
Wednesday: 8:00 AM – 6:00 PM
Thursday: 8:00 AM – 6:00 PM
Friday: 8:00 AM – 6:00 PM
Saturday: 8:00 AM – 6:00 PM
Sunday: 9:00 AM – 2:00 PM",Called - Got Prices,,Yes,Yes,,,$88,,Between $30 - $40,Between $30 - $40,,,Between $30 - $40,Between $30 - $40,Between $30 - $40,,,Between $800 - $900,Between $700 - $800,Usually Starts at $1000,"Usually Starts at $1000
",,,,Appointments Only,Appointments Only,,,
33,Five Cities Veterinary Hospital and Urgent Care,(805) 481-5555,1558 W Branch St,Arroyo Grande,93420,General Practice,"Tuesday: 8:00 AM – 8:00 PM
Wednesday: 8:00 AM – 8:00 PM
Thursday: 8:00 AM – 8:00 PM
Friday: 8:00 AM – 8:00 PM
Saturday: 8:00 AM – 8:00 PM
Sunday: 8:00 AM – 4:00 PM",Called - Got Prices,,Yes,Yes,,,$80,,$32,$32,,,The receptionist does not have idea on how much it cost,The receptionist does not have idea on how much it cost,The receptionist does not have idea on how much it cost,,,Needs consultation first before giving estimates,Needs consultation first before giving estimates,Needs consultation first before giving estimates,Needs consultation first before giving estimates,,,,$149,$149,,,
34,VCA Arroyo Grande Animal Hospital,(805) 481-9434,1199 E Grand Ave,Arroyo Grande,93420,General Practice,"Tuesday: 8:00 AM – 6:00 PM
Wednesday: 8:00 AM – 6:00 PM
Thursday: 8:00 AM – 6:00 PM
Friday: 8:00 AM – 6:00 PM
Saturday: 8:00 AM – 6:00 PM
Sunday: 8:00 AM – 6:00 PM",Called - Got Prices,,Yes,Yes,,,$101.95,,$49.45,$40.95,,,$51.70,$49.45,$48.95,,,Needs consultation first before giving estimates,Needs consultation first before giving estimates,Needs consultation first before giving estimates,Needs consultation first before giving estimates,,,,$102,$101.95,,,
35,VCA South County Animal Hospital,(805) 489-1361,205 El Camino Real,Arroyo Grande,93420,General Practice,"Tuesday: 8:00 AM – 6:00 PM
Wednesday: 8:00 AM – 6:00 PM
Thursday: 8:00 AM – 6:00 PM
Friday: 8:00 AM – 6:00 PM
Saturday: 8:00 AM – 6:00 PM
Sunday: 8:00 AM – 4:00 PM",Called - Got Prices,,Yes,Yes,,,$120,No charge,around $80,around 80,,,around 80,around 80,around 80,,,Needs consultation first before giving estimates,Needs consultation first before giving estimates,Needs consultation first before giving estimates,Needs consultation first before giving estimates,,,,Appointments Only,Appointments Only,,,
36,Veterinary Ophthalmology Services,(805) 473-3332,118 N Mason St,Arroyo Grande,93420,General Practice,"Tuesday: 9:00 AM – 5:00 PM
Wednesday: 9:00 AM – 5:00 PM
Thursday: 9:00 AM – 5:00 PM
Friday: 9:00 AM – 5:00 PM
Saturday: 9:00 AM – 5:00 PM",Called - Refused,Declined to Share,,,,Specialized Clinic,,,,,,,,,,,,,,,,,,,,,,,
37,Atascadero Pet Hospital & Emergency Center,(805) 466-3880,9575 El Camino Real,Atascadero,93422,General Practice,Monday: Open 24 hours,Called - Got Prices,,Yes,Yes,,,$129,Needs consultation first before giving estimates,$25,$35,,,$29,$45,$35,,,Needs consultation first before giving estimates,Needs consultation first before giving estimates,Needs consultation first before giving estimates,Needs consultation first before giving estimates,,,,$180,$180,,,
38,Christensen Equine,(805) 549-9115,14360 Sandoval Rd,Atascadero,93422,General Practice,"Tuesday: 9:00 AM – 5:00 PM
Wednesday: 9:00 AM – 5:00 PM
Thursday: 9:00 AM – 5:00 PM
Friday: 9:00 AM – 5:00 PM
Saturday: 9:00 AM – 5:00 PM",Called - Refused,Declined to Share,,,,Horse Clinic only,,,,,,,,,,,,,,,,,,,,,,,
39,"Dr. Sharon Klintworth, DVM",(805) 461-3002,"8165 Morro Rd A, B, C, & D",Atascadero,93422,General Practice,"Tuesday: 8:00 AM – 5:00 PM
Wednesday: 8:00 AM – 5:00 PM
Thursday: 8:00 AM – 5:00 PM
Friday: 8:00 AM – 5:00 PM
Saturday: 8:00 AM – 5:00 PM",Called - Got Prices,,Yes,Yes,,,$80,No technician fee,$28,$35 to 45,,,$30,$49.55,$30,,,$385,$350 to 450,Needs consultation first before giving estimates,Needs consultation first before giving estimates,,,,Appointments Only,Appointments Only,,,
40,El Camino Veterinary Hospital: Leton Renee DVM,(805) 466-6677,1380 El Camino Real,Atascadero,93422,General Practice,"Tuesday: 7:00 AM – 7:00 PM
Wednesday: 7:00 AM – 7:00 PM
Thursday: 7:00 AM – 7:00 PM
Friday: 7:00 AM – 7:00 PM
Saturday: 7:00 AM – 7:00 PM",Called - Got Prices,,Yes,Yes,,,$57,Needs consultation first before giving estimates,$21,$32,,,$33,$56,$32,,,Needs consultation first before giving estimates,Needs consultation first before giving estimates,Needs consultation first before giving estimates,Needs consultation first before giving estimates,,,,$115,$115,,,
41,Atwater Veterinary Center,(209) 358-6000,2100 Bell Dr,Atwater,95301,General Practice,"Tuesday: 7:30 AM – 7:00 PM
Wednesday: 7:30 AM – 7:00 PM
Thursday: 7:30 AM – 7:00 PM
Friday: 7:30 AM – 7:00 PM
Saturday: 7:30 AM – 7:00 PM",Called - Got Prices,,Yes,Yes,,,$78,Needs consultation first before giving estimates,$31,$31,,,$31,$37,$31,,,$292,$265,Needs consultation first before giving estimates,Needs consultation first before giving estimates,,,,$180,120,,,
42,"Animal Clinic At Lake of the Pines, Inc.",(530) 268-1266,10868 Combie Rd ste 130,Auburn,95602,General Practice,"Tuesday: 8:00 AM – 6:00 PM
Wednesday: 8:00 AM – 6:00 PM
Thursday: 8:00 AM – 6:00 PM
Friday: 8:00 AM – 6:00 PM
Saturday: 8:00 AM – 6:00 PM",Called - Got Prices,Call Back Later,Yes,Yes,,,EXACT $75,No technician fee,RANGES $26,EXACT $28,,,EXACT $32,EXACT $52,EXACT $28,,,RANGES $590 - $820,RANGES $594-$842,Needs consultation first before giving estimates,Needs consultation first before giving estimates,,,,EXACT $165,EXACT $101,,,
43,Animal Medical Center,(530) 823-5166,1525 Grass Valley Hwy,Auburn,95603,General Practice,"Tuesday: 7:30 AM – 5:00 PM
Wednesday: 7:30 AM – 5:00 PM
Thursday: 7:30 AM – 5:00 PM
Friday: 7:30 AM – 5:00 PM
Saturday: 7:30 AM – 5:00 PM
Sunday: 8:00 AM – 5:00 PM",Called - Got Prices,,Yes,Yes,,,$79,No Vet Tech Fee,$35,$35,,,$35,$69,$38,,,800 includes blood work and medication,600 includes blood work and medication,Starts at 1500 includes bloodwork and laboratories and medication,don't do without anethesia ,,,,$175,$148,,,
44,Animal Spay & Neuter,(530) 889-8800,3524 KOA Way,Auburn,95602,General Practice,"Tuesday: 7:30 AM – 5:00 PM
Wednesday: 7:30 AM – 5:00 PM
Thursday: 7:30 AM – 5:00 PM
Friday: 7:30 AM – 5:00 PM",No Answer,,,,,,,,,,,,,,,,,,,,,,,,,,,,
45,Auburn Equine,(530) 823-0162,1507 Grass Valley Hwy,Auburn,95603,General Practice,"Tuesday: 8:00 AM – 5:00 PM
Wednesday: 8:00 AM – 5:00 PM
Thursday: 8:00 AM – 5:00 PM
Friday: 8:00 AM – 5:00 PM
Saturday: 8:00 AM – 5:00 PM",,,Yes,Yes,,This is a Horse Veterinary,,,,,,,,,,,,,,,,,,,,,,,
46,Auburn Pet Clinic,(530) 888-7387,61 Flood Rd,Auburn,95603,General Practice,"Tuesday: 8:00 AM – 6:00 PM
Wednesday: 8:00 AM – 5:00 PM
Thursday: 8:00 AM – 4:00 PM
Friday: 8:00 AM – 4:00 PM
Saturday: 8:00 AM – 4:00 PM",Called - Got Prices,,Yes,Yes,,,$72,,$45,$50,,,$65,$75,$50,,,starts at $470 to $500,starts at $470 to $500,Start at $600 ,,,,,Appointments Only,Appointments Only,,,
47,Bowman Veterinary Hospital,(530) 823-6306,100 Old Airport Rd,Auburn,95603,General Practice,"Tuesday: 8:00 AM – 5:00 PM
Wednesday: 8:00 AM – 5:00 PM
Thursday: 8:00 AM – 5:00 PM
Friday: 8:00 AM – 5:00 PM
Saturday: 8:00 AM – 5:00 PM",Called - Got Prices,,Yes,Yes,,,$74,,$37.14,$37.14,,,$37.14,$59.98,$37.14,,,$500 - $655,$492 - $633,$700 and $900,Needs consultation first before giving estimates,,,,Appointments Only,Appointments Only,,,
48,Companion Veterinary Clinic,(530) 885-3251,105 Auburn Folsom Rd,Auburn,95603,General Practice,"Tuesday: 8:00 AM – 12:00 PM
Tuesday: 1:00 PM – 6:00 PM
Wednesday: 8:00 AM – 12:00 PM
Wednesday: 1:00 PM – 6:00 PM
Thursday: 8:00 AM – 12:00 PM
Thursday: 1:00 PM – 6:00 PM
Friday: 8:00 AM – 12:00 PM
Friday: 1:00 PM – 6:00 PM
Saturday: 8:00 AM – 12:00 PM
Saturday: 1:00 PM – 6:00 PM",Called - Got Prices,,Yes,Yes,,,$69,,$28,$30,,,$30,$50,$30,,,Starts at $400 to $1000,Starts at $500 to $900,Starts at $599,don't do without anethesia ,,,,$100 additional for Exam Fee ,$100 additional for Exam Fee ,,,
49,Edgewood Veterinary Clinic,null,1055 Grass Valley Hwy,Auburn,95603,General Practice,,,,,,,,,,,,,,,,,,,,,,,,,,,,,,
50,Gold Country Veterinary Hospital,(530) 885-1919,3130 Professional Dr Suite C,Auburn,95603,General Practice,"Tuesday: 8:00 AM – 6:00 PM
Wednesday: 8:00 AM – 6:00 PM
Thursday: 8:00 AM – 6:00 PM
Friday: 8:00 AM – 6:00 PM
Saturday: 8:00 AM – 6:00 PM
Sunday: 8:00 AM – 6:00 PM",Called - Got Prices,,Yes,Yes,,,$68,,$29 up to $45,$29 up to $45,,,$29 up to $45,$29 up to $45,$29 up to $45,,,$698,$582,$900 and go up,don't do without anethesia ,,,,$81,$81,,,
51,North Fork Vet Clinic,(530) 888-8788,12080 Locksley Ln,Auburn,95602,General Practice,"Tuesday: 7:30 AM – 5:30 PM
Wednesday: 7:30 AM – 5:30 PM
Thursday: 7:30 AM – 5:30 PM
Friday: 7:30 AM – 5:30 PM
Saturday: 7:30 AM – 5:30 PM
Sunday: 9:00 AM – 5:00 PM",Called - Got Prices,,Yes,Yes,,,$75,,$28,$38,,,$30,$52,$38,,,Needs consultation first before giving estimates,Needs consultation first before giving estimates,Needs consultation first before giving estimates,don't do without anethesia ,,,,$75,$75,,,
52,South Auburn Veterinary Hospital,(530) 823-6310,307 Sacramento St,Auburn,95603,General Practice,"Tuesday: 7:30 AM – 5:00 PM
Wednesday: 7:30 AM – 5:00 PM
Thursday: 7:30 AM – 5:00 PM
Friday: 7:30 AM – 5:00 PM
Saturday: 7:30 AM – 5:00 PM
Sunday: 7:30 AM – 5:00 PM",Called - Got Prices,,Yes,Yes,,,$82,,$35,$35,,,$35,$68,$35,,,Starts $570 - 950 ,Starts $510 - $850 ,Starts at $950 to $1400,don't do without anethesia ,,,,Appointments only,Appointments only,,,
53,4 paws pet hospital,(661) 397-3767,4201 Mexicali Dr,Bakersfield,93313,General Practice,"Tuesday: 8:00 AM – 5:00 PM
Wednesday: 8:00 AM – 5:00 PM
Thursday: 8:00 AM – 5:00 PM
Friday: 8:00 AM – 5:00 PM
Saturday: 8:00 AM – 5:00 PM
Sunday: 8:00 AM – 5:00 PM",Called - Got Prices,,Yes,Yes,,,$73,,$45 - $50,$45 - $50,,,$45 - $50,$45 - $50,$45 - $50,,,Around $600 - $900,Around $600 - $900,Starts at $900,don't do without anethesia ,,,,Appointments only,Appointments only,,,
54,Allen Road Pet Hospital,(661) 588-7256,2500 Allen Rd,Bakersfield,93314,General Practice,"Tuesday: 9:00 AM – 4:00 PM
Wednesday: 9:00 AM – 4:00 PM
Thursday: 9:00 AM – 4:00 PM
Friday: 9:00 AM – 4:00 PM
Saturday: 9:00 AM – 4:00 PM",No Answer,Call Back Later,No,No,,,,,,,,,,,,,,,,,,,,,,,,,
55,Animal Emergency & Urgent Care,(661) 322-6019,4300 Easton Dr,Bakersfield,93309,General Practice,Monday: Open 24 hours,Called - Got Prices,,Yes,Yes,,,$185 exam and consultation,,Do not do Vaccines. Emergency only,Do not do Vaccines. Emergency only,,,Do not do Vaccines. Emergency only,Do not do Vaccines. Emergency only,Do not do Vaccines. Emergency only,,,Do not do Vaccines. Emergency only,Do not do Vaccines. Emergency only,Do not do Vaccines. Emergency only,Do not do Vaccines. Emergency only,,,,$185 exam and consultation,$185 exam and consultation,,,
56,Auburn Animal Hospital,(661) 872-0363,3713 Auburn St,Bakersfield,93306,General Practice,"Tuesday: 8:00 AM – 5:30 PM
Wednesday: 8:00 AM – 5:30 PM
Thursday: 8:00 AM – 5:30 PM
Friday: 8:00 AM – 5:30 PM
Saturday: 8:00 AM – 5:30 PM",Called - Got Prices,,Yes,Yes,,,$65,,$24,$36,,,$25,$36,$28,,,Starts at 250 and can go up depending on the weight,Starts at 250 and can go up depending on the weight,Starts at $500,don't do without anethesia ,,,,Appointments only,Appointments only,,,
57,Bakersfield Large Animal Hospital,(661) 832-1150,5429 Taft Hwy,Bakersfield,93313,General Practice,"Tuesday: 8:00 AM – 5:00 PM
Wednesday: 8:00 AM – 5:00 PM
Thursday: 8:00 AM – 5:00 PM
Friday: 8:00 AM – 5:00 PM
Saturday: 8:00 AM – 5:00 PM
Sunday: 8:00 AM – 4:00 PM",Called - Refused,Declined to Share,,,,They only do Livestock animals,,,,,,,,,,,,,,,,,,,,,,what is the basic exam fee to be seen?,
58,Bakersfield Pet Vet Hospital,(661) 589-1234,9339 Rosedale Hwy # H,Bakersfield,93312,General Practice,"Tuesday: 8:00 AM – 5:00 PM
Wednesday: 8:00 AM – 5:00 PM
Thursday: 8:00 AM – 5:00 PM
Friday: 8:00 AM – 5:00 PM
Saturday: 8:00 AM – 5:00 PM
Sunday: 8:00 AM – 12:00 PM",Called - Got Prices,,Yes,Yes,,,$55,,Needs Consultation before giving estimates,Needs Consultation before giving estimates,,,Needs Consultation before giving estimates,Needs Consultation before giving estimates,Needs Consultation before giving estimates,,,Needs Consultation before giving estimates,Needs Consultation before giving estimates,Needs Consultation before giving estimates,Needs Consultation before giving estimates,,,,$85,$85,,,
59,Bakersfield Regional Veterinary Surgical Specialty,(661) 200-7824,35171 Merle Haggard Dr ste f,Bakersfield,93308,General Practice,"Tuesday: 7:00 AM – 5:00 PM
Wednesday: 7:00 AM – 5:00 PM",,,,,,,,,,,,,,,,,,,,,,,,,,,,,
60,Cooke's Veterinary Hospital,(661) 323-1130,3232 Landco Dr A,Bakersfield,93308,General Practice,"Tuesday: 8:00 AM – 12:00 PM
Tuesday: 1:00 PM – 4:30 PM
Wednesday: 8:00 AM – 12:00 PM
Wednesday: 1:00 PM – 4:30 PM
Thursday: 8:00 AM – 12:00 PM
Thursday: 1:00 PM – 4:30 PM
Friday: 8:00 AM – 12:00 PM
Friday: 1:00 PM – 4:30 PM
Saturday: 8:00 AM – 12:00 PM
Saturday: 1:00 PM – 4:30 PM",Voicemail Left,,,,,,,,,,,,,,,,,,,,,,,,,,,,
61,Critters Without Litters,(661) 831-6000,4300 Stine Rd Suite 720,Bakersfield,93313,General Practice,"Tuesday: 7:00 AM – 5:00 PM
Wednesday: 7:00 AM – 5:00 PM
Thursday: 7:00 AM – 5:00 PM
Friday: 7:00 AM – 5:00 PM",Called - Got Prices,,Yes,,,,,,$18,$18,,,$18,$30,$18,,,$150,$140,,,,,,,,,,
62,Mt. Vernon Veterinary Hospital,(661) 327-7536,2120 E California Ave,Bakersfield,93307,General Practice,"Tuesday: 8:00 AM – 12:00 PM
Tuesday: 1:30 PM – 5:30 PM
Wednesday: 8:00 AM – 12:00 PM
Wednesday: 1:30 PM – 5:30 PM
Thursday: 8:00 AM – 12:00 PM
Thursday: 1:30 PM – 5:30 PM
Friday: 8:00 AM – 12:00 PM
Friday: 1:30 PM – 5:30 PM
Saturday: 8:00 AM – 12:00 PM
Saturday: 1:30 PM – 5:30 PM",No Answer,Call Back Later,,,,,,,,,,,,,,,,,,,,,,,,,,,
63,Nile Point Veterinary Hospital,(661) 327-9516,2007 Niles St,Bakersfield,93305,General Practice,"Tuesday: 8:00 AM – 5:30 PM
Wednesday: 8:00 AM – 5:30 PM
Thursday: 8:00 AM – 12:00 PM
Friday: 8:00 AM – 5:30 PM
Saturday: 8:00 AM – 5:30 PM",No Answer,Call Back Later,,,,,,,,,,,,,,,,,,,,,,,,,,,
64,Olive Drive Animal Hospital,(661) 393-1213,1105 Roberts Ln,Bakersfield,93308,General Practice,"Tuesday: 8:00 AM – 5:00 PM
Wednesday: 8:00 AM – 5:00 PM
Friday: 8:00 AM – 5:00 PM
Saturday: 8:00 AM – 5:00 PM",No Answer,,,,,,,,,,,,,,,,,,,,,,,,,,,,
65,Sillect Care Animal Hospital,(661) 326-7400,3920 Sillect Ave,Bakersfield,93308,General Practice,"Tuesday: 8:00 AM – 5:00 PM
Wednesday: 8:00 AM – 5:00 PM
Thursday: 8:00 AM – 5:00 PM
Friday: 8:00 AM – 12:00 PM
Saturday: 8:00 AM – 5:00 PM",Callback Requested,,,,,,,,,,,,,,,,,,,,,,,,,,,,
66,Southwest Veterinary Hospital,(661) 327-5719,2905 Brundage Ln,Bakersfield,93304,General Practice,"Tuesday: 8:00 AM – 12:00 PM
Tuesday: 1:30 PM – 4:30 PM
Wednesday: 8:00 AM – 12:00 PM
Wednesday: 1:30 PM – 4:30 PM
Thursday: 8:00 AM – 12:00 PM
Thursday: 1:30 PM – 4:30 PM
Friday: 8:00 AM – 12:00 PM
Friday: 1:30 PM – 4:30 PM
Saturday: 8:00 AM – 12:00 PM
Saturday: 1:30 PM – 4:30 PM
Sunday: 8:00 AM – 12:00 PM",Called - Refused,Declined to Share,No,,,,,,,,,,,,,,,,,,,,,,,,,,
67,Stiern Veterinary Hospital,(661) 327-5571,17 Monterey St,Bakersfield,93305,General Practice,"Tuesday: 7:30 AM – 12:00 PM
Tuesday: 1:30 PM – 4:30 PM
Wednesday: 7:30 AM – 12:00 PM
Wednesday: 1:30 PM – 4:30 PM
Thursday: 7:30 AM – 12:00 PM
Thursday: 1:30 PM – 4:30 PM
Friday: 7:30 AM – 12:00 PM
Friday: 1:30 PM – 4:30 PM
Saturday: 7:30 AM – 12:00 PM
Saturday: 1:30 PM – 4:30 PM",No Answer,,,,,,,,,,,,,,,,,,,,,,,,,,,,
68,Stine Veterinary Hospital,(661) 398-7121,4450 Stine Rd STE A,Bakersfield,93313,General Practice,"Tuesday: 8:00 AM – 5:00 PM
Wednesday: 8:00 AM – 5:00 PM
Thursday: 8:00 AM – 5:00 PM
Friday: 8:00 AM – 5:00 PM
Saturday: 8:00 AM – 5:00 PM",Called - Got Prices,,Yes,Yes,,,109,No technician fee,35,56,,,42,55,38,,,752,325,Needs Consultation before giving estimates,Needs Consultation before giving estimates,,,,Appointments only,Appointments only,,,
69,Stockdale Veterinary Hospital,(661) 832-7814,6400 Nottingham Ln,Bakersfield,93309,General Practice,"Tuesday: 8:00 AM – 12:00 PM
Tuesday: 2:00 PM – 5:30 PM
Wednesday: 8:00 AM – 12:00 PM
Wednesday: 2:00 PM – 5:30 PM
Thursday: 8:00 AM – 12:00 PM
Thursday: 2:00 PM – 5:30 PM
Friday: 8:00 AM – 12:00 PM
Friday: 2:00 PM – 5:30 PM
Saturday: 8:00 AM – 12:00 PM
Saturday: 2:00 PM – 5:30 PM",Called - Refused,,No,,,,,,,,,,,,,,,,,,,,,,,,,,
70,Thurman Veterinary Center,(661) 589-9900,12816 Jomani Dr,Bakersfield,93312,General Practice,"Tuesday: 8:00 AM – 5:00 PM
Wednesday: 8:00 AM – 5:00 PM
Thursday: 8:00 AM – 5:00 PM
Friday: 8:00 AM – 5:00 PM
Saturday: 8:00 AM – 5:00 PM",No Answer,,,,,,,,,,,,,,,,,,,,,,,,,,,,
71,VCA Bakersfield Animal Hospital,(661) 327-4444,8610 Harris Rd,Bakersfield,93311,General Practice,Monday: Open 24 hours,Called - Got Prices,,Yes,Yes,,They are emergency clinics only,$179.25,,Does not do vaccines,Does not do vaccines,,,Does not do vaccines,Does not do vaccines,Does not do vaccines,,,Do not do Spay,Does not do Neuter,Does not do Dental,,,,,$179.25,$179.25,,,
72,Tender Loving Care Animal Hospital,(626) 960-6495,1840 Puente Ave,Baldwin Park,91706,General Practice,"Tuesday: 9:00 AM – 5:00 PM
Wednesday: 1:00 PM – 5:00 PM
Thursday: 9:00 AM – 12:00 PM
Friday: 9:00 AM – 5:00 PM
Saturday: 9:00 AM – 5:00 PM
Sunday: 9:00 AM – 12:00 PM",Called - Got Prices,,Yes,Yes,,,$67,,$160 for the 5 in 1 Vaccine,$160 for the 5 in 1 Vaccine,,,$160 for the 5 in 1 Vaccine,$160 for the 5 in 1 Vaccine,$160 for the 5 in 1 Vaccine,,,Needs Consultation before giving estimates,Needs Consultation before giving estimates,Needs Consultation before giving estimates,Needs Consultation before giving estimates,,,,$67,$67,,,
73,Banning Veterinary Hospital,(951) 849-3864,3559 W Ramsey St Suite E,Banning,92220,General Practice,"Tuesday: 8:00 AM – 11:00 PM
Wednesday: 8:00 AM – 11:00 PM
Thursday: 8:00 AM – 11:00 PM
Friday: 8:00 AM – 11:00 PM
Saturday: 8:00 AM – 11:00 PM
Sunday: 8:00 AM – 12:00 PM",No Answer,Call Back Later,,,,,,,,,,,,,,,,,,,,,,,,,,,
74,Bear Valley Animal Clinic,(805) 528-0693,2021 11th St,Baywood-Los Osos,93402,General Practice,"Tuesday: 8:30 AM – 5:30 PM
Wednesday: 8:30 AM – 5:30 PM
Thursday: 8:30 AM – 5:30 PM
Friday: 8:30 AM – 5:30 PM
Saturday: 8:30 AM – 5:30 PM",Called - Refused,Declined to Share,No,,,,,,,,,,,,,,,,,,,,,,,,,,
75,Above and Beyond Animal Care,(530) 487-0939,22509 Old Alturas Rd,Bella Vista,96008,General Practice,"Tuesday: 7:30 AM – 5:30 PM
Wednesday: 7:30 AM – 5:30 PM
Thursday: 7:30 AM – 5:30 PM
Friday: 7:30 AM – 5:30 PM
Saturday: 7:30 AM – 5:30 PM",Called - Got Prices,,Yes,Yes,,,$95,No Vet Tech Fee,$40,$52,,,$42,$55,$44,,,$465,$420,Needs Consultation before giving estimates,Needs Consultation before giving estimates,,,,it varies on the hours,it varieson the hours,,,
76,Belmont Pet Hospital,(650) 593-3161,539 Harbor Blvd,Belmont,94002,General Practice,"Monday: 8:00 AM – 5:30 PM
Tuesday: 8:00 AM – 5:30 PM
Wednesday: 8:00 AM – 5:30 PM
Thursday: 8:00 AM – 5:30 PM
Friday: 8:00 AM – 5:30 PM
Saturday: Closed
Sunday: Closed",Called - Got Prices,,Yes,No,,,$120,No technician Fee,Needs Consultation before giving estimates,Needs Consultation before giving estimates,,,Needs Consultation before giving estimates,Needs Consultation before giving estimates,Needs Consultation before giving estimates,,,Needs Consultation before giving estimates,Needs Consultation before giving estimates,Needs Consultation before giving estimates,Needs Consultation before giving estimates,,,,Appointments Only,Appointments Only,,,
77,San Francisco Equine Inc,(650) 654-1260,519 Marine View Ave # A,Belmont,94002,General Practice,,Disconnected,,,,,Horse Clinic Only,,,,,,,,,,,,,,,,,,,,,,,
78,Animal Clinic of Benicia,(707) 745-5993,402 Military E,Benicia,94510,General Practice,"Monday: 9:00 AM – 5:00 PM
Tuesday: 9:00 AM – 5:00 PM
Wednesday: 9:00 AM – 5:00 PM
Thursday: 9:00 AM – 5:00 PM
Friday: 9:00 AM – 5:00 PM
Saturday: 9:00 AM – 5:00 PM
Sunday: 9:00 AM – 5:00 PM",No Answer,Call Back Later,,,,,,,,,,,,,,,,,,,,,,,,,,,
79,Benicia Cat Clinic,(707) 745-2287,1410 E 2nd St,Benicia,94510,General Practice,"Monday: 9:00 AM – 12:00 PM, 1:30 – 5:00 PM
Tuesday: 9:00 AM – 12:00 PM, 1:30 – 5:00 PM
Wednesday: 9:00 AM – 12:00 PM, 1:30 – 5:00 PM
Thursday: 9:00 AM – 12:00 PM, 1:30 – 5:00 PM
Friday: 9:00 AM – 12:00 PM, 1:30 – 5:00 PM
Saturday: Closed
Sunday: Closed",Called - Refused,,,,,Cat Clinic Only,,,,,,,,,,,,,,,,,,,,,,,
80,Pets at Peace,(707) 567-1597,375 E O St,Benicia,94510,General Practice,"Monday: 1:00 – 7:00 PM
Tuesday: 1:00 – 7:00 PM
Wednesday: 1:00 – 7:00 PM
Thursday: 1:00 – 7:00 PM
Friday: 1:00 – 7:00 PM
Saturday: Closed
Sunday: 1:00 – 7:00 PM",No Answer,Call Back Later,,,,,,,,,,,,,,,,,,,,,,,,,,,
81,VCA Benicia Animal Hospital,(707) 745-4600,335 Military W,Benicia,94510,General Practice,"Monday: 8:00 AM – 6:00 PM
Tuesday: 8:00 AM – 6:00 PM
Wednesday: 8:00 AM – 6:00 PM
Thursday: 8:00 AM – 6:00 PM
Friday: 8:00 AM – 6:00 PM
Saturday: Closed
Sunday: Closed",Called - Got Prices,,Yes,Yes,,,$141,No Vet Tech Fee,Range From $85 - $95 ,Range From $85 - $95 ,,,Range From $85 - $95 ,Range From $85 - $95 ,Range From $85 - $95 ,,,Starts at $800 - $1000,Starts at $800 - $1000,Needs Consultation before giving estimates,Needs Consultation before giving estimates,,,,Appointments Only,Appointments Only,,,
82,Berkeley Animal Hospital,(510) 455-2226,2709 San Pablo Ave Suite A,Berkeley,94702,General Practice,"Monday: 9:00 AM – 7:00 PM
Tuesday: 9:00 AM – 7:00 PM
Wednesday: 9:00 AM – 7:00 PM
Thursday: 9:00 AM – 7:00 PM
Friday: 9:00 AM – 7:00 PM
Saturday: 9:00 AM – 7:00 PM
Sunday: 9:00 AM – 7:00 PM",No Answer,Call Back Later,,,,,,,,,,,,,,,,,,,,,,,,,,,
83,Berkeley Dog & Cat Hospital,(341) 253-0646,2126 Haste St,Berkeley,94704,General Practice,Monday: Open 24 hours,Called - Got Prices,,Yes,Yes,,,$120,No Vet Tech Fee,Needs Consultation before giving estimates,Needs Consultation before giving estimates,,,Needs Consultation before giving estimates,Needs Consultation before giving estimates,Needs Consultation before giving estimates,,,Needs Consultation before giving estimates,Needs Consultation before giving estimates,Needs Consultation before giving estimates,Needs Consultation before giving estimates,,,,$187,$187,,,
84,Berkeley Humane,(510) 845-7735,2700 Ninth St,Berkeley,94710,General Practice,"Monday: 9:00 AM – 5:00 PM
Tuesday: 9:00 AM – 5:00 PM
Wednesday: 9:00 AM – 5:00 PM
Thursday: 9:00 AM – 5:00 PM
Friday: 9:00 AM – 5:00 PM
Saturday: 9:00 AM – 5:00 PM
Sunday: 9:00 AM – 5:00 PM",No Answer,Call Back Later,,,,,,,,,,,,,,,,,,,,,,,,,,,
85,Campus Veterinary Clinic,(510) 549-1252,1807 Martin Luther King Jr Way,Berkeley,94709,General Practice,"Tuesday: 7:30 AM – 6:00 PM
Wednesday: 7:30 AM – 6:00 PM
Thursday: 7:30 AM – 6:00 PM
Friday: 7:30 AM – 6:00 PM
Saturday: 7:30 AM – 6:00 PM",Called - Got Prices,,Yes,Yes,,,$118,No Vet Tech Fee,$52,$56,,,$56,$78,$56,,,Needs Consultation before giving estimates,Needs Consultation before giving estimates,Needs Consultation before giving estimates,Needs Consultation before giving estimates,,,,Appointments Only,Appointments Only,,,
86,"Mark Matteucci, DVM",(510) 848-5041,2126 Haste St,Berkeley,94704,General Practice,,Called - Got Prices,,Yes,Yes,,,$120,No Vet Tech Fee,Needs Consultation before giving estimates,Needs Consultation before giving estimates,,,Needs Consultation before giving estimates,Needs Consultation before giving estimates,Needs Consultation before giving estimates,,,Needs Consultation before giving estimates,Needs Consultation before giving estimates,Needs Consultation before giving estimates,Needs Consultation before giving estimates,,,,$187,$187,,,
87,Modern Animal Berkeley,(341) 234-3422,760 Hearst Ave,Berkeley,94710,General Practice,"Monday: 8:00 AM – 6:00 PM
Tuesday: 8:00 AM – 6:00 PM
Wednesday: 8:00 AM – 6:00 PM
Thursday: 8:00 AM – 6:00 PM
Friday: 8:00 AM – 6:00 PM
Saturday: 8:00 AM – 6:00 PM",No Answer,Call Back Later,,,,,,,,,,,,,,,,,,,,,,,,,,,
88,Phimister Beth DVM,(510) 528-0797,400 Colusa Ave,Berkeley,94707,General Practice,"Monday: 8:30 AM – 6:00 PM
Tuesday: 8:30 AM – 6:00 PM
Wednesday: 8:30 AM – 6:00 PM
Thursday: 8:30 AM – 6:00 PM
Friday: 8:30 AM – 6:00 PM
Saturday: 8:00 AM – 1:00 PM
Sunday: Closed",Called - Got Prices,,Yes,Yes,,,$115,No Vet Tech Fee but there is a $9 additional for bio-hazzard waste,$45.23,$27.97,,,$56.24,$86,$42.15,,,Needs Consultation before giving estimates,Needs Consultation before giving estimates,Needs Consultation before giving estimates,Needs Consultation before giving estimates,,,,Appointments Only,Appointments Only,,,
89,Spay the Bay,(510) 845-7735 ext. 203,2700 Ninth St,Berkeley,94710,General Practice,,,,,,,,,,,,,,,,,,,,,,,,,,,,,,
90,University Vet Hospital,(510) 841-4412,2002 Sixth St,Berkeley,94710,General Practice,"Tuesday: 8:00 AM – 6:00 PM
Wednesday: 8:00 AM – 6:00 PM
Thursday: 8:00 AM – 6:00 PM
Friday: 8:00 AM – 6:00 PM
Saturday: 8:00 AM – 6:00 PM
Sunday: 8:00 AM – 5:00 PM",Called - Got Prices,,Yes,Yes,,,$120,,Around $50 - $60,Around $50 - $60,,,Around $50 - $60,Around $50 - $60,Around $50 - $60,,,Starts at $1500 and up,Starts at $1500 and up,Starts at $1500 and up,Starts at $1500 and up,,,,Appointments Only,Appointments Only,,,
91,Wags 'n Wellness,(415) 340-1213,1510 Walnut St,Berkeley,94709,General Practice,,,,,,,,,,,,,,,,,,,,,,,,,,,,,,
92,"Wendy Beers, DVM",(510) 526-2053,1550 Solano Ave,Berkeley,94707,General Practice,"Monday: 8:00 AM – 7:00 PM
Tuesday: 8:00 AM – 7:00 PM
Wednesday: 8:00 AM – 7:00 PM
Thursday: 8:00 AM – 7:00 PM
Friday: 8:00 AM – 7:00 PM
Saturday: 8:00 AM – 7:00 PM
Sunday: Closed",No Answer,Call Back Later,,,,,,,,,,,,,,,,,,,,,,,,,,,
93,VCA Desert Dunes Animal Hospital,(760) 345-8227,42430 Washington St,Bermuda Dunes,92203,General Practice,"Tuesday: 7:30 AM – 5:30 PM
Wednesday: 7:30 AM – 5:30 PM
Thursday: 7:30 AM – 5:30 PM
Friday: 7:30 AM – 5:30 PM
Saturday: 7:30 AM – 5:30 PM",Called - Got Prices,,Yes,Yes,,,$120,,Ranges from $45 - $75,Ranges from $45 - $75,,,Ranges from $45 - $75,Ranges from $45 - $75,Ranges from $45 - $75,,,Ranges From $950 - $1500,Ranges From $950 - $1500,Starts at $2500,,,,,Appointments Only,Appointments Only,,,
94,Bonita Pet Care Animal Hospital,(619) 267-7387,5080 Bonita Rd E & F,Bonita,91902,General Practice,"Tuesday: 9:00 AM – 5:00 PM
Wednesday: 9:00 AM – 5:00 PM
Thursday: 9:00 AM – 6:00 PM
Friday: 9:00 AM – 5:00 PM
Saturday: 9:00 AM – 5:00 PM
Sunday: 9:00 AM – 5:00 PM",Called - Got Prices,,Yes,Yes,,,$74,No technician Fee,$25,$35,,,$25,$47,$37,,, Starts at $300 to $500 includes microchip and labworks,$470 includes microchip and labworks,Starts at $775 ,Starts at $775 ,,,,$104,$104,,,
95,Town & Country Animal Hospital,(619) 479-3311,4055 Bonita Rd,Bonita,91902,General Practice,"Tuesday: 8:30 AM – 6:00 PM
Wednesday: 8:30 AM – 6:00 PM
Thursday: 8:30 AM – 6:00 PM
Friday: 8:30 AM – 6:00 PM
Saturday: 8:30 AM – 6:00 PM
Sunday: 8:00 AM – 5:00 PM",Called - Got Prices,,Yes,Yes,,,71.75,No technician Fee,$40,$40,,,$40,$40,$40,,,Starts at $1200,Starts at $1200,Starts at $1200,Starts at $1200,,,,Appointments Only,Appointments Only,,,
96,Beverly Oaks Animal Hospital,(818) 788-2022,14302 Ventura Blvd,Boulevard,91423,General Practice,"Monday: 8:00 AM – 6:00 PM
Tuesday: 8:00 AM – 6:00 PM
Wednesday: 8:00 AM – 6:00 PM
Thursday: 8:00 AM – 6:00 PM
Friday: 8:00 AM – 6:00 PM
Saturday: 8:00 AM – 6:00 PM
Sunday: 8:00 AM – 6:00 PM",Called - Got Prices,,Yes,No,,,$85,No technician Fee,Needs Consultation before giving estimates,Needs Consultation before giving estimates,,,Needs Consultation before giving estimates,Needs Consultation before giving estimates,Needs Consultation before giving estimates,,,Needs Consultation before giving estimates,Needs Consultation before giving estimates,Needs Consultation before giving estimates,Needs Consultation before giving estimates,,,,Appointments Only,Appointments Only,,,
97,Brentwood Family Pet Care,(925) 240-7387,121 Sand Creek Rd suite b,Brentwood,94513,General Practice,"Tuesday: 7:00 AM – 7:00 PM
Wednesday: 7:00 AM – 7:00 PM
Thursday: 7:00 AM – 7:00 PM
Friday: 7:00 AM – 7:00 PM
Saturday: 7:00 AM – 7:00 PM",Called - Got Prices,,Yes,Yes,,,$87.15,$32,$41,$55,,,$55,$55,$55,,,Starts $700 to $800,Starts $700 to $800,Starts $1100 includes bloodwork and X-ray,Starts $700 to $800,,,,$95,$95,,,
98,Brentwood Veterinary Hospital,(925) 634-1177,4519 O'Hara Ave,Brentwood,94513,General Practice,"Tuesday: 8:00 AM – 6:00 PM
Wednesday: 8:00 AM – 6:00 PM
Thursday: 8:00 AM – 6:00 PM
Friday: 8:00 AM – 6:00 PM
Saturday: 8:00 AM – 5:00 PM
Sunday: 9:00 AM – 2:00 PM",Called - Got Prices,,Yes,Yes,,,$120,$30,Ranges From $50 to $70,Ranges From $50 to $70,,,Ranges From $50 to $70,Ranges From $50 to $70,Ranges From $50 to $70,,,Needs Consultation before giving estimates,Needs Consultation before giving estimates,Needs Consultation before giving estimates,Needs Consultation before giving estimates,,,,Appointments Only,Appointments Only,,,
99,Central Boulevard Veterinary Hospital,(925) 684-4443,1280 Central Blvd D,Brentwood,94513,General Practice,"Monday: 9:30 AM – 6:00 PM
Tuesday: 9:30 AM – 7:00 PM
Wednesday: 9:30 AM – 7:00 PM
Thursday: 9:30 AM – 7:00 PM
Friday: 9:30 AM – 7:00 PM
Saturday: 9:30 AM – 7:00 PM
Sunday: 9:30 AM – 7:00 PM",Called - Got Prices,,Yes,Yes,,,$55,No technician Fee,Ranges From $60 - $80,Ranges From $60 - $80,,,Ranges From $60 - $80,Ranges From $60 - $80,Ranges From $60 - $80,,,Starts at $685,Starts at $685,Around $750,Around $750,,,,Appointments Only,Appointments Only,,,
100,Fairview Animal Hospital,(925) 626-7284,"3111- C, Balfour Rd",Brentwood,94513,General Practice,"Tuesday: 8:00 AM – 8:00 PM
Wednesday: 8:00 AM – 8:00 PM
Thursday: 8:00 AM – 8:00 PM
Friday: 8:00 AM – 8:00 PM
Saturday: 8:00 AM – 8:00 PM
Sunday: 8:00 AM – 4:00 PM",Called - Got Prices,,Yes,Yes,,,$65,No technician Fee,$40,$40,,,$40,$40,$40,,,480 including medication. Additional 200 for blood work,Starts at $330 including medication. additional 200 for blood work,Starts at $800,Starts at $800,,,,$125,$125,,,
101,Lone Tree Animal Care,(925) 450-3800,6800 Lone Tree Wy Suite 1,Brentwood,94513,General Practice,"Monday: 9:00 AM – 8:00 PM
Tuesday: 8:00 AM – 8:00 PM
Wednesday: 8:00 AM – 8:00 PM
Thursday: 8:00 AM – 8:00 PM
Friday: 8:00 AM – 8:00 PM
Saturday: 8:00 AM – 8:00 PM
Sunday: 9:00 AM – 8:00 PM",Called - Got Prices,,Yes,Yes,,,EXACT $57,No technician Fee,RANGES $40 to $60,RANGES $40 to $60,,,RANGES $40 to $60,RANGES $40 to $60,RANGES $40 to $60,,,STARTING AT $460,STARTING AT $440,STARTING at $550,STARTING at $550,,,,EXACT $85,EXACT $85,,,
102,Moore's Mobile Veterinary Services,(925) 672-8700,"C, 2420 Sand Creek Rd #111",Brentwood,94513,General Practice,"Tuesday: 9:00 AM – 5:00 PM
Wednesday: 9:00 AM – 5:00 PM
Thursday: 9:00 AM – 5:00 PM
Friday: 9:00 AM – 5:00 PM
Saturday: 9:00 AM – 5:00 PM",No Answer,Call Back Later,,,,,,,,,,,,,,,,,,,,,,,,,,,
103,Valley View Pet Hospital,(925) 306-4925,4421 Balfour Rd,Brentwood,94513,General Practice,"Tuesday: 9:00 AM – 6:00 PM
Wednesday: 9:00 AM – 6:00 PM
Friday: 9:00 AM – 6:00 PM
Saturday: 9:00 AM – 6:00 PM
Sunday: 9:00 AM – 6:00 PM",Called - Got Prices,,Yes,Yes,,,EXACT $75,No technician Fee,Ranges $60 - $65,Ranges $60 - $65,,,Ranges $60 - $65,Ranges $60 - $65,Ranges $60 - $65,,,Starting $800,Starting $800,Starting $1100,Starting $1100,,,,EXACT $100,EXACT $75,,,
104,Buellton Veterinary Clinic,(805) 688-2334,914 W Hwy 246,Buellton,93427,General Practice,"Tuesday: 8:00 AM – 5:30 PM
Wednesday: 8:00 AM – 5:30 PM
Thursday: 8:00 AM – 5:30 PM
Friday: 8:00 AM – 5:30 PM
Saturday: 8:00 AM – 5:30 PM
Sunday: 8:00 AM – 5:30 PM",Called - Got Prices,,Yes,,,,EXACT $92,No technician Fee,RANGES $60 - $65,RANGES $60 - $65,,,RANGES $60 - $65,RANGES $60 - $65,RANGES $60 - $65,,,STARTING $1500,STARTING $1500,STARTING $1500,STARTING $1500,,,,Appoinments Only,Appoinments Only,,,
105,Burlingame Family Pet Hospital,(650) 272-0122,1808 Magnolia Ave,Burlingame,94010,General Practice,"Monday: 8:00 AM – 7:00 PM
Tuesday: 8:00 AM – 7:00 PM
Wednesday: 8:00 AM – 7:00 PM
Thursday: 8:00 AM – 7:00 PM
Friday: 8:00 AM – 7:00 PM
Saturday: 9:00 AM – 6:00 PM
Sunday: 9:00 AM – 6:00 PM",Called - Got Prices,,Yes,Yes,,,EXACT $105,No technician Fee,EXACT $66.3,EXACT $71.16,,,EXACT $56,EXACT $90.99,EXAC79.25,,,Needs Consultation before giving estimates,Needs Consultation before giving estimates,Needs Consultation before giving estimates,Needs Consultation before giving estimates,,,,EXACT $250,EXACT $170,,,
106,Camino Real Pet Clinic,(650) 344-5711,1317 Bayswater Ave,Burlingame,94010,General Practice,"Monday: 8:00 AM – 5:30 PM
Tuesday: 8:00 AM – 5:30 PM
Wednesday: 8:00 AM – 5:30 PM
Thursday: 8:00 AM – 5:30 PM
Friday: 8:00 AM – 5:30 PM
Saturday: 8:00 AM – 12:00 PM
Sunday: Closed",Called - Got Prices,,No,Yes,,,EXACT $112,No technician Fee,RANGES $40 TO $100,RANGES $40 TO $100,,,RANGES $40 TO $100,RANGES $40 TO $100,RANGES $40 TO $100,,,Needs Consultation before giving estimates,Needs Consultation before giving estimates,Needs Consultation before giving estimates,Needs Consultation before giving estimates,,,,EXACT $200,EXACT $170,,,
107,Dr. Treat - Burlingame,(650) 590-5414,220 Primrose Rd,Burlingame,94010,General Practice,"Monday: 8:00 AM – 6:00 PM
Tuesday: 8:00 AM – 6:00 PM
Wednesday: 8:00 AM – 6:00 PM
Thursday: 8:00 AM – 6:00 PM
Friday: 8:00 AM – 6:00 PM
Saturday: Closed
Sunday: Closed",Called - Got Prices,,Yes,Yes,,,EXACT $89,No technician Fee,EXACT $50,EXACT $45,,,EXACT $54,EXACT $79,EXACT $54,,,STARTS $960 TO $1200,STARTS $960 TO $1200,STARTS $1200,,,,,EXACT $149,EXACT $149,,,
108,Look Ahead Veterinary Hospital,(530) 534-0722,1451 Clark Rd,Butte Valley,95965,General Practice,"Tuesday: 8:00 AM – 1:00 PM
Tuesday: 2:00 PM – 5:00 PM
Wednesday: 8:00 AM – 1:00 PM
Wednesday: 2:00 PM – 5:00 PM
Thursday: 8:00 AM – 1:00 PM
Thursday: 2:00 PM – 5:00 PM
Friday: 8:00 AM – 1:00 PM
Friday: 2:00 PM – 5:00 PM
Saturday: 8:00 AM – 1:00 PM
Saturday: 2:00 PM – 5:00 PM",Called - Got Prices,,,,,,,,,,,,,,,,,,,,,,,,,,,,
109,Calimesa Vet Clinic,(909) 795-0030,980 Calimesa Blvd,Calimesa,92320,General Practice,"Tuesday: 8:00 AM – 7:00 PM
Wednesday: 8:00 AM – 7:00 PM
Thursday: 8:00 AM – 7:00 PM
Friday: 8:00 AM – 7:00 PM
Saturday: 8:00 AM – 7:00 PM
Sunday: 8:00 AM – 7:00 PM",Called - Got Prices,,,,,,EXACT $59,No technician Fee,Ranges $19 - $30,Ranges $19 - $30,,,Ranges $19 - $30,Ranges $19 - $30,Ranges $19 - $30,,,Needs Consultation before giving estimates,Needs Consultation before giving estimates,Needs Consultation before giving estimates,Needs Consultation before giving estimates,,,,EXACT $79,EXACT $79,,,
110,Calistoga Pet Clinic,(707) 942-0404,2960 Foothill Blvd,Calistoga,94515,General Practice,"Tuesday: 9:00 AM – 1:00 PM
Tuesday: 2:00 PM – 5:30 PM
Wednesday: 9:00 AM – 1:00 PM
Wednesday: 2:00 PM – 5:30 PM
Thursday: 9:00 AM – 1:00 PM
Thursday: 2:00 PM – 5:30 PM
Friday: 9:00 AM – 1:00 PM
Friday: 2:00 PM – 5:30 PM
Saturday: 9:00 AM – 1:00 PM
Saturday: 2:00 PM – 5:30 PM",Called - Got Prices,,Yes,Yes,,,EXACT $90,EXACT $30,RANGES $35 - $50,RANGES $35 - $50,,,RANGES $35 - $50,RANGES $35 - $50,RANGES $35 - $50,,,Needs Consultation before giving estimates,Needs Consultation before giving estimates,Needs Consultation before giving estimates,Needs Consultation before giving estimates,,,,EXACT $125,EXACT $125,,,
111,Fond Farewell In Home Euthanasia,(408) 599-7113,1608 W Campbell Ave #211,Campbell,95008,General Practice,"Monday: 4:00 AM – 3:00 PM
Tuesday: 4:00 AM – 5:00 PM
Wednesday: 4:00 AM – 5:00 PM
Thursday: 4:00 AM – 5:00 PM
Friday: 4:00 AM – 5:00 PM
Saturday: 4:00 AM – 5:00 PM
Sunday: 4:00 AM – 3:00 PM",No Answer,,,,,Euthanasia Only,,,,,,,,,,,,,,,,,,,,,,,
112,Canyon Lake Veterinary Hospital,(951) 244-3401,31704 Railroad Canyon Rd,Canyon Lake,92587,General Practice,"Tuesday: 8:00 AM – 8:00 PM
Wednesday: 8:00 AM – 8:00 PM
Thursday: 8:00 AM – 8:00 PM
Friday: 8:00 AM – 8:00 PM
Saturday: 8:00 AM – 8:00 PM
Sunday: 8:00 AM – 8:00 PM",Called - Got Prices,,Yes,Yes,,,EXACT $60,No technician Fee,Ranges $15 - $25,Ranges $15 - $25,,,Ranges $15 - $25,Ranges $15 - $25,Ranges $15 - $25,,,Needs Consultation before giving estimates,Needs Consultation before giving estimates,Needs Consultation before giving estimates,Needs Consultation before giving estimates,,,,EXACT $125,EXACT $125,,,
113,Not Just 4 Paws Animal Hospital,(951) 244-4199,31564 Railroad Canyon Rd,Canyon Lake,92587,General Practice,"Tuesday: 8:00 AM – 6:00 PM
Wednesday: 8:00 AM – 6:00 PM
Thursday: 8:00 AM – 6:00 PM
Friday: 8:00 AM – 6:00 PM
Saturday: 8:00 AM – 6:00 PM
Sunday: 9:00 AM – 4:00 PM",Called - Got Prices,,Yes,Yes,,,EXACT $78.50,EXACT $12,Ranges $25 - $40,Ranges $25 - $40,,,Ranges $25 - $40,Ranges $25 - $40,Ranges $25 - $40,,,STARTING $820,STARTING $740,STARTING $850,STARTING $850,,,,EXACT $120,EXACT $120,,,
114,Animal Hospital At Mid Valley,(831) 624-8509,312 Mid Vly Ctr,Carmel Valley,93923,General Practice,"Tuesday: 8:00 AM – 5:00 PM
Wednesday: 8:00 AM – 5:00 PM
Thursday: 8:00 AM – 5:00 PM
Friday: 8:00 AM – 5:00 PM
Saturday: 8:00 AM – 5:00 PM",Called - Got Prices,,Yes,Yes,,,EXACT $119,No technician Fee,RANGES $65 - $75,RANGES $65 - $75,,,RANGES $65 - $75,RANGES $65 - $75,RANGES $65 - $75,,,STARTING $1500,STARTING $900,STARTING $1000,STARTING $1000,,,,EXACT $180,EXACT $180,,,
115,Carmel Valley Veterinary Hospital,(831) 659-2286,13738 Center St,Carmel Valley,93924,General Practice,"Tuesday: 7:30 AM – 5:00 PM
Wednesday: 7:30 AM – 5:00 PM
Thursday: 7:30 AM – 5:00 PM
Friday: 7:30 AM – 5:00 PM
Saturday: 7:30 AM – 5:00 PM
Sunday: 8:00 AM – 12:00 PM",Called - Got Prices,,Yes,Yes,,,EXACT $95,EXACT $30,RANGES $40 - $50,RANGES $40 - $50,,,RANGES $40 - $50,RANGES $40 - $50,RANGES $40 - $50,,,STARTING $700,STARTING $700,STARTING $800,STARTING $800,,,,EXACT $155,appointments only,,,
116,VCA Sacramento Animal Medical Group,(916) 331-7430,4990 Manzanita Ave,Carmichael,95608,General Practice,"Tuesday: 7:00 AM – 6:00 PM
Wednesday: 7:00 AM – 6:00 PM
Thursday: 7:00 AM – 6:00 PM
Friday: 7:00 AM – 6:00 PM
Saturday: 7:00 AM – 6:00 PM",Called - Got Prices,,,,,,EXACT $101,No technician Fee,RANGES $70 - $80,RANGES $70 - $80,,,RANGES $70 - $80,RANGES $70 - $80,RANGES $70 - $80,,,STARTING $800,STARTING $800,STARTING $900,STARTING $900,,,,appointments only,appointments only,,,
117,Canyon Veterinary Hospital,(510) 582-6704,20897 Redwood Rd,Castro Valley,94546,General Practice,"Tuesday: 9:00 AM – 12:00 PM
Tuesday: 3:00 PM – 5:00 PM
Wednesday: 9:00 AM – 12:00 PM
Wednesday: 3:00 PM – 5:00 PM
Thursday: 9:00 AM – 12:00 PM
Thursday: 3:00 PM – 5:00 PM
Friday: 9:00 AM – 12:00 PM
Friday: 3:00 PM – 5:00 PM
Saturday: 9:00 AM – 12:00 PM
Saturday: 3:00 PM – 5:00 PM
Sunday: 9:00 AM – 2:00 PM",Callback Requested,,,,,,,,,,,,,,,,,,,,,,,,,,,,
118,Groveway Pet Hospital,(510) 581-6629,22163 Redwood Rd,Castro Valley,94546,General Practice,"Tuesday: 8:00 AM – 5:00 PM
Wednesday: 8:00 AM – 5:30 PM
Thursday: 8:00 AM – 5:30 PM
Friday: 8:00 AM – 5:30 PM
Saturday: 8:00 AM – 5:30 PM",Called - Got Prices,,Yes,Yes,,,EXACT $86,No technician Fee,RANGES $40 - $50,RANGES $40 - $50,,,RANGES $40 - $50,RANGES $40 - $50,RANGES $40 - $50,,,STARTING $900,STARTING $800,STARTING $900,STARTING $900,,,,appointments only,EXACT $86,,,
119,Hills Veterinary Hospital,null,22163 Redwood Rd,Castro Valley,94546,General Practice,,,,,,,,,,,,,,,,,,,,,,,,,,,,,,
120,Redwood Animal Hospital: Dr. Joelle Abrams,(510) 582-1136,3762 Castro Valley Blvd,Castro Valley,94546,General Practice,"Monday: 8:00 AM – 7:00 PM
Tuesday: 8:00 AM – 7:00 PM
Wednesday: 8:00 AM – 7:00 PM
Thursday: 8:00 AM – 7:00 PM
Friday: 8:00 AM – 7:00 PM
Saturday: Closed
Sunday: Closed",Called - Got Prices,,Yes,Yes,,,EXACT $90,No technician Fee,Ranges $35 - $60,Ranges $35 - $60,,,Ranges $35 - $60,Ranges $35 - $60,STARTING $1200,,,STARTING $1200,STARTING $1300,RANGES $780 - $1300,RANGES $780 - $1300,,,,No Emergency Visits,EXACT $90,,,
121,American Pet Clinic,(209) 537-2100,2531 E Whitmore Ave Suite A,Ceres,95307,General Practice,"Tuesday: 8:00 AM – 6:00 PM
Wednesday: 8:00 AM – 6:00 PM
Thursday: 8:00 AM – 6:00 PM
Friday: 8:00 AM – 6:00 PM
Saturday: 8:00 AM – 6:00 PM",No Answer,,,,,,,,,,,,,,,,,,,,,,,,,,,,
122,Ceres Veterinary Clinic,(209) 538-1911,3018 E Whitmore Ave,Ceres,95307,General Practice,"Tuesday: 7:30 AM – 6:00 PM
Wednesday: 7:30 AM – 6:00 PM
Thursday: 7:30 AM – 6:00 PM
Friday: 7:30 AM – 6:00 PM
Saturday: 7:30 AM – 6:00 PM",Called - Got Prices,,Yes,Yes,,,EXACT $88,No technician Fee,RANGES $38 - $43,RANGES $38 - $43,,,RANGES $38 - $43,RANGES $38 - $43,RANGES $38 - $43,,,STARTING $800,STARTING $650,Needs Consultation before giving estimates,Needs Consultation before giving estimates,,,,appointments only,appointments only,,,
123,Butte Humane Society Veterinary Center,(530) 206-3090,13391 Garner Ln,Chico,95973,General Practice,"Wednesday: 8:00 AM – 5:00 PM
Thursday: 8:00 AM – 5:00 PM
Friday: 8:00 AM – 5:00 PM
Saturday: 8:00 AM – 5:00 PM",,,,,,,,,,,,,,,,,,,,,,,,,,,,,
124,Chico Animal Hospital,(530) 342-0518,3015 Esplanade,Chico,95973,General Practice,"Tuesday: 8:00 AM – 6:00 PM
Wednesday: 8:00 AM – 6:00 PM
Thursday: 8:00 AM – 6:00 PM
Friday: 8:00 AM – 6:00 PM
Saturday: 8:00 AM – 6:00 PM
Sunday: 8:00 AM – 1:00 PM",Called - Got Prices,,Yes,Yes,,,EXACT $86,No technician Fee,RANGES $35 - $45 ,RANGES $35 - $45 ,,,RANGES $35 - $45 ,RANGES $35 - $45 ,RANGES $35 - $45 ,,,STARTING $850,STARTING $700,Needs Consultation before giving estimates,Needs Consultation before giving estimates,,,,EXACT $120,EXACT $120,,,
125,Chico Creek Animal Hospital,(530) 487-0934,3449 CA-32,Chico,95973,General Practice,"Tuesday: 8:00 AM – 5:00 PM
Wednesday: 8:00 AM – 5:00 PM
Thursday: 8:00 AM – 5:00 PM
Friday: 8:00 AM – 5:00 PM
Saturday: 8:00 AM – 5:00 PM",Called - Got Prices,,Yes,Yes,,,$84,No technician Fee,RANGES $40 - $50 ,RANGES $40 - $50 ,,,RANGES $40 - $50 ,RANGES $40 - $50 ,RANGES $40 - $50 ,,,STARTING $840,STARTING $630,STARTING $700,STARTING $700,,,,appointments only,appointments only,,,
126,Chico Hospital for Cats,(530) 892-2287,548 W East Ave,Chico,95926,General Practice,"Tuesday: 8:00 AM – 6:00 PM
Wednesday: 8:00 AM – 6:00 PM
Thursday: 8:00 AM – 6:00 PM
Friday: 8:00 AM – 6:00 PM
Saturday: 8:00 AM – 6:00 PM",Disconnected,,,,,,,,,,,,,,,,,,,,,,,,,,,,
127,Chico Pet Vet,(530) 399-3620,2156 Pillsbury Rd,Chico,95926,General Practice,"Wednesday: 8:00 AM – 5:00 PM
Thursday: 8:00 AM – 5:00 PM
Friday: 8:00 AM – 5:00 PM
Saturday: 8:00 AM – 5:00 PM
Sunday: 8:00 AM – 5:00 PM",Called - Got Prices,,Yes,Yes,,,EXACT $65,No technician Fee,RANGES $30 - $60,RANGES $30 - $60,,,RANGES $30 - $60,RANGES $30 - $60,RANGES $30 - $60,,,STARTING $395,STARTING $370,STARTING $500,STARTING $500,,,,appointments only,STARTING $175,,,
128,Darling Veterinary Clinic,(530) 892-8910,2520 Dominic Dr Ste 145,Chico,95928,General Practice,"Tuesday: 8:00 AM – 12:00 PM
Tuesday: 1:00 PM – 5:00 PM
Wednesday: 8:00 AM – 12:00 PM
Wednesday: 1:00 PM – 5:00 PM
Thursday: 8:00 AM – 12:00 PM
Thursday: 1:00 PM – 5:00 PM
Friday: 8:00 AM – 12:00 PM
Friday: 1:00 PM – 5:00 PM
Saturday: 8:00 AM – 12:00 PM
Saturday: 1:00 PM – 5:00 PM",Called - Refused,,No,,,,,,,,,,,,,,,,,,,,,,,,,,
129,Erickson Veterinary Hospital,(530) 343-5896,11181 Midway,Chico,95928,General Practice,"Tuesday: 8:00 AM – 7:00 PM
Wednesday: 8:00 AM – 7:00 PM
Thursday: 8:00 AM – 7:00 PM
Friday: 8:00 AM – 7:00 PM
Saturday: 8:00 AM – 7:00 PM",Called - Got Prices,,Yes,Yes,,,EXACT $91,No technician Fee,EXACT $30.80,EXACT $39.20,,,EXACT $47.96,EXACT $57.20,EXACT $39.20,,,STARTING $800,STARTING $700,STARTING $1000,STARTING $1000,,,,STARTING $300,STARTING $300,,,
130,Evers Veterinary Clinic,(530) 343-0713,1150 El Monte Ave,Chico,95928,General Practice,"Tuesday: 8:00 AM – 5:00 PM
Wednesday: 8:00 AM – 5:00 PM
Thursday: 8:00 AM – 5:00 PM
Friday: 8:00 AM – 5:00 PM
Saturday: 8:00 AM – 5:00 PM",Called - Got Prices,,Yes,Yes,,,EXACT $83,No technician Fee,RANGES $45 - $60,RANGES $45 - $60,,,RANGES $45 - $60,RANGES $45 - $60,RANGES $45 - $60,,,STARTING $500,STARTING $500,STARTING $500,STARTING $500,,,,Appointments Only,EXACT $83,,,
131,Morningside Animal Hospital,(530) 809-1446,555 Flying V St #10,Chico,95928,General Practice,"Tuesday: 7:30 AM – 6:00 PM
Wednesday: 7:30 AM – 6:00 PM
Thursday: 7:30 AM – 6:00 PM
Friday: 7:30 AM – 6:00 PM
Saturday: 7:30 AM – 6:00 PM",Called - Got Prices,,,,,,EXACT $93.45,No technician Fee,RANGES $45 - $60,RANGES $45 - $60,,,RANGES $45 - $60,RANGES $45 - $60,RANGES $45 - $60,,,STARTING $700,STARTING $600,STARTING $700,STARTING $500,,,,Appointments Only,EXACT $93.45,,,
132,PawPrints Spay/Neuter Clinic,(530) 385-6077,2607 Esplanade,Chico,95973,General Practice,"Monday: 7:00 AM – 3:30 PM
Sunday: 7:00 AM – 3:30 PM",Called - Refused,,,,,Services for Stray and Ferrel Cats Only,,,,,,,,,,,,,,,,,,,,,,,
133,Riverwood Veterinary Hospital Dr. Sandy Hazanow,(530) 342-0725,1900 Mangrove Ave #50,Chico,95926,General Practice,"Tuesday: 8:00 AM – 6:00 PM
Wednesday: 8:00 AM – 6:00 PM
Thursday: 8:00 AM – 6:00 PM
Friday: 8:00 AM – 6:00 PM",No Answer,,,,,,,,,,,,,,,,,,,,,,,,,,,,
134,VCA Valley Oak Veterinary Center,(530) 342-7387,2480 Dr Martin Luther King Jr Pkwy,Chico,95928,General Practice,Monday: Open 24 hours,Called - Got Prices,,Yes,Yes,,,Exact 86.65,No technician Fee,RANGES $68 - $80,RANGES $68 - $80,,,RANGES $68 - $80,RANGES $68 - $80,RANGES $68 - $80,,,RANGES $465 - $750,RANGES $430 - $520,Needs Consultation before giving estimates,Needs Consultation before giving estimates,,,,RANGES $352.30 - $397,$186.15,,,
135,Central Valley Veterinary Clinic,(559) 665-5600,120 W Robertson Blvd,Chowchilla,93610,General Practice,"Tuesday: 9:00 AM – 5:00 PM
Wednesday: 9:00 AM – 5:00 PM
Thursday: 9:00 AM – 5:00 PM
Friday: 9:00 AM – 5:00 PM
Saturday: 9:00 AM – 5:00 PM",Called - Got Prices,,Yes,Yes,,,EXACT $89,No technician Fee,RANGE $37 - $40,RANGE $37 - $40,,,RANGE $37 - $40,RANGE $37 - $40,RANGE $37 - $40,,,STARTING $700,STARTING $700,STARTING $700,STARTING $700,,,,EXACT $95,EXACT $95,,,
136,Akaal Pet Hospital,(916) 729-7779,6081 Greenback Ln,Citrus Heights,95621,General Practice,"Tuesday: 8:00 AM – 6:00 PM
Wednesday: 8:00 AM – 7:00 PM
Thursday: 8:00 AM – 7:00 PM
Friday: 8:00 AM – 6:00 PM
Saturday: 8:00 AM – 7:00 PM
Sunday: 9:00 AM – 6:00 PM",Called - Got Prices,,Yes,Yes,,,EXACT $64,EXACT $20,RANG $37- $50,RANG $37- $50,,,RANG $37- $50,RANG $37- $50,RANG $37- $50,,,Needs Consultation before giving estimates,Needs Consultation before giving estimates,Needs Consultation before giving estimates,Needs Consultation before giving estimates,,,,EXACT $110,EXACT $84,,,
137,All About Pets,(916) 722-0400,6104 San Juan Ave #2,Citrus Heights,95610,General Practice,"Tuesday: 8:00 AM – 6:00 PM
Wednesday: 8:00 AM – 6:00 PM
Thursday: 8:00 AM – 6:00 PM
Friday: 8:00 AM – 6:00 PM
Saturday: 8:00 AM – 6:00 PM",Voicemail Left,,,,,,,,,,,,,,,,,,,,,,,,,,,,
138,Citrus Heights Pet Hospital,(916) 725-2700,8099 Greenback Ln,Citrus Heights,95610,General Practice,"Tuesday: 8:00 AM – 6:00 PM
Wednesday: 8:00 AM – 6:00 PM
Thursday: 8:00 AM – 6:00 PM
Friday: 8:00 AM – 6:00 PM
Saturday: 8:00 AM – 6:00 PM
Sunday: 9:00 AM – 5:00 PM",Disconnected,,,,,,,,,,,,,,,,,,,,,,,,,,,,
139,Family Friends Veterinary Hospital,(916) 344-8765,5910 Auburn Blvd # 1,Citrus Heights,95621,General Practice,"Tuesday: 8:30 AM – 6:00 PM
Wednesday: 8:30 AM – 6:00 PM
Thursday: 8:30 AM – 6:00 PM
Friday: 8:30 AM – 6:00 PM
Saturday: 8:30 AM – 6:00 PM
Sunday: 8:00 AM – 4:00 PM",Voicemail Left,,,,,,,,,,,,,,,,,,,,,,,,,,,,
140,Mercy Pet Hospital Citrus Heights,(916) 723-3456,6418 Tupelo Dr,Citrus Heights,95621,General Practice,"Tuesday: 8:00 AM – 5:00 PM
Wednesday: 8:00 AM – 5:00 PM
Thursday: 8:00 AM – 5:00 PM
Friday: 8:00 AM – 5:00 PM
Saturday: 8:00 AM – 5:00 PM
Sunday: 8:00 AM – 4:00 PM",Called - Got Prices,,Yes,Yes,,,EXACT $73,No technician Fee,RANGES $40 - $50,RANGES $40 - $50,,,RANGES $40 - $50,RANGES $40 - $50,RANGES $40 - $50,,,STARTING $600,STARTING $600,STARTING $600,STARTING $600,,,,STARTING $600,EXACT $98.50,,,
141,San Juan Veterinary Hospital,(916) 961-0744,5997 San Juan Ave,Citrus Heights,95610,General Practice,"Tuesday: 9:00 AM – 5:30 PM
Wednesday: 9:00 AM – 5:30 PM
Thursday: 9:00 AM – 5:30 PM
Friday: 9:00 AM – 5:30 PM
Saturday: 9:00 AM – 5:30 PM
Sunday: 9:00 AM – 12:00 PM",Callback Requested,,,,,,,,,,,,,,,,,,,,,,,,,,,,
142,Summer Hills Veterinary Hospital,(916) 726-3001,7912 Zenith Dr,Citrus Heights,95621,General Practice,"Tuesday: 8:00 AM – 6:00 PM
Wednesday: 8:00 AM – 6:00 PM
Thursday: 8:00 AM – 6:00 PM
Friday: 8:00 AM – 6:00 PM
Saturday: 8:00 AM – 6:00 PM
Sunday: 8:30 AM – 5:00 PM",Called - Got Prices,,Yes,Yes,,,EXACT $53,No technician Fee,RANGE $45 - $50,RANGE $45 - $50,,,RANGE $45 - $50,RANGE $45 - $50,RANGE $45 - $50,,,STARTING $650,STARTING $650,STARTING $750,STARTING $750,,,,EXACT $125,EXACT $125,,,
143,Sunrise Boulevard Animal Hospital,(916) 726-2334,7484 Sunrise Blvd,Citrus Heights,95610,General Practice,"Tuesday: 7:30 AM – 5:30 PM
Wednesday: 7:30 AM – 5:30 PM
Thursday: 7:30 AM – 5:30 PM
Friday: 7:30 AM – 5:30 PM
Saturday: 7:30 AM – 5:30 PM",Called - Got Prices,,Yes,Yes,,,EXACT $74,No technician Fee,RANGE $45 - $50,RANGE $45 - $50,,,RANGE $45 - $50,RANGE $45 - $50,RANGE $45 - $50,,,STARTING $450,STARTING $450,STARTING $550,STARTING $550,,,,No Emergency Visits,EXACT $74,,,
144,Sylvan Corners Pet Hospital,(916) 726-5200,7548 Old Auburn Rd,Citrus Heights,95610,General Practice,"Monday: 9:00 AM – 4:00 PM
Tuesday: 8:00 AM – 5:00 PM
Wednesday: 8:00 AM – 5:00 PM
Thursday: 8:00 AM – 5:00 PM
Friday: 8:00 AM – 5:00 PM
Saturday: 8:00 AM – 5:00 PM
Sunday: 9:00 AM – 4:00 PM",Called - Got Prices,,Yes,Yes,,,EXACT $68,No technician Fee,EXACT $35,EXACT $35,,,EXACT $35,EXACT $68,EXACT $35,,,Needs Consultation before giving estimates,Needs Consultation before giving estimates,Needs Consultation before giving estimates,Needs Consultation before giving estimates,,,,No Emergency Visits,EXACT $98,,,
145,Pet Doctors of Industry Animal Hospital,(626) 855-4301,15806 Amar Rd,City of Industry,91744,General Practice,"Tuesday: 9:00 AM – 1:00 PM
Tuesday: 2:00 PM – 5:30 PM
Wednesday: 9:00 AM – 1:00 PM
Wednesday: 2:00 PM – 5:30 PM
Thursday: 9:00 AM – 1:00 PM
Thursday: 2:00 PM – 5:30 PM
Friday: 9:00 AM – 1:00 PM
Friday: 2:00 PM – 5:30 PM
Saturday: 9:00 AM – 1:00 PM
Saturday: 2:00 PM – 5:30 PM
Sunday: 9:00 AM – 1:00 PM
Sunday: 1:30 PM – 4:00 PM",No Answer,,,,,,,,,,,,,,,,,,,,,,,,,,,,
146,"SoCal Pet Vets, aka SoCal K9 Clinic City of Industry",(562) 203-1644,15355 Gale Ave,City of Industry,91745,General Practice,"Tuesday: 9:00 AM – 5:00 PM
Wednesday: 9:00 AM – 5:00 PM
Thursday: 9:00 AM – 5:00 PM
Friday: 9:00 AM – 5:00 PM
Saturday: 9:00 AM – 5:00 PM
Sunday: 8:00 AM – 4:00 PM",Called - Got Prices,,Yes,Yes,,,$65,No technician Fee,RANGE $20 - $30,RANGE $20 - $30,,,RANGE $20 - $30,RANGE $20 - $30,RANGE $20 - $30,,,STARTING $550,STARTING $450,STARTING $750,STARTING $750,,,,$143,$70,,,
147,Animal Hospital of Cloverdale,(707) 894-3951,20 Industrial Dr,Cloverdale,95425,General Practice,"Tuesday: 8:00 AM – 1:00 PM
Tuesday: 2:00 PM – 6:00 PM
Wednesday: 8:00 AM – 1:00 PM
Wednesday: 2:00 PM – 6:00 PM
Thursday: 8:00 AM – 1:00 PM
Thursday: 2:00 PM – 6:00 PM
Friday: 8:00 AM – 1:00 PM
Friday: 2:00 PM – 6:00 PM
Saturday: 8:00 AM – 1:00 PM
Saturday: 2:00 PM – 6:00 PM",Called - Got Prices,,Yes,Yes,,,$80,No technician Fee,RANGE $35 - $50,RANGE $35 - $50,,,RANGE $35 - $50,RANGE $35 - $50,RANGE $35 - $50,,,STARTING $700,STARTING $700,STARTING $700,STARTING $700,,,,Appointments Only,Appointments Only,,,
148,Alta Animal Hospital,(559) 298-6509,585 W Shaw Ave,Clovis,93612,General Practice,"Monday: 8:00 AM – 8:00 PM
Tuesday: 8:00 AM – 8:00 PM
Wednesday: 8:00 AM – 8:00 PM
Friday: 8:00 AM – 8:00 PM
Saturday: 8:00 AM – 8:00 PM
Sunday: 8:00 AM – 8:00 PM",Called - Got Prices,,Yes,Yes,,,EXACT $49.5,No technician Fee,EXACT $30,EXACT $25,,,EXACT $40,EXACT $25,EXACT $25,,,STARTING $699,STARTING $699,STARTING $599,STARTING $599,,,,EXACT $125, EXACT $125,,,
149,Alta Animal Hospital: Sran N S DVM,(559) 321-7002,585 W Shaw Ave,Clovis,93612,General Practice,"Tuesday: 9:00 AM – 9:00 PM
Wednesday: 9:00 AM – 9:00 PM
Thursday: 9:00 AM – 9:00 PM
Friday: 9:00 AM – 9:00 PM
Saturday: 9:00 AM – 9:00 PM
Sunday: 9:00 AM – 1:00 PM",No Answer,,,,,,,,,,,,,,,,,,,,,,,,,,,,
150,Armstrong Pet Hospital,(559) 472-7065,1710 Shaw Ave,Clovis,93611,General Practice,"Tuesday: 8:00 AM – 6:00 PM
Wednesday: 8:00 AM – 6:00 PM
Thursday: 8:00 AM – 6:00 PM
Friday: 8:00 AM – 6:00 PM
Saturday: 8:00 AM – 6:00 PM
Sunday: 9:00 AM – 4:00 PM",Called - Got Prices,,Yes,Yes,,,EXACT $60,No technician Fee,RANGE $20 - $40,RANGE $20 - $40,,,RANGE $20 - $40,RANGE $20 - $40,RANGE $20 - $40,,,STARTING $600,STARTING $600,STARTING $700,STARTING $700,,,,Appointments Only,Appointments Only,,,
151,Clovis Equine Clinic,(559) 299-1661,8338 N Sunnyside Ave,Clovis,93619,General Practice,"Tuesday: 8:30 AM – 5:30 PM
Wednesday: 8:30 AM – 5:30 PM
Thursday: 8:30 AM – 5:30 PM
Friday: 8:30 AM – 5:30 PM
Saturday: 8:30 AM – 5:30 PM",Called - Refused,,,,,HORSE HOSPITAL ONLY,,,,,,,,,,,,,,,,,,,,,,,
152,Clovis Pet Hospital,(559) 297-1222,733 Hoblitt Ave,Clovis,93612,General Practice,"Tuesday: 7:30 AM – 5:00 PM
Wednesday: 7:30 AM – 5:00 PM
Thursday: 7:30 AM – 5:00 PM
Friday: 7:30 AM – 5:00 PM
Saturday: 7:30 AM – 5:00 PM
Sunday: 7:30 AM – 5:00 PM",Called - Got Prices,,Yes,Yes,,,EXACT $65,No technician Fee,RANGE $26 - $30,RANGE $26 - $30,,,RANGE $26 - $30,RANGE $26 - $30,RANGE $26 - $30,,,STARTING $500,STARTING $500,STARTING $1000,STARTING $1000,,,,Appointments Only,Appointments Only,,,
153,Troy S Ford Veterinary Surgery,(559) 298-3331,13385 E Bullard Ave.,Clovis,93619,General Practice,"Tuesday: 8:00 AM – 5:00 PM
Wednesday: 8:00 AM – 5:00 PM
Thursday: 8:00 AM – 5:00 PM
Friday: 8:00 AM – 5:00 PM
Saturday: 8:00 AM – 5:00 PM",Called - Refused,Declined to Share,Yes,Yes,,Surgeries Only,,,,,,,,,,,,,,,,,,,,,,,
154,Waterhouse Animal Hospital of Clovis,(559) 298-1900,245 Bullard Ave.,Clovis,93612,General Practice,"Tuesday: 8:00 AM – 5:30 PM
Wednesday: 8:00 AM – 5:30 PM
Thursday: 8:00 AM – 5:30 PM
Friday: 8:00 AM – 5:30 PM
Saturday: 8:00 AM – 5:30 PM
Sunday: 8:00 AM – 12:00 PM",Called - Got Prices,,Yes,Yes,,,EXACT $75.5,No technician Fee,RANGE $40-$60,RANGE $40-$60,,,RANGE $40-$60,RANGE $40-$60,RANGE $40-$60,,,STARTING $800,STARTING $700,STARTING $1200,STARTING $1200,,,,Appointments Only,EXACT $75.50,,,
155,Sierra Animal Wellness Center,(530) 346-6611,"333 A, Canyon Ct",Colfax,95713,General Practice,"Tuesday: 9:00 AM – 5:00 PM
Wednesday: 9:00 AM – 5:00 PM
Friday: 9:00 AM – 5:00 PM
Saturday: 9:00 AM – 5:00 PM",Called - Got Prices,,Yes,Yes,,,EXACT $64,No technician Fee,RANGE $25- $45,RANGE $25- $45,,,RANGE $25- $45,RANGE $25- $45,RANGE $25- $45,,,STARTING 550,STARTING $540,STARTING $700,STARTING $700,,,,EXACT $87,EXACT $87,,,
156,ABC Veterinary Hospital,(925) 674-8878,2056 East St,Concord,94520,General Practice,"Monday: 8:00 AM – 6:00 PM
Tuesday: 8:00 AM – 6:00 PM
Wednesday: 8:00 AM – 6:00 PM
Thursday: 8:00 AM – 6:00 PM
Friday: 8:00 AM – 6:00 PM
Saturday: 8:00 AM – 1:00 PM
Sunday: Closed",Called - Got Prices,,Yes,Yes,,,EXACT $79.5,No technician Fee,RANGES $40 - $50,RANGES $40 - $50,,,RANGES $40 - $50,RANGES $40 - $50,RANGES $40 - $50,,,Needs Consultation before giving estimates,Needs Consultation before giving estimates,Needs Consultation before giving estimates,Needs Consultation before giving estimates,,,,EXACT $150,EXACT $150,,,
157,Adobe Animal Hospital,(925) 951-8317,3619 Clayton Rd,Concord,94521,General Practice,"Monday: 8:00 AM – 5:00 PM
Tuesday: 8:00 AM – 5:00 PM
Wednesday: 8:00 AM – 5:00 PM
Thursday: 8:00 AM – 5:00 PM
Friday: 8:00 AM – 5:00 PM
Saturday: Closed
Sunday: Closed",Called - Got Prices,,Yes,Yes,,,EXACT $104,EXACT $26,EXACT $37,EXACT $60,,,EXACT $44,EXACT $59,EXACT $42,,,STARTING $1038,STARTING $895,RANGES $2500 - $4000,RANGES $2500 - $4000,,,,Appointments Only,EXACT $104,,,
158,Alpine Veterinary Hospital,(925) 825-8464,4807 Clayton Rd,Concord,94521,General Practice,"Monday: 8:00 AM – 6:00 PM
Tuesday: 8:00 AM – 6:00 PM
Wednesday: 8:00 AM – 6:00 PM
Thursday: 8:00 AM – 6:00 PM
Friday: 8:00 AM – 6:00 PM
Saturday: 9:00 AM – 6:00 PM
Sunday: Closed",Called - Got Prices,,Yes,Yes,,,$69,No technician Fee,RANGE $25- $45,RANGE $25- $45,,,RANGE $25- $45,RANGE $25- $45,RANGE $25- $45,,,Needs Consultation before giving estimates,Needs Consultation before giving estimates,Needs Consultation before giving estimates,Needs Consultation before giving estimates,,,,Appointments Only,Appointments Only,,,
159,Clayton Valley Pet Hospital,(925) 689-4600,4801 Clayton Rd,Concord,94521,General Practice,"Monday: Closed
Tuesday: 9:30 AM – 6:00 PM
Wednesday: 9:30 AM – 6:00 PM
Thursday: 9:30 AM – 6:00 PM
Friday: 9:30 AM – 6:00 PM
Saturday: 9:00 AM – 1:00 PM
Sunday: Closed",Called - Got Prices,,Yes,Yes,,,EXACT $118,No technician Fee,RANGE $60- $80,RANGE $60- $80,,,RANGE $60- $80,RANGE $60- $80,RANGE $60- $80,,,STARTING $1500,STARTING $800,STARTING $1200,STARTING $1200,,,,Appointments Only,Appointments Only,,,
160,Concord Veterinary Clinic,(925) 338-2375,5201 Clayton Rd,Concord,94521,General Practice,"Monday: 8:00 AM – 6:00 PM
Tuesday: 8:00 AM – 6:00 PM
Wednesday: Closed
Thursday: 8:00 AM – 6:00 PM
Friday: 8:00 AM – 6:00 PM
Saturday: 8:00 AM – 6:00 PM
Sunday: Closed",Called - Got Prices,,Yes,Yes,,,EXACT $50,No technician Fee,STARTING $50,STARTING $50,,,STARTING $50,STARTING $50,STARTING $50,,,STARTING $900,STARTING $800,Needs Consultation before giving estimates,Needs Consultation before giving estimates,,,,Appointments Only,Appointments Only,,,
161,Disney Pet Hospital,(925) 689-4244,3554 Concord Blvd,Concord,94519,General Practice,"Tuesday: 8:00 AM – 5:30 PM
Wednesday: 8:00 AM – 5:30 PM
Thursday: 8:00 AM – 5:30 PM
Friday: 8:00 AM – 5:30 PM
Saturday: 8:00 AM – 5:30 PM",Callback Requested,,,,,,,,,,,,,,,,,,,,,,,,,,,,
162,Dr. Kate Killian,(925) 825-3535,3619 Clayton Rd,Concord,94521,General Practice,"Monday: 8:00 AM – 5:00 PM
Tuesday: 8:00 AM – 5:00 PM
Wednesday: 8:00 AM – 5:00 PM
Thursday: 8:00 AM – 5:00 PM
Friday: 8:00 AM – 5:00 PM
Saturday: 9:00 AM – 1:00 PM
Sunday: Closed",Called - Got Prices,,Yes,Yes,,,EXACT $104,EXACT $26,EXACT $37,EXACT $60,,,EXACT $44,EXACT $59,EXACT $42,,,STARTING $1038,STARTING $890,RANGES $2500 - $4000,RANGES $2500 - $4000,,,,Appointments Only,EXACT $104,,,
163,Four Corners Veterinary Hospital,(925) 685-0512,2956 Treat Blvd,Concord,94518,General Practice,"Tuesday: 8:00 AM – 6:00 PM
Wednesday: 8:00 AM – 6:00 PM
Thursday: 8:00 AM – 6:00 PM
Friday: 8:00 AM – 6:00 PM
Saturday: 8:00 AM – 6:00 PM
Sunday: 8:00 AM – 5:00 PM",Called - Got Prices,,Yes,,,,EXACT $96,No technician Fee,EXACT $49,EXACT $70,,,EXACT $58,EXACT $49,EXACT $44,,,STARTING 1129,STARTING $934.50,STARTING $1100,STARTING $1100,,,,Appointments Only,EXACT $96,,,
164,Maverick Veterinary Surgery Services,(925) 658-3631,4330 Clayton Rd Suites A&B,Concord,94521,General Practice,"Monday: 9:00 AM – 5:00 PM
Tuesday: 9:00 AM – 5:00 PM
Wednesday: 9:00 AM – 5:00 PM
Thursday: 9:00 AM – 5:00 PM
Friday: 9:00 AM – 5:00 PM
Saturday: 9:00 AM – 5:00 PM
Sunday: 9:00 AM – 5:00 PM",Called - Refused,,,,,SURGERY ONLY,,,,,,,,,,,,,,,,,,,,,,,
165,SAGE Veterinary Centers - Concord,(925) 627-7243,2055 Meridian Park Blvd,Concord,94520,General Practice,"Monday: Open 24 hours
Tuesday: Open 24 hours
Wednesday: Open 24 hours
Thursday: Open 24 hours
Friday: Open 24 hours
Saturday: Open 24 hours
Sunday: Open 24 hours",Called - Refused,,,,,EMERGENCY ONLY,,,,,,,,,,,,,,,,,,,,,,,
166,VCA Monte Vista Animal Hospital,(925) 672-1100,1488 Washington Blvd,Concord,94521,General Practice,"Monday: 8:00 AM – 6:00 PM
Tuesday: 8:00 AM – 6:00 PM
Wednesday: 8:00 AM – 6:00 PM
Thursday: 8:00 AM – 6:00 PM
Friday: 8:00 AM – 6:00 PM
Saturday: 8:00 AM – 5:00 PM
Sunday: Closed",Called - Got Prices,,,,,,EXACT $120,No technician Fee,RANGES $68 - $80,RANGES $68 - $80,,,RANGES $68 - $80,RANGES $68 - $80,RANGES $68 - $80,,,RANGES $465 - $750,RANGES $465 - $750,RANGES $2500 - $4000,RANGES $2500 - $4000,,,,EXACT $300,EXACT $186,,,
167,Veterinarian Care Concord,(925) 233-3856,2241 Commerce Ave,Concord,94520,General Practice,"Tuesday: 8:00 AM – 5:00 PM
Wednesday: 8:00 AM – 5:00 PM
Thursday: 8:00 AM – 5:00 PM
Friday: 8:00 AM – 5:00 PM
Saturday: 8:00 AM – 5:00 PM
Sunday: 9:00 AM – 1:00 PM",No Answer,,,,,,,,,,,,,,,,,,,,,,,,,,,,
168,Cool Veterinary Hospital,(530) 686-1949,2966 CA-49 Suite C,Cool,95614,General Practice,"Tuesday: 8:00 AM – 5:00 PM
Wednesday: 8:00 AM – 5:00 PM
Thursday: 8:00 AM – 5:00 PM
Friday: 8:00 AM – 5:00 PM
Saturday: 9:00 AM – 4:30 PM",Called - Got Prices,,Yes,,,,EXACT $59,EXACTLY $20.40,STARTING $50,STARTING $50,,,STARTING $50,STARTING $50,STARTING $50,,,STARTING $550,STARTING $460,STARTING $1000,STARTING $1000,,,,EXACT $96,Appointments Only,,,
169,Larkspur Landing Veterinary / Twin Cities Vet Hospital,(415) 461-6133,200 Nellen Ave suite 101,Corte Madera,94925,General Practice,"Monday: 8:00 AM – 5:00 PM
Tuesday: 8:00 AM – 5:00 PM
Wednesday: 8:00 AM – 5:00 PM
Thursday: 8:00 AM – 8:00 PM
Friday: 8:00 AM – 5:00 PM
Saturday: 8:00 AM – 5:00 PM
Sunday: Closed",Called - Refused,,No,,,,,,,,,,,,,,,,,,,,,,,,,,
170,VCA Madera Pet Hospital,(415) 924-1271,5796 Paradise Dr,Corte Madera,94925,General Practice,"Monday: 8:00 AM – 6:00 PM
Tuesday: 8:00 AM – 6:00 PM
Wednesday: 8:00 AM – 6:00 PM
Thursday: 8:00 AM – 6:00 PM
Friday: 8:00 AM – 5:30 PM
Saturday: 8:00 AM – 5:00 PM
Sunday: Closed",Called - Got Prices,,Yes,Yes,,,EXACT $125.70,No technician Fee,RANGES $80 - $110,RANGES $80 - $110,,,RANGES $80 - $110,RANGES $80 - $110,RANGES $80 - $110,,,Needs Consultation before giving estimates,Needs Consultation before giving estimates,Needs Consultation before giving estimates,Needs Consultation before giving estimates,,,,EXACT $300,EXACT $180,,,
171,"Animal Healing Arts - Lisa Pesch Marinho, DVM",(707) 584-7387,216 E School St,Cotati,94931,General Practice,,,,,,,,,,,,,,,,,,,,,,,,,,,,,,
172,Animal Hospital of Cotati and Rohnert Park,(707) 719-0250,331 E Cotati Ave,Cotati,94931,General Practice,"Monday: 9:00 AM – 6:00 PM
Tuesday: 9:00 AM – 6:00 PM
Wednesday: 9:00 AM – 6:00 PM
Thursday: 9:00 AM – 6:00 PM
Friday: 9:00 AM – 6:00 PM
Saturday: Closed
Sunday: Closed",Called - Got Prices,,Yes,Yes,,,EXACT $75,No technician Fee,STARTING $35,STARTING $35,,,STARTING $35,STARTING $35,STARTING $35,,,STARTING $800,STARTING $700,do not do dental as of the moment,do not do dental as of the moment,,,,Appointments Only,Appointments Only,,,
173,Cotati Large Animal Hospital,(707) 795-4356,8079 Gravenstein Hwy,Cotati,94931,General Practice,"Monday: 8:00 AM – 5:00 PM
Tuesday: 8:00 AM – 5:00 PM
Wednesday: 8:00 AM – 5:00 PM
Thursday: 8:00 AM – 5:00 PM
Friday: 8:00 AM – 5:00 PM
Saturday: 9:00 AM – 12:00 PM
Sunday: Closed",Called - Refused,,,,,LARGE ANIMALS ONLY,,,,,,,,,,,,,,,,,,,,,,,
174,Cotati Small Animal Hospital,(707) 795-3694,8055 Gravenstein State Rte,Cotati,94931,General Practice,"Monday: 8:00 AM – 4:00 PM
Tuesday: 8:00 AM – 4:00 PM
Wednesday: 8:00 AM – 4:00 PM
Thursday: 8:00 AM – 4:00 PM
Friday: 8:00 AM – 2:00 PM
Saturday: Closed
Sunday: Closed",Called - Got Prices,,Yes,Yes,,,EXACT $70,No technician Fee,EXACT $41.21,EXACT $52.45,,,EXACT $40.15,EXACT $55,EXACT $39.25,,,STARTING $900,STARTING $800,STARTING $1300,STARTING $1300,,,,Appointments Only,EXACT $100,,,
175,La Plaza Veterinary Clinic,(707) 794-1299,60 W Cotati Ave,Cotati,94931,General Practice,"Monday: 8:30 AM – 6:00 PM
Tuesday: 8:30 AM – 6:00 PM
Wednesday: 8:30 AM – 6:00 PM
Thursday: 8:30 AM – 6:00 PM
Friday: 8:30 AM – 6:00 PM
Saturday: Closed
Sunday: Closed",Called - Got Prices,,Yes,Yes,,,EXACT $80,No technician Fee,RANGES $50 - $60,RANGES $50 - $60,,,RANGES $50 - $60,RANGES $50 - $60,RANGES $50 - $60,,,STARTING $705,STARTING $670,Needs Consultation before giving estimates,Needs Consultation before giving estimates,,,,Appointments Only,Appointments Only,,,
176,Cottonwood Small Animal Clinic,(530) 347-3706,20633 Gas Point Rd,Cottonwood,96022,General Practice,"Tuesday: 8:00 AM – 5:00 PM
Wednesday: 8:00 AM – 5:00 PM
Thursday: 8:00 AM – 5:00 PM
Friday: 8:00 AM – 5:00 PM
Saturday: 8:00 AM – 5:00 PM
Sunday: 9:00 AM – 1:00 PM",No Answer,Call Back Later,,,,,,,,,,,,,,,,,,,,,,,,,,,
177,Cottonwood Veterinary Clinic (Large Animal),(530) 347-3711,3917 Main St,Cottonwood,96022,General Practice,"Tuesday: 8:00 AM – 12:00 PM
Tuesday: 1:00 PM – 5:00 PM
Wednesday: 8:00 AM – 12:00 PM
Wednesday: 1:00 PM – 5:00 PM
Thursday: 8:00 AM – 12:00 PM
Thursday: 1:00 PM – 5:00 PM
Friday: 8:00 AM – 12:00 PM
Friday: 1:30 PM – 5:00 PM
Saturday: 8:00 AM – 12:00 PM
Saturday: 1:00 PM – 5:00 PM",Called - Refused,,,,,LARGE ANIMALS ONLY,,,,,,,,,,,,,,,,,,,,,,,
178,Cupertino Animal Hospital,(408) 252-6380,10026 Peninsula Ave,Cupertino,95014,General Practice,"Tuesday: 8:00 AM – 5:00 PM
Wednesday: 8:00 AM – 5:00 PM
Thursday: 8:00 AM – 5:00 PM
Friday: 8:00 AM – 5:00 PM
Saturday: 8:00 AM – 5:00 PM",Called - Got Prices,,Yes,Yes,,,EXACT $116,No technician Fee,RANGE $40 - $75,RANGE $40 - $75,,,RANGE $40 - $75,RANGE $40 - $75,RANGE $40 - $75,,,STARTING $700,STARTING $600,STARTING $1100,STARTING $1100,,,,Appointments Only,Appointments Only,,,
179,Petlight Therapy Center,(408) 599-1856,21686 Stevens Creek Blvd,Cupertino,95014,General Practice,"Monday: 9:00 AM – 5:00 PM
Tuesday: 9:00 AM – 5:00 PM
Wednesday: 9:00 AM – 5:00 PM
Thursday: 9:00 AM – 5:00 PM
Friday: 9:00 AM – 5:00 PM
Saturday: 9:00 AM – 5:00 PM
Sunday: 9:00 AM – 5:00 PM",Voicemail Left,,,,,,,,,,,,,,,,,,,,,,,,,,,,
180,Restani Fatima Veterinary Hospital,(650) 991-1761,1570 Bryant St,Daly City,94015,General Practice,"Monday: 9:00 AM – 3:30 PM
Tuesday: 9:00 AM – 3:30 PM
Wednesday: 9:00 AM – 3:30 PM
Thursday: 9:00 AM – 3:30 PM
Friday: 9:00 AM – 3:30 PM
Saturday: Closed
Sunday: Closed",Called - Got Prices,,Yes,Yes,,,EXACT $85,No technician Fee,EXACT $30,EXACT $30,,,EXACT $35,EXACT $50,EXACT $35,,,RANGES $500 - $800,RANGES $500 - $800,Needs Consultation before giving estimates,Needs Consultation before giving estimates,,,,Appointments Only,Appointments Only,,,
181,Blackhawk Veterinary Hospital,(925) 736-7440,9000 Crow Canyon Rd R,Danville,94506,General Practice,"Tuesday: 8:00 AM – 6:00 PM
Wednesday: 8:00 AM – 6:00 PM
Thursday: 8:00 AM – 6:00 PM
Friday: 8:00 AM – 6:00 PM
Saturday: 8:00 AM – 6:00 PM
Sunday: 8:30 AM – 1:00 PM",Called - Got Prices,,Yes,Yes,,,EXACT $115,No technician Fee,EXACT $76.75,EXACT $47.50,,,EXACT $48,EXACT $45,EXACT $45,,,STARTING $2000,STARTING $1000,STARTING $1300,STARTING $1300,,,,Appointments Only,EXACT $115,,,
182,Diablo Valley Animal Hospital,(925) 263-2528,391 Diablo Rd,Danville,94526,General Practice,"Monday: 8:00 AM – 5:00 PM
Tuesday: 8:00 AM – 5:00 PM
Wednesday: 8:00 AM – 5:00 PM
Thursday: 8:00 AM – 5:00 PM
Friday: 8:00 AM – 5:00 PM
Saturday: Closed
Sunday: Closed",Called - Got Prices,,Yes,Yes,,,EXACT $80,$8.5 - NEEDLES WASTE FEE,EXACT $45,EXACT $45,,,EXACT $45,EXACT $45,EXACT $45,,,RANGES $600 - $900,RANGES $500 - $800,Needs Consultation before giving estimates,Needs Consultation before giving estimates,,,,EXACT $95,EXACT $95,,,
183,HK Animal Hospital,(925) 743-1015,5 Railroad Ave,Danville,94526,General Practice,"Monday: 9:00 AM – 7:00 PM
Tuesday: 9:00 AM – 7:00 PM
Wednesday: 9:00 AM – 5:00 PM
Thursday: 9:00 AM – 7:00 PM
Friday: 9:00 AM – 7:00 PM
Saturday: Closed
Sunday: Closed",Called - Got Prices,,Yes,Yes,,,EXACT $55,EXACT $45,RANGE $35 - $50,RANGE $35 - $50,,,RANGE $35 - $50,RANGE $35 - $50,RANGE $35 - $50,,,RANGES $600 - $800,RANGES $600 - $800,STARTING $400,STARTING $400,,,,EXACT $85,EXACT $85,,,
184,Oak Tree Animal Hospital,(925) 837-1632,579 San Ramon Valley Blvd,Danville,94526,General Practice,"Monday: 8:30 AM – 10:00 PM
Tuesday: 8:30 AM – 10:00 PM
Wednesday: 8:30 AM – 10:00 PM
Thursday: 8:30 AM – 10:00 PM
Friday: 8:30 AM – 10:00 PM
Saturday: 8:30 AM – 10:00 PM
Sunday: 8:30 AM – 10:00 PM",Called - Got Prices,,Yes,Yes,,,EXACT $75,EXACT $25,RANGES $34 - $45,RANGES $34 - $45,,,RANGES $34 - $45,RANGES $34 - $45,RANGES $34 - $45,,,Needs Consultation before giving estimates,Needs Consultation before giving estimates,Needs Consultation before giving estimates,Needs Consultation before giving estimates,,,,EXACT $145,EXACT $145,,,
185,Summit Veterinary Dermatology,(925) 665-3376,579 San Ramon Valley Blvd,Danville,94526,General Practice,"Monday: 8:30 AM – 8:00 PM
Tuesday: 8:30 AM – 8:00 PM
Wednesday: 8:30 AM – 8:00 PM
Thursday: 8:30 AM – 8:00 PM
Friday: 8:30 AM – 8:00 PM
Saturday: 9:00 AM – 8:00 PM
Sunday: Closed",Called - Refused,,,,,SPECIALIZED VET,,,,,,,,,,,,,,,,,,,,,,,
186,Tassajara Veterinary Clinic,(925) 736-8387,3436 Camino Tassajara,Danville,94506,General Practice,"Tuesday: 7:30 AM – 5:00 PM
Wednesday: 7:30 AM – 5:00 PM
Thursday: 7:30 AM – 5:00 PM
Friday: 7:30 AM – 5:00 PM
Saturday: 7:30 AM – 5:00 PM
Sunday: 9:00 AM – 2:00 PM",Called - Got Prices,,Yes,Yes,,,EXACT $87.5,,RANGE $50 - 60,RANGE $50 - 60,,,RANGE $50 - 60,RANGE $50 - 60,RANGE $50 - 60,,,Needs Consultation before giving estimates,Needs Consultation before giving estimates,Needs Consultation before giving estimates,Needs Consultation before giving estimates,,,,Appointments Only,Appointments Only,,,
187,The Animal Wellness Center of Danville,(925) 318-5100,671 San Ramon Valley Blvd,Danville,94526,General Practice,"Monday: 7:30 AM – 6:00 PM
Tuesday: 7:30 AM – 6:00 PM
Wednesday: 7:30 AM – 6:00 PM
Thursday: 7:30 AM – 6:00 PM
Friday: 7:30 AM – 6:00 PM
Saturday: Closed
Sunday: Closed",Called - Got Prices,,Yes,Yes,,,EXACT $85,No technician Fee,RANGES $42 - $65,RANGES $42 - $65,,,RANGES $42 - $65,RANGES $42 - $65,RANGES $42 - $65,,,Needs Consultation before giving estimates,Needs Consultation before giving estimates,Needs Consultation before giving estimates,Needs Consultation before giving estimates,,,,Appointments Only,Appointments Only,,,
188,VIP Petcare Vaccination Clinic,(800) 427-7973,609 San Ramon Valley Blvd,Danville,94526,General Practice,Monday: 4:00 PM – 5:30 PM,,,,,,,,,,,,,,,,,,,,,,,,,,,,,
189,Acorn Veterinary Clinic,(530) 753-7580,1340 E Covell Blvd # 101,Davis,95616,General Practice,"Tuesday: 8:30 AM – 6:00 PM
Wednesday: 8:30 AM – 6:00 PM
Thursday: 8:30 AM – 6:00 PM
Friday: 8:30 AM – 6:00 PM
Saturday: 8:30 AM – 6:00 PM
Sunday: 9:00 AM – 12:00 PM",Called - Got Prices,,Yes,,,,EXACT $89,No technician Fee,EXACT $45,EXACT $45,,,EXACT $45,EXACT $55,EXACT $45,,,STARTING $700,STARTING $800,STARTING $1000,STARTING $1000,,,,Appointments Only,Appointments Only,,,
190,Animal Wellness Center,(530) 756-7387,2880 5th St #135,Davis,95618,General Practice,"Tuesday: 9:00 AM – 6:00 PM
Wednesday: 9:00 AM – 6:00 PM
Thursday: 9:00 AM – 6:00 PM
Friday: 9:00 AM – 6:00 PM
Saturday: 9:00 AM – 6:00 PM",Called - Got Prices,,Yes,Yes,,,EXACT $82,No technician Fee,EXACT $30 - $50,EXACT $30 - $50,,,EXACT $30 - $50,EXACT $30 - $50,EXACT $30 - $50,,,Needs Consultation before giving estimates,Needs Consultation before giving estimates,Needs Consultation before giving estimates,Needs Consultation before giving estimates,,,,Appointments Only,Appointments Only,,,
191,California Animal Health & Food Safety Laboratory - Davis,(530) 752-7578,620 W Health Science Dr,Davis,95616,General Practice,"Tuesday: 8:00 AM – 5:00 PM
Wednesday: 8:00 AM – 5:00 PM
Thursday: 8:00 AM – 5:00 PM
Friday: 8:00 AM – 5:00 PM
Saturday: 8:00 AM – 5:00 PM",Disconnected,,,,,,,,,,,,,,,,,,,,,,,,,,,,
192,Cat Tales Feline Health Center,(530) 517-5100,606 W Covell Blvd,Davis,95616,General Practice,"Tuesday: 8:00 AM – 6:00 PM
Wednesday: 8:00 AM – 6:00 PM
Thursday: 8:00 AM – 6:00 PM
Friday: 8:00 AM – 6:00 PM
Saturday: 8:00 AM – 6:00 PM",Called - Refused,,,,,FOR CATS ONLY ,,,,,,,,,,,,,,,,,,,,,,,
193,Center for Integrative Animal Medicine,(530) 405-4000,635 Anderson Rd #20,Davis,95616,General Practice,"Tuesday: 11:00 AM – 6:00 PM
Wednesday: 11:00 AM – 6:00 PM
Friday: 11:00 AM – 6:00 PM
Saturday: 11:00 AM – 6:00 PM",Callback Requested,,,,,,,,,,,,,,,,,,,,,,,,,,,,
194,Dr. Shen Li Veterinary Service,(530) 601-9970,2020 5th St #4671,Davis,95618,General Practice,,,,,,,,,,,,,,,,,,,,,,,,,,,,,,
195,Midtown Animal Clinic,(530) 758-5650,525 Rowe Pl,Davis,95616,General Practice,"Tuesday: 8:00 AM – 6:00 PM
Wednesday: 8:00 AM – 9:00 PM
Thursday: 8:00 AM – 6:00 PM
Friday: 8:00 AM – 9:00 PM
Saturday: 8:00 AM – 6:00 PM
Sunday: 9:00 AM – 12:00 PM",Called - Got Prices,,Yes,Yes,,,EXACT $105,No technician Fee,EXACT $34.5,EXACT $40,,,EXACT $41,EXACT $41,EXACT $41,,,STARTING $600,STARTING $400,Needs Consultation before giving estimates,Needs Consultation before giving estimates,,,,Appointments Only,Appointments Only,,,
196,Oak Tree Animal Rehabilitation,(530) 753-9573,1340 E Covell Blvd # 101,Davis,95616,General Practice,"Tuesday: 1:00 PM – 5:00 PM
Wednesday: 9:00 AM – 5:00 PM
Thursday: 9:00 AM – 5:00 PM
Friday: 9:00 AM – 5:00 PM",No Answer,,,,,,,,,,,,,,,,,,,,,,,,,,,,
197,South Davis Veterinary Center,(530) 757-1113,4615 Cowell Blvd,Davis,95618,General Practice,"Tuesday: 8:00 AM – 6:00 PM
Wednesday: 8:00 AM – 6:00 PM
Thursday: 8:00 AM – 6:00 PM
Friday: 8:00 AM – 6:00 PM
Saturday: 8:00 AM – 6:00 PM",Called - Got Prices,,Yes,Yes,,,EXACT $92,No technician Fee,EXACT $40,EXACT $39,,,EXACT $45,EXACT $71,EXACT $43,,,STARTING $650,STARTING $550,Needs Consultation before giving estimates,Needs Consultation before giving estimates,,,,Appointments Only,Appointments Only,,,
198,UC Davis Veterinary Genetics Laboratory,(530) 752-2211,Old Davis Rd,Davis,95616,General Practice,"Tuesday: 8:00 AM – 5:00 PM
Wednesday: 8:00 AM – 5:00 PM
Thursday: 8:00 AM – 5:00 PM
Friday: 8:00 AM – 5:00 PM
Saturday: 8:00 AM – 5:00 PM",Called - Refused,,,,,Laboratories Only,,,,,,,,,,,,,,,,,,,,,,,
199,UC Davis Veterinary Hospital - Small Animal Clinic,(530) 752-1393,"Visitor Parking Lot 50, 944 Garrod Dr",Davis,95616,General Practice,Monday: Open 24 hours,No Answer,,,,,,,,,,,,,,,,,,,,,,,,,,,,
200,UC Davis Veterinary Medicine - Large Animal Hospital,(530) 752-0290,Visitor Parking Lot 51,Davis,95616,General Practice,Monday: Open 24 hours,No Answer,,,,,,,,,,,,,,,,,,,,,,,,,,,,
201,"University of California, Davis: Center for Equine Health",(530) 752-6433,1130 Equine Ln,Davis,95616,General Practice,"Tuesday: 8:00 AM – 5:00 PM
Wednesday: 8:00 AM – 5:00 PM
Thursday: 8:00 AM – 5:00 PM
Friday: 8:00 AM – 5:00 PM
Saturday: 8:00 AM – 5:00 PM",Called - Refused,,,,,Horse Clinic Only,,,,,,,,,,,,,,,,,,,,,,,
202,Vet Hospital Davis Ca,null,"Veterinary Medicine Unit II, 1 Garrod Dr",Davis,95616,General Practice,,,,,,,,,,,,,,,,,,,,,,,,,,,,,,
203,West Davis Veterinary Center,(530) 756-1766,1617 Russell Blvd,Davis,95616,General Practice,"Tuesday: 7:30 AM – 6:00 PM
Wednesday: 7:30 AM – 6:00 PM
Thursday: 7:30 AM – 6:00 PM
Friday: 7:30 AM – 6:00 PM
Saturday: 7:30 AM – 6:00 PM
Sunday: 9:00 AM – 4:00 PM",No Answer,Call Back Later,,,,,,,,,,,,,,,,,,,,,,,,,,,
204,M & M Veterinary Practice,(209) 669-9891,5213 S Gratton Rd,Denair,95316,General Practice,,,,,,,,,,,,,,,,,,,,,,,,,,,,,,
205,Diamond Bar Veterinary Clinic,(909) 861-9561,1131 Grand Ave,Diamond Bar,91765,General Practice,"Tuesday: 8:00 AM – 6:00 PM
Wednesday: 8:00 AM – 6:00 PM
Thursday: 8:00 AM – 6:00 PM
Friday: 8:00 AM – 6:00 PM
Saturday: 8:00 AM – 6:00 PM
Sunday: 8:00 AM – 3:00 PM",Disconnected,,,,,,,,,,,,,,,,,,,,,,,,,,,,
206,Grand Animal Hospital,(909) 323-2860,1114 S Diamond Bar Blvd,Diamond Bar,91765,General Practice,"Monday: 8:00 AM – 6:00 PM
Tuesday: 10:00 AM – 8:00 PM
Wednesday: 10:00 AM – 8:00 PM
Thursday: 10:00 AM – 8:00 PM
Friday: 10:00 AM – 8:00 PM
Saturday: 10:00 AM – 8:00 PM",Called - Got Prices,,Yes,Yes,,,EXACT $59,No technician Fee,EXACT $39,EXACT $39,,,EXACT $39,EXACT $39,EXACT $39,,,STARTING $1069,STARTING $939,STARTING $697,STARTING $697,,,,EXACT $89,EXACT $89,,,
207,Sunset Veterinary Center,(909) 787-8380,838 N Diamond Bar Blvd,Diamond Bar,91765,General Practice,"Tuesday: 8:00 AM – 5:00 PM
Wednesday: 8:00 AM – 5:00 PM
Thursday: 8:00 AM – 5:00 PM
Friday: 8:00 AM – 5:00 PM
Saturday: 8:00 AM – 5:00 PM",Called - Got Prices,,Yes,Yes,,,EXACT $68,No technician Fee,RANGES $35 - $45 ,RANGES $35 - $45 ,,,RANGES $35 - $45 ,RANGES $35 - $45 ,RANGES $35 - $45 ,,,Do not do spay,Do not do neuter,STARTING $700,STARTING $700,,,,Appointments Only,Appointments Only,,,
208,Sunshine Veterinary Care,(909) 366-3724,20935 Golden Springs Dr,Diamond Bar,91789,General Practice,"Tuesday: 9:00 AM – 5:00 PM
Wednesday: 9:00 AM – 5:00 PM
Thursday: 9:00 AM – 5:00 PM
Friday: 9:00 AM – 5:00 PM
Saturday: 9:00 AM – 5:00 PM
Sunday: 9:00 AM – 5:00 PM",Called - Got Prices,,Yes,Yes,,,EXACT $65,EXACT $29,EXACT $32,EXACT $25,,,EXACT $34,EXACT $33,EXACT $32,,,STARTING $595,STARTING $460,STARTING $700,STARTING $700,,,,Appointments Only,EXACT $65,,,
209,Discovery Bay Veterinary Clinic,(925) 634-0759,14810 CA-4 Suite A,Discovery Bay,94505,General Practice,"Tuesday: 8:00 AM – 5:30 PM
Wednesday: 8:00 AM – 5:30 PM
Thursday: 8:00 AM – 5:30 PM
Friday: 8:00 AM – 5:30 PM
Saturday: 8:00 AM – 5:30 PM",Called - Got Prices,,Yes,Yes,,,EXACT $83,No technician Fee,EXACT 46,EXACT $79,,,EXACT $61,EXACT $45,EXACT $50,,,STARTING $760,STARTING $760,STARTING $1000,STARTING $1000,,,,Appointments Only,EXACT $93,,,
210,Aggie Animal Clinic,(707) 678-1643,449 N 1st St,Dixon,95620,General Practice,"Tuesday: 7:30 AM – 6:00 PM
Wednesday: 7:30 AM – 6:00 PM
Thursday: 7:30 AM – 6:00 PM
Friday: 7:30 AM – 6:00 PM
Saturday: 7:30 AM – 6:00 PM
Sunday: 8:30 AM – 3:00 PM",No Answer,,,,,,,,,,,,,,,,,,,,,,,,,,,,
211,Dixon Veterinary Clinic,(707) 678-2377,7925 Pedrick Rd,Dixon,95620,General Practice,"Tuesday: 9:00 AM – 1:00 PM
Tuesday: 2:00 PM – 5:00 PM
Wednesday: 9:00 AM – 1:00 PM
Wednesday: 2:00 PM – 5:00 PM
Thursday: 9:00 AM – 1:00 PM
Friday: 9:00 AM – 1:00 PM
Friday: 2:00 PM – 5:00 PM
Saturday: 9:00 AM – 1:00 PM
Saturday: 2:00 PM – 5:00 PM
Sunday: 9:00 AM – 1:00 PM
Sunday: 2:00 PM – 5:00 PM",No Answer,Call Back Later,,,,,,,,,,,,,,,,,,,,,,,,,,,
212,Mayfair Vet Care,(707) 828-0048,105 E Dorset Dr ste d,Dixon,95620,General Practice,"Monday: 1:00 PM – 8:00 PM
Tuesday: 11:00 AM – 8:00 PM
Saturday: 11:00 AM – 8:00 PM
Sunday: 11:00 AM – 8:00 PM",No Answer,Call Back Later,,,,,,,,,,,,,,,,,,,,,,,,,,,
213,Mill Station Veterinary Services,(707) 344-5763,7768 Sikes Rd,Dixon,95620,General Practice,,,,,,,,,,,,,,,,,,,,,,,,,,,,,,
214,Duarte Azusa Animal Hospital,(626) 357-2251,2714 E Huntington Dr,Duarte,91010,General Practice,"Tuesday: 8:00 AM – 5:00 PM
Wednesday: 8:00 AM – 5:00 PM
Thursday: 8:00 AM – 5:00 PM
Friday: 8:00 AM – 5:00 PM
Saturday: 8:00 AM – 5:00 PM
Sunday: 8:00 AM – 1:00 PM",No Answer,Call Back Later,,,,,,,,,,,,,,,,,,,,,,,,,,,
215,All Creatures Veterinary Hospital,(925) 829-6260,6612 Dublin Blvd,Dublin,94568,General Practice,"Monday: 9:00 AM – 6:00 PM
Tuesday: 9:00 AM – 6:00 PM
Wednesday: 9:00 AM – 6:00 PM
Thursday: 9:00 AM – 2:00 PM
Friday: 9:00 AM – 5:00 PM
Saturday: 9:00 AM – 2:00 PM
Sunday: Closed",Called - Got Prices,,Yes,Yes,,,EXACT $89,EXACT $25,RANGES $40 - $65,RANGES $40 - $65,,,RANGES $40 - $65,RANGES $40 - $65,RANGES $40 - $65,,,Needs Consultation before giving estimates,Needs Consultation before giving estimates,Needs Consultation before giving estimates,Needs Consultation before giving estimates,,,,EXACT $89,EXACT $89,,,
216,Banfield Pet Hospital,(925) 828-7466,2860 Dublin Blvd,Dublin,94568,General Practice,"Monday: 7:00 AM – 6:00 PM
Tuesday: 7:00 AM – 6:00 PM
Wednesday: 7:00 AM – 6:00 PM
Thursday: 7:00 AM – 6:00 PM
Friday: 7:00 AM – 6:00 PM
Saturday: 7:00 AM – 6:00 PM
Sunday: 8:30 AM – 5:00 PM",Called - Got Prices,,Yes,Yes,,,EXACT $108.95,No technician Fee,RANGES $40 - $60,RANGES $40 - $60,,,RANGES $40 - $60,RANGES $40 - $60,RANGES $40 - $60,,,STARTING $400 - $600,STARTING $400 - $600,STARTING $700 - $1000,STARTING $700 - $1000,,,,Appointments Only,Appointments Only,,,
217,Dublin Veterinary Hospital,(925) 236-0960,7410 Amador Valley Blvd,Dublin,94568,General Practice,"Monday: 8:00 AM – 6:30 PM
Tuesday: 8:00 AM – 6:30 PM
Wednesday: 8:00 AM – 6:30 PM
Thursday: 8:00 AM – 6:30 PM
Friday: 8:00 AM – 6:30 PM
Saturday: 8:00 AM – 4:00 PM
Sunday: Closed",Called - Got Prices,,Yes,Yes,,,EXACT $86,EXACT $45,EXACT $36,EXACT $42,,,EXACT $42.50,EXACT $66,EXACT $42,,,Needs Consultation before giving estimates,Needs Consultation before giving estimates,Needs Consultation before giving estimates,Needs Consultation before giving estimates,,,,No Emergency Visits,EXACT $120,,,
218,Four Paws Veterinary Center,(925) 829-7297,4524 Dublin Blvd,Dublin,94568,General Practice,"Monday: 7:00 AM – 6:00 PM
Tuesday: 7:00 AM – 6:00 PM
Wednesday: 7:00 AM – 6:00 PM
Thursday: 8:00 AM – 6:00 PM
Friday: 8:00 AM – 6:00 PM
Saturday: Closed
Sunday: Closed",No Answer,,Unknown,,,,,,,,,,,,,,,,,,,,,,,,,,
219,IronHorse VetCare,(925) 400-7672,7660 Amador Valley Blvd E,Dublin,94568,General Practice,"Monday: Open 24 hours
Tuesday: Open 24 hours
Wednesday: Open 24 hours
Thursday: Open 24 hours
Friday: Open 24 hours
Saturday: Open 24 hours
Sunday: Open 24 hours",Called - Refused,,No,,,EMERGENCIES ONLY,,,,,,,,,,,,,,,,,,,,,,,
220,Parkway Veterinary Hospital,(925) 828-0455,6851 Village Pkwy,Dublin,94568,General Practice,"Monday: 7:30 AM – 5:00 PM
Tuesday: 7:30 AM – 5:00 PM
Wednesday: 7:30 AM – 5:00 PM
Thursday: 7:30 AM – 5:00 PM
Friday: 7:30 AM – 5:00 PM
Saturday: Closed
Sunday: Closed",Called - Got Prices,,Yes,Yes,,,EXACT $82,EXACT $22.5,RANGE $45 - $66,RANGE $45 - $66,,,RANGE $45 - $66,RANGE $45 - $66,RANGE $45 - $66,,,RANGES $800 - $1000,RANGES $800 - $1000, RANGES $1000 - $4000, RANGES $1000 - $4000,,,,Appointments Only,EXACT $95,,,
221,SAGE Veterinary Centers - Dublin,(925) 574-7243,7121 Amador Plaza Rd,Dublin,94568,General Practice,"Monday: Open 24 hours
Tuesday: Open 24 hours
Wednesday: Open 24 hours
Thursday: Open 24 hours
Friday: Open 24 hours
Saturday: Open 24 hours
Sunday: Open 24 hours",Called - Refused,,,,,Emergencies and Specialty only,,,,,,,,,,,,,,,,,,,,,,,
222,Veterinary Dental Specialties and Oral Surgery,(925) 257-2425,7660 Amador Valley Blvd,Dublin,94568,General Practice,"Monday: 8:00 AM – 5:00 PM
Tuesday: 8:00 AM – 5:00 PM
Wednesday: 8:00 AM – 5:00 PM
Thursday: 8:00 AM – 5:00 PM
Friday: 8:00 AM – 5:00 PM
Saturday: Closed
Sunday: Closed",Called - Refused,,,,,Specialty Clinic Only,,,,,,,,,,,,,,,,,,,,,,,
223,Durham Veterinary Clinic,(530) 891-5707,9417 Midway,Durham,95938,General Practice,"Tuesday: 8:00 AM – 5:00 PM
Wednesday: 8:00 AM – 5:00 PM
Thursday: 8:00 AM – 5:00 PM
Friday: 8:00 AM – 5:00 PM
Saturday: 8:00 AM – 5:00 PM",Called - Refused,,No,,,,,,,,,,,,,,,,,,,,,,,,,,
224,Abbey Pet Hospital,(510) 233-1003,11070 San Pablo Ave,El Cerrito,94530,General Practice,"Tuesday: 7:30 AM – 6:00 PM
Wednesday: 7:30 AM – 6:00 PM
Thursday: 7:30 AM – 6:00 PM
Friday: 7:30 AM – 6:00 PM
Saturday: 7:30 AM – 6:00 PM
Sunday: 8:00 AM – 4:00 PM",No Answer,Call Back Later,,,,,,,,,,,,,,,,,,,,,,,,,,,
225,El Cerrito Pet Hospital,(510) 234-4582,11800 San Pablo Ave,El Cerrito,94530,General Practice,"Tuesday: 8:00 AM – 6:00 PM
Wednesday: 8:00 AM – 6:00 PM
Thursday: 8:00 AM – 6:00 PM
Friday: 8:00 AM – 6:00 PM
Sunday: 8:00 AM – 2:00 PM",Called - Got Prices,,Yes,Yes,,,EXACT $85,No technician Fee,RANGES $25 - $30,RANGES $25 - $30,,,RANGES $25 - $30,RANGES $25 - $30,RANGES $25 - $30,,,STARTING $600,STARTING $500,STARTING $800,STARTING $800,,,,Appointments Only,Appointments Only,,,
226,El Cerrito Veterinary Care,(510) 529-4355,10324 San Pablo Ave,El Cerrito,94530,General Practice,"Tuesday: 8:00 AM – 7:00 PM
Wednesday: 8:00 AM – 7:00 PM
Thursday: 8:00 AM – 7:00 PM
Friday: 8:00 AM – 7:00 PM
Saturday: 8:00 AM – 7:00 PM",Called - Got Prices,,Yes,Yes,,,EXACT $101,No technician Fee,EXACT $39.50,EXACT $39.50,,,EXACT $39.50,EXACT $51,EXACT $39.50,,,STARTING $1000,STARTING $650,STARTING $1500,STARTING $1500,,,,Appointments Only,Appointments Only,,,
227,Urgent Pet,(510) 838-4669,10612 San Pablo Ave,El Cerrito,94530,General Practice,"Monday: 9:00 AM – 11:00 PM
Tuesday: 9:00 AM – 11:00 PM
Wednesday: 9:00 AM – 7:00 PM
Thursday: 9:00 AM – 7:00 PM
Friday: 9:00 AM – 7:00 PM
Saturday: 9:00 AM – 11:00 PM
Sunday: 9:00 AM – 7:00 PM",Called - Refused,Declined to Share,,,,Emergencies Only,,,,,,,,,,,,,,,,,,,,,,,
228,Insight Veterinary Wellness Center,(916) 618-4700,4509 Golden Foothill Pkwy,El Dorado Hills,95762,General Practice,Monday: Open 24 hours,,,,,,,,,,,,,,,,,,,,,,,,,,,,,
229,MarketPlace Veterinary Hospital,(916) 939-1705,4564 Post St,El Dorado Hills,95762,General Practice,"Tuesday: 8:00 AM – 5:30 PM
Wednesday: 8:00 AM – 5:30 PM
Thursday: 8:00 AM – 5:30 PM
Friday: 8:00 AM – 5:30 PM
Saturday: 8:00 AM – 5:30 PM",Called - Got Prices,,Yes,Yes,,,EXACT $74,No technician Fee,EXACT $37,EXACT $37,,,EXACT $37,EXACT $50,EXACT $37,,,STARTING $600,STARTING $400,STARTING $800,STARTING $800,,,,Appointments Only,Appointments Only,,,
230,Veterinary Healing Center of El Dorado Hills,(916) 933-6030,2222 Francisco Dr #150,El Dorado Hills,95762,General Practice,"Tuesday: 8:00 AM – 6:00 PM
Wednesday: 8:00 AM – 6:00 PM
Thursday: 8:00 AM – 6:00 PM
Friday: 8:00 AM – 6:00 PM
Saturday: 8:00 AM – 6:00 PM",Called - Got Prices,,Yes,Yes,,,EXACT $90,No technician Fee,RANGE $40 - $60 ,RANGE $40 - $60 ,,,RANGE $40 - $60 ,RANGE $40 - $60 ,RANGE $40 - $60 ,,,Needs Consultation before giving estimates,Needs Consultation before giving estimates,Needs Consultation before giving estimates,Needs Consultation before giving estimates,,,,EXACT $101,EXACT $101,,,
231,Advanced Veterinary Medical Center,(510) 222-7387,3550 San Pablo Dam Rd,El Sobrante,94803,General Practice,"Monday: 9:00 AM – 8:00 PM
Tuesday: 9:00 AM – 8:00 PM
Wednesday: 9:00 AM – 8:00 PM
Thursday: 9:00 AM – 8:00 PM
Friday: 9:00 AM – 8:00 PM
Saturday: 9:30 AM – 7:00 PM
Sunday: 9:30 AM – 7:00 PM",Called - Got Prices,,Yes,Yes,,,EXACT $81,No technician Fee,RANGE $40 - $50 ,RANGE $40 - $50 ,,,RANGE $40 - $50 ,RANGE $40 - $50 ,RANGE $40 - $50 ,,,Needs Consultation before giving estimates,Needs Consultation before giving estimates,Needs Consultation before giving estimates,Needs Consultation before giving estimates,,,,Appointments Only,EXACT $81,,,
232,El Sobrante Veterinary Hospital,(510) 223-0740,401 Valley View Rd,El Sobrante,94803,General Practice,"Monday: 8:30 AM – 6:00 PM
Tuesday: 8:30 AM – 6:00 PM
Wednesday: 8:30 AM – 6:00 PM
Thursday: 8:30 AM – 6:00 PM
Friday: 8:30 AM – 6:00 PM
Saturday: 8:30 AM – 6:00 PM
Sunday: 8:30 AM – 6:00 PM",Called - Got Prices,,Yes,Yes,,,EXACT $80,No technician Fee,RANGE $30 - $50 ,RANGE $30 - $50 ,,,RANGE $30 - $50 ,RANGE $30 - $50 ,RANGE $30 - $50 ,,,Needs Consultation before giving estimates,Needs Consultation before giving estimates,Needs Consultation before giving estimates,Needs Consultation before giving estimates,,,,Appointments Only,EXACT $80,,,
233,VCA Animal Care Clinic,(510) 222-9966,3340 San Pablo Dam Rd # K,El Sobrante,94803,General Practice,"Monday: 8:00 AM – 7:00 PM
Tuesday: 8:00 AM – 7:00 PM
Wednesday: 8:00 AM – 7:00 PM
Thursday: 8:00 AM – 7:00 PM
Friday: 8:00 AM – 7:00 PM
Saturday: 8:00 AM – 6:00 PM
Sunday: Closed",Voicemail Left,Call Back Later,,,,,,,,,,,,,,,,,,,,,,,,,,,
234,Abel Pet Clinic,(916) 954-0310,9098 Laguna Main St STE 1,Elk Grove,95758,General Practice,"Tuesday: 9:00 AM – 6:00 PM
Wednesday: 9:00 AM – 6:00 PM
Thursday: 9:00 AM – 6:00 PM
Friday: 9:00 AM – 6:00 PM
Saturday: 9:00 AM – 6:00 PM",Called - Got Prices,,Yes,Yes,,,EXACTLY $85,EXACTLY $25,EXACTLY $48,EXACTLY $52,,,EXACTLY $47,EXACTLY $50,EXACTLY $47,,,Starting at $800,Starting at $800,STARTING $800,STARTING $800,,,,EXACTLY $190,EXACTLY $85,,,
235,Animal Care Center,(916) 686-7393,8901 Elk Grove Florin Rd,Elk Grove,95624,General Practice,"Tuesday: 8:30 AM – 5:00 PM
Wednesday: 8:30 AM – 5:00 PM
Thursday: 8:30 AM – 5:00 PM
Friday: 8:30 AM – 5:00 PM
Saturday: 8:30 AM – 5:00 PM",Called - Got Prices,,Yes,Yes,,,EXACT $93.5,No technician Fee,RANGES $ 30 - $40,RANGES $ 30 - $40,,,RANGES $ 30 - $40,RANGES $ 30 - $40,RANGES $ 30 - $40,,,STARTING $730,STARTING $700,STARTING $1000,STARTING $1000,,,,Appointments Only,Appointments Only,,,
236,Bruceville Pet Hospital,(916) 690-8914,10044 Bruceville Rd Suite 110-120,Elk Grove,95757,General Practice,"Tuesday: 8:00 AM – 5:30 PM
Wednesday: 8:00 AM – 5:30 PM
Thursday: 8:00 AM – 5:30 PM
Friday: 8:00 AM – 5:30 PM
Saturday: 8:00 AM – 5:30 PM
Sunday: 8:00 AM – 3:00 PM",No Answer,Call Back Later,,,,,EXACT $98,No technician Fee,RANGES $ 30 - $50,RANGES $ 30 - $50,,,RANGES $ 30 - $50,RANGES $ 30 - $50,RANGES $ 30 - $50,,,STARTING $700,STARTING $670,STARTING $800,STARTING $800,,,,Appointments Only,Appointments Only,,,
237,Country Veterinary Hospital,(916) 686-6460,10473 Aleilani Ln,Elk Grove,95624,General Practice,"Tuesday: 8:00 AM – 6:00 PM
Wednesday: 8:00 AM – 6:00 PM
Thursday: 8:00 AM – 6:00 PM
Friday: 8:00 AM – 6:00 PM
Saturday: 8:00 AM – 6:00 PM",Called - Got Prices,,Yes,Yes,,,EXACT $110,No technician Fee,RANGES $40 - $60,RANGES $40 - $60,,,RANGES $40 - $60,RANGES $40 - $60,RANGES $40 - $60,,,STARTING $1000,STARTING $900,STARTING $1300,STARTING $1300,,,,EXACT $170,EXACT $170,,,
238,Franklin Ranch Pet Hospital and Hotel,(916) 683-4000,10207 Franklin Blvd,Elk Grove,95757,General Practice,"Monday: 8:00 AM – 6:00 PM
Tuesday: 8:00 AM – 6:00 PM
Wednesday: 8:00 AM – 6:00 PM
Thursday: 8:00 AM – 6:00 PM
Friday: 8:00 AM – 6:00 PM
Saturday: 8:00 AM – 6:00 PM
Sunday: 8:00 AM – 6:00 PM",Called - Got Prices,,Yes,Yes,,,EXACT $85,No technician Fee,EXACT $38,EXACT $46,,,EXACT $46,EXACT $54,EXACT $ 45,,,Needs Consultation before giving estimates,Needs Consultation before giving estimates,Needs Consultation before giving estimates,Needs Consultation before giving estimates,,,,Appointments Only,EXACT $175,,,
239,Grantline Veterinary Hospital,(916) 686-6414,9037 Grant Line Rd,Elk Grove,95624,General Practice,"Tuesday: 8:00 AM – 5:30 PM
Wednesday: 8:00 AM – 5:30 PM
Thursday: 8:00 AM – 5:30 PM
Friday: 8:00 AM – 5:30 PM
Saturday: 8:00 AM – 5:30 PM",Called - Got Prices,,Yes,Yes,,,EXACT $65,$20,RANGES $31 - $40,RANGES $31 - $40,,,RANGES $31 - $40,RANGES $31 - $40,RANGES $31 - $40,,,STARTING $800,STARTING $700,STARTING $950,STARTING $950,,,,Appointments Only,Appointments Only,,,
240,Hatton Veterinary Hospital,(916) 954-0322,7615 Sheldon Rd,Elk Grove,95758,General Practice,"Tuesday: 8:00 AM – 6:00 PM
Wednesday: 8:00 AM – 6:00 PM
Thursday: 8:00 AM – 6:00 PM
Friday: 8:00 AM – 6:00 PM
Saturday: 8:00 AM – 6:00 PM
Sunday: 8:00 AM – 4:00 PM",Disconnected,Call Back Later,,,,,,,,,,,,,,,,,,,,,,,,,,,
241,Kittel Family Veterinary Practice Inc.,(916) 714-5387,8153 Elk Grove Blvd Suite 30,Elk Grove,95758,General Practice,"Tuesday: 8:00 AM – 6:00 PM
Wednesday: 8:00 AM – 5:00 PM
Thursday: 8:00 AM – 7:00 PM
Friday: 8:00 AM – 7:00 PM
Saturday: 8:00 AM – 6:00 PM",Called - Got Prices,Declined to Share,Yes,Yes,,,EXACT $85,No technician Fee,EXACT $35,EXACT $37,,,EXACT $37,EXACT $51,EXACT $37,,,STARTING $450,STARTING $400,STARTING $900,STARTING $900,,,,Appointments Only,Appointments Only,,,
242,Laguna Creek Veterinary Hospital,(916) 684-7300,5060 Laguna Blvd,Elk Grove,95758,General Practice,"Tuesday: 7:00 AM – 6:00 PM
Wednesday: 7:00 AM – 8:00 PM
Thursday: 7:00 AM – 6:00 PM
Friday: 7:00 AM – 8:00 PM
Saturday: 7:00 AM – 6:00 PM
Sunday: 8:00 AM – 5:00 PM",Called - Got Prices,,Yes,Yes,,,EXACT $80,No technician Fee,RANGES $30 - $50,RANGES $30 - $50,,,RANGES $30 - $50,RANGES $30 - $50,RANGES $30 - $50,,,STARTING $650,STARTING $500,STARTING $700,STARTING $700,,,,Appointments Only,Appointments Only,,,
243,Petlove Veterinary Hospital,(916) 359-9996,9304 Elk Grove Blvd #140,Elk Grove,95624,General Practice,"Tuesday: 8:00 AM – 7:00 PM
Wednesday: 8:00 AM – 7:00 PM
Thursday: 8:00 AM – 7:00 PM
Friday: 8:00 AM – 7:00 PM
Saturday: 8:00 AM – 7:00 PM
Sunday: 9:00 AM – 4:00 PM",Called - Got Prices,,Yes,Yes,,,EXACT $67,No technician Fee,RANGES $25 - $50,RANGES $25 - $50,,,RANGES $25 - $50,RANGES $25 - $50,RANGES $25 - $50,,,STARTING $650,STARTING $650,STARTING $800,STARTING $800,,,,STARTING $120,STARTING $120,,,
244,Stonelake Animal Hospital,(916) 714-3333,2521 W Taron Ct #150,Elk Grove,95757,General Practice,"Tuesday: 8:00 AM – 7:00 PM
Wednesday: 8:00 AM – 7:00 PM
Thursday: 8:00 AM – 7:00 PM
Friday: 8:00 AM – 7:00 PM
Saturday: 8:00 AM – 7:00 PM
Sunday: 8:00 AM – 5:00 PM",Called - Got Prices,,Yes,Yes,,,EXACT $110,No technician Fee,RANGES $40 - $60,RANGES $40 - $60,,,RANGES $40 - $60,RANGES $40 - $60,RANGES $40 - $60,,,STARTING $700,STARTING $650,STARTING $700,STARTING $700,,,,EXACT $150,EXACT $150,,,
245,VCA Bradshaw Animal Hospital,(916) 685-2494,9609 Bradshaw Rd,Elk Grove,95624,General Practice,"Monday: 7:00 AM – 10:00 PM
Tuesday: 7:00 AM – 10:00 PM
Wednesday: 7:00 AM – 10:00 PM
Thursday: 7:00 AM – 10:00 PM
Friday: 7:00 AM – 10:00 PM
Saturday: 7:00 AM – 10:00 PM
Sunday: 7:00 AM – 10:00 PM",Called - Got Prices,,Yes,Yes,,,EXACT $93,No technician Fee,RANGES $55 - $70,RANGES $55 - $70,,,RANGES $55 - $70,RANGES $55 - $70,RANGES $55 - $70,,,STARTING $800,STARTING $600,Needs Consultation before giving estimates,Needs Consultation before giving estimates,,,,Appointments Only,Appointments Only,,,
246,VCA Elk Grove Animal Hospital,(916) 685-9589,8640 Elk Grove Blvd,Elk Grove,95624,General Practice,"Tuesday: 7:30 AM – 6:00 PM
Wednesday: 7:30 AM – 6:00 PM
Thursday: 7:30 AM – 6:00 PM
Friday: 7:30 AM – 6:00 PM
Saturday: 7:30 AM – 6:00 PM
Sunday: 9:00 AM – 5:00 PM",Called - Got Prices,,Yes,Yes,,,EXACT $93,No technician Fee,RANGES $59 - $70,RANGES $59 - $70,,,RANGES $59 - $70,RANGES $59 - $70,RANGES $59 - $70,,,STARTING $800,STARTING $600,Needs Consultation before giving estimates,Needs Consultation before giving estimates,,,,Appointments Only,Appointments Only,,,
247,VEG ER for Pets,(916) 500-5731,9141 W Stockton Blvd #100,Elk Grove,95758,General Practice,Monday: Open 24 hours,,,,,,,,,,,,,,,,,,,,,,,,,,,,,
248,Emeryville Vet Hospital,(510) 338-3473,3997 Emery St,Emeryville,94608,General Practice,"Tuesday: 9:00 AM – 7:00 PM
Wednesday: 9:00 AM – 7:00 PM
Thursday: 9:00 AM – 7:00 PM
Friday: 9:00 AM – 7:00 PM
Saturday: 9:00 AM – 7:00 PM",Called - Got Prices,,Yes,Yes,,,EXACT $75,No technician Fee,RANGES $30 - $60,RANGES $30 - $60,,,RANGES $30 - $60,RANGES $30 - $60,RANGES $30 - $60,,,Needs Consultation before giving estimates,Needs Consultation before giving estimates,Needs Consultation before giving estimates,Needs Consultation before giving estimates,,,,Appointments Only,Appointments Only,,,
249,Empire Veterinary Clinic,(209) 521-7305,5132 Yosemite Blvd,Empire,95319,General Practice,"Tuesday: 7:30 AM – 6:00 PM
Wednesday: 7:30 AM – 6:00 PM
Thursday: 7:30 AM – 6:00 PM
Friday: 7:30 AM – 6:00 PM
Saturday: 7:30 AM – 6:00 PM",Called - Got Prices,,Yes,Yes,,,EXACT $68,No technician Fee,RANGES $25 - $50,RANGES $25 - $50,,,RANGES $25 - $50,RANGES $25 - $50,RANGES $25 - $50,,,STARTING $1000,STARTING $1000,Needs Consultation before giving estimates,Needs Consultation before giving estimates,,,,Appointments Only,Appointments Only,,,
250,Pacific Crest Companion Animal,(559) 592-4753,2500 E Myer Ave,Exeter,93221,General Practice,"Tuesday: 8:00 AM – 5:00 PM
Wednesday: 8:00 AM – 5:00 PM
Thursday: 8:00 AM – 5:00 PM
Friday: 8:00 AM – 5:00 PM
Saturday: 8:00 AM – 5:00 PM",Called - Got Prices,,Yes,Yes,,,EXACT $103,EXACT $25,RANGES $46 - $60,RANGES $46 - $60,,,RANGES $46 - $60,RANGES $46 - $60,RANGES $46 - $60,,,Needs Consultation before giving estimates,Needs Consultation before giving estimates,Needs Consultation before giving estimates,Needs Consultation before giving estimates,,,,Appointments Only,Appointments Only,,,
251,Fair Oaks Pet Hospital,(916) 436-0507,9722 Fair Oaks Blvd Suite A,Fair Oaks,95628,General Practice,"Tuesday: 8:30 AM – 5:00 PM
Wednesday: 8:30 AM – 5:00 PM
Thursday: 8:30 AM – 5:00 PM
Friday: 8:30 AM – 5:00 PM
Saturday: 8:30 AM – 5:00 PM",Called - Got Prices,,Yes,Yes,,,EXACT $93,No technician Fee,RANGES $40 - $50,RANGES $40 - $50,,,RANGES $40 - $50,RANGES $40 - $50,RANGES $40 - $50,,,STARTING $500,STARTING $500,STARTING $700,STARTING $700,,,,Appointments Only,Appointments Only,,,
252,Mercy Pet Hospital,(916) 961-1567,5227 Hazel Ave,Fair Oaks,95628,General Practice,"Tuesday: 8:00 AM – 5:00 PM
Wednesday: 8:00 AM – 5:00 PM
Thursday: 8:00 AM – 5:00 PM
Friday: 8:00 AM – 5:00 PM
Saturday: 8:00 AM – 5:00 PM
Sunday: 8:00 AM – 4:00 PM",Called - Got Prices,,Yes,Yes,,,EXACT $70,No technician Fee,RANGES $50 - $65,RANGES $50 - $65,,,RANGES $50 - $65,RANGES $50 - $65,RANGES $50 - $65,,,STARTING $700,STARTING $500,STARTING $700,STARTING $700,,,,Appointments Only,Appointments Only,,,
253,Old Towne Animal Hospital,(916) 961-8683,10530 Fair Oaks Blvd,Fair Oaks,95628,General Practice,"Monday: 7:30 AM – 6:30 PM
Tuesday: 7:30 AM – 6:30 PM
Wednesday: 7:30 AM – 6:30 PM
Thursday: 7:30 AM – 6:30 PM
Friday: 7:30 AM – 6:30 PM
Saturday: 7:30 AM – 6:30 PM
Sunday: 7:30 AM – 6:30 PM",Called - Got Prices,,Yes,Yes,,,EXACT $67,No technician Fee,RANGES $30 - $55,RANGES $30 - $55,,,RANGES $30 - $55,RANGES $30 - $55,RANGES $30 - $55,,,STARTING $450,STARTING $400,STARTING $800,STARTING $800,,,,Appointments Only,Appointments Only,,,
254,VCA Greenback Animal Hospital,(916) 725-1541,8311 Greenback Ln,Fair Oaks,95628,General Practice,"Tuesday: 7:30 AM – 6:00 PM
Wednesday: 7:30 AM – 6:00 PM
Thursday: 7:30 AM – 6:00 PM
Friday: 7:30 AM – 6:00 PM
Saturday: 7:30 AM – 6:00 PM
Sunday: 8:00 AM – 5:00 PM",Called - Got Prices,,Yes,Yes,,,EXACT $102,No technician Fee,RANGES $50 - $60,RANGES $50 - $60,,,RANGES $50 - $60,RANGES $50 - $60,RANGES $50 - $60,,,STARTING $850,STARTING $850,STARTING $1500,STARTING $1500,,,,Appointments Only,Appointments Only,,,
255,VCA Sunset Animal Medical Center,(916) 967-7768,7751 Sunset Ave,Fair Oaks,95628,General Practice,"Tuesday: 7:30 AM – 6:00 PM
Wednesday: 7:30 AM – 6:00 PM
Thursday: 7:30 AM – 6:00 PM
Friday: 7:30 AM – 6:00 PM
Saturday: 7:30 AM – 6:00 PM",Called - Got Prices,,Yes,Yes,,,EXACT $107,No technician Fee,RANGES $40 - $50,RANGES $40 - $50,,,RANGES $40 - $50,RANGES $40 - $50,RANGES $40 - $50,,,STARTING $900,STARTING $850,STARTING $1200,STARTING $1200,,,,Appointments Only,Appointments Only,,,
256,Fairfax Veterinary Clinic,(415) 454-8204,2084 Sir Francis Drake Blvd,Fairfax,94930,General Practice,"Monday: 8:00 AM – 6:00 PM
Tuesday: 8:00 AM – 6:00 PM
Wednesday: 8:00 AM – 6:00 PM
Thursday: 8:00 AM – 6:00 PM
Friday: 8:00 AM – 6:00 PM
Saturday: 9:00 AM – 1:00 PM
Sunday: Closed",Called - Got Prices,,Yes,Yes,,,EXACT $87,No technician Fee,RANGES $30 - $50,RANGES $30 - $50,,,RANGES $30 - $50,RANGES $30 - $50,RANGES $30 - $50,,,STARTING $600,STARTING $600,STARTING $1000,STARTING $1000,,,,EXACT $120,EXACT $120,,,
257,Ripples of Relief,(415) 936-5057,85 Bolinas Rd #5,Fairfax,94930,General Practice,"Monday: Closed
Tuesday: Closed
Wednesday: 9:00 AM – 6:00 PM
Thursday: Closed
Friday: Closed
Saturday: Closed
Sunday: Closed",,,,,,,,,,,,,,,,,,,,,,,,,,,,,
258,West Marin Pet Hospital,(415) 870-9335,767 Center Blvd,Fairfax,94930,General Practice,"Monday: 8:30 AM – 6:00 PM
Tuesday: 8:30 AM – 6:00 PM
Wednesday: 8:30 AM – 6:00 PM
Thursday: 8:30 AM – 6:00 PM
Friday: 8:30 AM – 6:00 PM
Saturday: Closed
Sunday: Closed",Called - Got Prices,,Yes,Yes,,,EXACT $70,No technician Fee,RANGES $30 - $50,RANGES $30 - $50,,,RANGES $30 - $50,RANGES $30 - $50,RANGES $30 - $50,,,Needs Consultation before giving estimates,Needs Consultation before giving estimates,Needs Consultation before giving estimates,Needs Consultation before giving estimates,,,,Appointments Only,Appointments Only,,,
259,Albern Pet Clinic,(707) 426-4710,1320 W Texas St,Fairfield,94533,General Practice,"Monday: 9:00 AM – 3:00 PM
Tuesday: 9:00 AM – 3:00 PM
Wednesday: 9:00 AM – 3:00 PM
Thursday: 9:00 AM – 3:00 PM
Friday: 9:00 AM – 3:00 PM
Saturday: Closed
Sunday: Closed",Called - Got Prices,,Yes,Yes,,,EXACT $92,No technician Fee,RANGES $40 - $60,RANGES $40 - $60,,,RANGES $40 - $60,RANGES $40 - $60,RANGES $40 - $60,,,Needs Consultation before giving estimates,Needs Consultation before giving estimates,Needs Consultation before giving estimates,Needs Consultation before giving estimates,,,,Appointments Only,Appointments Only,,,
260,Animal Hospital in Fairfield,(707) 422-9550,200 Alaska Ave,Fairfield,94533,General Practice,"Monday: 9:00 AM – 7:00 PM
Tuesday: 9:00 AM – 7:00 PM
Wednesday: 9:00 AM – 7:00 PM
Thursday: 9:00 AM – 7:00 PM
Friday: 9:00 AM – 7:00 PM
Saturday: 9:00 AM – 6:00 PM
Sunday: Closed",Called - Got Prices,,Yes,No,,,EXACT $86,No technician Fee,RANGES $20 - $50,RANGES $20 - $50,,,RANGES $20 - $50,RANGES $20 - $50,RANGES $20 - $50,,,STARTING $800,STARTING $800,STARTING $1000,STARTING $1000,,,,STARTING $150,STARTING $150,,,
261,Barney & Russum Animal Clinic,(707) 426-1761,2255 Boynton Ave,Fairfield,94533,General Practice,"Monday: 8:30 AM – 6:30 PM
Tuesday: 8:30 AM – 6:30 PM
Wednesday: 8:30 AM – 6:30 PM
Thursday: 8:30 AM – 6:30 PM
Friday: 8:30 AM – 6:30 PM
Saturday: Closed
Sunday: Closed",Called - Got Prices,,Yes,Yes,,,EXACT $93,No technician Fee,RANGES $30 - $50,RANGES $30 - $50,,,RANGES $30 - $50,RANGES $30 - $50,RANGES $30 - $50,,,STARTING $600,STARTING $600,STARTING $900,STARTING $900,,,,Appointments Only,Appointments Only,,,
262,Cal West Pet Hospital,(707) 425-0292,1941 N Texas St,Fairfield,94533,General Practice,"Monday: 8:30 AM – 1:00 PM, 3:00 – 5:00 PM
Tuesday: 8:30 AM – 1:00 PM, 3:00 – 5:00 PM
Wednesday: 8:30 AM – 1:00 PM, 3:00 – 5:00 PM
Thursday: 8:30 AM – 1:00 PM, 3:00 – 5:00 PM
Friday: 8:30 AM – 2:00 PM
Saturday: Closed
Sunday: Closed",Called - Got Prices,,Yes,Yes,,,EXACT $59,EXACT $20,RANGES $30 - $45,RANGES $30 - $45,,,RANGES $30 - $45,RANGES $30 - $45,RANGES $30 - $45,,,STARTING $600,STARTING $600,STARTING $800,STARTING $800,,,,Appointments Only,Appointments Only,,,
263,Fairfield Animal Hospital,(707) 428-5300,1067 Horizon Dr,Fairfield,94533,General Practice,"Monday: 7:45 AM – 6:00 PM
Tuesday: 7:45 AM – 6:00 PM
Wednesday: 7:45 AM – 6:00 PM
Thursday: 7:45 AM – 6:00 PM
Friday: 7:45 AM – 6:00 PM
Saturday: 8:00 AM – 3:00 PM
Sunday: Closed",Called - Got Prices,,Yes,Yes,,,EXACT $98,No technician Fee,RANGES $40 - $60,RANGES $40 - $60,,,RANGES $40 - $60,RANGES $40 - $60,RANGES $40 - $60,,,STARTING $800,STARTING $800,STARTING $1300,STARTING $1300,,,,Appointments Only,Appointments Only,,,
264,Parkway Animal Center,(707) 425-4050,1239 Western St,Fairfield,94533,General Practice,"Monday: 8:00 AM – 6:00 PM
Tuesday: 8:00 AM – 6:00 PM
Wednesday: 8:00 AM – 6:00 PM
Thursday: 8:00 AM – 6:00 PM
Friday: 8:00 AM – 6:00 PM
Saturday: 8:00 AM – 8:00 PM
Sunday: 8:00 AM – 8:00 PM",Called - Got Prices,,Yes,Yes,,,EXACT $76,No technician Fee,EXACT $38,EXACT $46,,,EXACT $46,EXACT $54,EXACT $ 45,,,STARTING $700,STARTING $700,STARTING $1000,STARTING $1000,,,,Appointments Only,Appointments Only,,,
265,Solano-Napa Pet ER Clinic,(707) 864-1444,4437 Central Pl Ste B3,Fairfield,94534,General Practice,"Monday: Open 24 hours
Tuesday: Open 24 hours
Wednesday: Open 24 hours
Thursday: Open 24 hours
Friday: Open 24 hours
Saturday: Open 24 hours
Sunday: Open 24 hours",Voicemail Left,,,,,,,,,,,,,,,,,,,,,,,,,,,,
266,Travis Vet Clinic,(707) 424-3010,411 Lane St Bldg 543,Fairfield,94535,General Practice,"Monday: 9:30 AM – 12:00 PM, 1:00 – 4:00 PM
Tuesday: 8:00 AM – 12:00 PM, 1:00 – 4:00 PM
Wednesday: 8:00 AM – 12:00 PM, 1:00 – 4:00 PM
Thursday: Closed
Friday: 8:00 AM – 12:00 PM, 1:00 – 3:00 PM
Saturday: Closed
Sunday: Closed",,,,,,,,,,,,,,,,,,,,,,,,,,,,,
267,All Creatures Veterinary Emergency Clinic | Folsom,(916) 984-8387,2210 E Bidwell St #100,Folsom,95630,General Practice,"Friday: 6:00 PM – 8:00 AM
Saturday: 6:00 PM – 12:00 AM",,,,,,,,,,,,,,,,,,,,,,,,,,,,,
268,Animal ONE - Folsom,(916) 314-0004,165 Placerville Rd #100,Folsom,95630,General Practice,"Tuesday: 8:00 AM – 5:30 PM
Wednesday: 8:00 AM – 5:30 PM
Thursday: 8:00 AM – 5:30 PM
Friday: 8:00 AM – 5:30 PM
Saturday: 8:00 AM – 5:30 PM
Sunday: 8:00 AM – 5:30 PM",Called - Got Prices,,Yes,Yes,,,EXACT $80,No technician Fee,RANGES $45 - $50,RANGES $45 - $50,,,RANGES $45 - $50,RANGES $45 - $50,RANGES $45 - $50,,,STARTING $800,STARTING $800,STARTING $1200,STARTING $1200,,,,Appointments Only,Appointments Only,,,
269,Blue Ravine Animal Hospital,(916) 984-0990,1770 Prairie City Rd,Folsom,95630,General Practice,"Tuesday: 7:00 AM – 6:00 PM
Wednesday: 7:00 AM – 6:00 PM
Thursday: 7:00 AM – 6:00 PM
Friday: 7:00 AM – 6:00 PM
Saturday: 7:00 AM – 6:00 PM
Sunday: 8:00 AM – 5:00 PM",Called - Got Prices,,Yes,Yes,,,EXACT $85,No technician Fee,RANGES $45 - $55,RANGES $45 - $55,,,RANGES $45 - $55,RANGES $45 - $55,RANGES $45 - $55,,,STARTING $900,STARTING $800,STARTING $1500,STARTING $1500,,,,Appointments Only,Appointments Only,,,
270,Cat Clinic of Folsom,(916) 988-7111,6693 Folsom-Auburn Rd N,Folsom,95630,General Practice,"Tuesday: 8:00 AM – 5:30 PM
Wednesday: 8:00 AM – 5:30 PM
Thursday: 8:00 AM – 5:00 PM
Friday: 8:00 AM – 5:30 PM
Saturday: 8:00 AM – 5:30 PM",No Answer,,,,,,,,,,,,,,,,,,,,,,,,,,,,
271,Crossroads Animal Hospital,(916) 989-2190,9500 Greenback Ln #26,Folsom,95630,General Practice,"Tuesday: 8:00 AM – 6:00 PM
Wednesday: 8:00 AM – 6:00 PM
Thursday: 8:00 AM – 6:00 PM
Friday: 8:00 AM – 6:00 PM
Saturday: 8:00 AM – 6:00 PM",Called - Got Prices,,,,,,EXACT $85,No technician Fee,RANGES $30 - $45,RANGES $30 - $45,,,RANGES $30 - $45,RANGES $30 - $45,RANGES $30 - $45,,,STARTING $600,STARTING $600,STARTING $900,STARTING $900,,,,Appointments Only,Appointments Only,,,
272,Folsom Ranch Veterinary Hospital and Urgent Care,(916) 936-1130,3260 E Bidwell St,Folsom,95630,General Practice,"Monday: 8:00 AM – 8:00 PM
Tuesday: 8:00 AM – 8:00 PM
Wednesday: 8:00 AM – 8:00 PM
Thursday: 8:00 AM – 8:00 PM
Friday: 8:00 AM – 8:00 PM
Saturday: 8:00 AM – 8:00 PM
Sunday: 8:00 AM – 8:00 PM",Called - Got Prices,,,,,,EXACT $87,No technician Fee,RANGES $33 - $55,RANGES $33 - $55,,,RANGES $33 - $55,RANGES $33 - $55,RANGES $33 - $55,,,STARTING $500,STARTING $500,STARTING $1000,STARTING $1000,,,,EXACT $138,EXACT $138,,,
273,Folsom Veterinary Hospital,(916) 985-4700,803 Reading St,Folsom,95630,General Practice,"Monday: 9:00 AM – 1:00 PM
Tuesday: 7:00 AM – 6:00 PM
Wednesday: 7:00 AM – 6:00 PM
Thursday: 7:00 AM – 6:00 PM
Friday: 7:00 AM – 6:00 PM
Saturday: 7:00 AM – 6:00 PM
Sunday: 8:00 AM – 4:00 PM",Called - Got Prices,,Yes,Yes,,,EXACT $79,No technician Fee,RANGES $27 - $45,RANGES $27 - $45,,,RANGES $27 - $45,RANGES $27 - $45,RANGES $27 - $45,,,STARTING $700,STARTING $700,STARTING $800,STARTING $800,,,,Appointments Only,EXACT $119,,,
274,Meridian Veterinary Care,(916) 342-1245,101 E Natoma St,Folsom,95630,General Practice,"Tuesday: 8:30 AM – 6:00 PM
Wednesday: 8:30 AM – 6:00 PM
Thursday: 8:30 AM – 6:00 PM
Friday: 8:30 AM – 6:00 PM
Saturday: 8:30 AM – 6:00 PM
Sunday: 9:00 AM – 3:00 PM",Called - Got Prices,,Yes,Yes,,,EXACT $92,No technician Fee,RANGES $36 - $45,RANGES $36 - $45,,,RANGES $36 - $45,RANGES $36 - $45,RANGES $36 - $45,,,STARTING $650,STARTING $650,STARTING $1300,STARTING $1300,,,,Appointments Only,Appointments Only,,,
275,Pet Vets of Folsom,(916) 983-8387,321 Iron Point Rd,Folsom,95630,General Practice,"Tuesday: 8:00 AM – 6:00 PM
Wednesday: 8:00 AM – 6:00 PM
Thursday: 8:00 AM – 6:00 PM
Friday: 8:00 AM – 6:00 PM
Saturday: 8:00 AM – 6:00 PM
Sunday: 9:00 AM – 3:00 PM",Called - Got Prices,,Yes,Yes,,,EXACT $73,No technician Fee,RANGES $36 - $45,RANGES $36 - $45,,,RANGES $36 - $45,RANGES $36 - $45,RANGES $36 - $45,,,STARTING $550,STARTING $550,STARTING $800,STARTING $800,,,,Appointments Only,Appointments Only,,,
276,Veterinary Medical Center of Folsom,(916) 805-5815,2766 E Bidwell St # 200,Folsom,95630,General Practice,"Tuesday: 7:00 AM – 7:00 PM
Wednesday: 7:00 AM – 7:00 PM
Thursday: 7:00 AM – 7:00 PM
Friday: 7:00 AM – 7:00 PM
Saturday: 7:00 AM – 7:00 PM
Sunday: 7:00 AM – 6:00 PM",,,,,,,,,,,,,,,,,,,,,,,,,,,,,
277,Willow Creek Veterinary Clinic,(916) 889-7387,120 Blue Ravine Rd #4,Folsom,95630,General Practice,"Tuesday: 9:00 AM – 5:00 PM
Wednesday: 9:00 AM – 5:00 PM
Thursday: 9:00 AM – 5:00 PM
Friday: 9:00 AM – 5:00 PM
Saturday: 9:00 AM – 5:00 PM",,,,,,,,,,,,,,,,,,,,,,,,,,,,,
278,Animal Cove Pet Hospital,(650) 377-0822,1940 Beach Park Blvd,Foster City,94404,General Practice,"Monday: 9:00 AM – 6:00 PM
Tuesday: 9:00 AM – 6:00 PM
Wednesday: 9:00 AM – 6:00 PM
Thursday: 9:00 AM – 6:00 PM
Friday: 9:00 AM – 6:00 PM
Saturday: 9:00 AM – 6:00 PM
Sunday: Closed",,,,,,,,,,,,,,,,,,,,,,,,,,,,,
279,Indy’s Place Pet Hospital,(650) 437-2339,1098 Foster City Blvd #102,Foster City,94404,General Practice,"Monday: 9:00 AM – 1:00 PM, 3:00 – 7:00 PM
Tuesday: 9:00 AM – 1:00 PM, 3:00 – 7:00 PM
Wednesday: 9:00 AM – 1:00 PM, 3:00 – 7:00 PM
Thursday: Closed
Friday: Closed
Saturday: 9:00 AM – 1:00 PM, 3:00 – 7:00 PM
Sunday: 9:00 AM – 1:00 PM, 3:00 – 7:00 PM",,,,,,,,,,,,,,,,,,,,,,,,,,,,,
280,Pajaro Valley Veterinary Hospital,(831) 722-3364,2013 Freedom Blvd,Freedom,95019,General Practice,"Tuesday: 8:00 AM – 6:00 PM
Wednesday: 8:00 AM – 6:00 PM
Thursday: 8:00 AM – 6:00 PM
Friday: 8:00 AM – 6:00 PM
Saturday: 8:00 AM – 6:00 PM
Sunday: 8:00 AM – 3:00 PM",,,,,,,,,,,,,,,,,,,,,,,,,,,,,
281,Aborn Pet Hospital,(510) 656-0223,40951 Grimmer Blvd,Fremont,94538,General Practice,"Tuesday: 8:00 AM – 6:00 PM
Wednesday: 8:00 AM – 6:00 PM
Thursday: 8:00 AM – 6:00 PM
Friday: 8:00 AM – 6:00 PM
Saturday: 8:00 AM – 6:00 PM
Sunday: 8:00 AM – 5:00 PM",,,,,,,,,,,,,,,,,,,,,,,,,,,,,
282,American Animal Care Center,(510) 791-0464,37177 Fremont Blvd,Fremont,94536,General Practice,"Monday: 8:00 AM – 8:00 PM
Tuesday: 8:00 AM – 8:00 PM
Wednesday: 8:00 AM – 8:00 PM
Thursday: 8:00 AM – 8:00 PM
Friday: 8:00 AM – 8:00 PM
Saturday: 8:00 AM – 8:00 PM
Sunday: 8:00 AM – 8:00 PM",,,,,,,,,,,,,,,,,,,,,,,,,,,,,
283,Animal Eye Care,(510) 623-0444,1612 Washington Blvd,Fremont,94539,General Practice,"Monday: 7:00 AM – 6:00 PM
Tuesday: 7:00 AM – 6:00 PM
Wednesday: 7:00 AM – 6:00 PM
Thursday: 7:00 AM – 6:00 PM
Friday: 7:00 AM – 6:00 PM
Saturday: Closed
Sunday: Closed",,,,,,,,,,,,,,,,,,,,,,,,,,,,,
284,Beacon Veterinary Specialists,(510) 657-6343,1618 Washington Blvd,Fremont,94539,General Practice,"Monday: Open 24 hours
Tuesday: Open 24 hours
Wednesday: Open 24 hours
Thursday: Open 24 hours
Friday: Open 24 hours
Saturday: Open 24 hours
Sunday: Open 24 hours",,,,,,,,,,,,,,,,,,,,,,,,,,,,,
285,Dunlap James DVM,(510) 797-7387,5245 Central Ave,Fremont,94536,General Practice,"Monday: 7:30 AM – 7:00 PM
Tuesday: 7:30 AM – 7:00 PM
Wednesday: 7:30 AM – 7:00 PM
Thursday: 7:30 AM – 7:00 PM
Friday: 7:30 AM – 7:00 PM
Saturday: Closed
Sunday: Closed",,,,,,,,,,,,,,,,,,,,,,,,,,,,,
286,For Paws Spay & Neuter Clinic,(510) 573-4660,3832 Peralta Blvd,Fremont,94536,General Practice,"Monday: 9:00 AM – 6:00 PM
Tuesday: 9:00 AM – 6:00 PM
Wednesday: Closed
Thursday: 9:00 AM – 6:00 PM
Friday: Closed
Saturday: Closed
Sunday: Closed",,,,,,,,,,,,,,,,,,,,,,,,,,,,,
287,Fremont Pet Hospital,(510) 651-3960,43391 Ellsworth St,Fremont,94539,General Practice,"Monday: 8:00 AM – 8:00 PM
Tuesday: 8:00 AM – 8:00 PM
Wednesday: 8:00 AM – 8:00 PM
Thursday: 8:00 AM – 8:00 PM
Friday: 8:00 AM – 8:00 PM
Saturday: 8:00 AM – 8:00 PM
Sunday: 8:00 AM – 8:00 PM",,,,,,,,,,,,,,,,,,,,,,,,,,,,,
288,Golden Paws Pet Clinic,(510) 767-4877,34241 Fremont Blvd,Fremont,94555,General Practice,"Tuesday: 9:00 AM – 6:00 PM
Wednesday: 9:00 AM – 6:00 PM
Thursday: 9:00 AM – 6:00 PM
Friday: 9:00 AM – 6:00 PM
Saturday: 9:00 AM – 6:00 PM",,,,,,,,,,,,,,,,,,,,,,,,,,,,,
289,Irvington Pet Hospital,(510) 657-4060,41180 Fremont Blvd,Fremont,94538,General Practice,"Tuesday: 7:00 AM – 6:00 PM
Wednesday: 7:00 AM – 6:00 PM
Thursday: 7:00 AM – 6:00 PM
Friday: 7:00 AM – 6:00 PM
Saturday: 7:00 AM – 6:00 PM
Sunday: 7:00 AM – 5:00 PM",,,,,,,,,,,,,,,,,,,,,,,,,,,,,
290,Mission Valley Veterinary Clinic,(510) 629-0910,55 Mowry Ave,Fremont,94536,General Practice,"Monday: 8:00 AM – 6:00 PM
Tuesday: 8:00 AM – 6:00 PM
Wednesday: 8:00 AM – 6:00 PM
Thursday: 8:00 AM – 6:00 PM
Friday: 8:00 AM – 6:00 PM
Saturday: 8:00 AM – 5:00 PM
Sunday: Closed",,,,,,,,,,,,,,,,,,,,,,,,,,,,,
291,Tricity Veterinary Hospital,(510) 796-8387,37177 Fremont Blvd,Fremont,94536,General Practice,"Monday: 9:00 AM – 2:00 PM
Tuesday: 7:00 AM – 7:00 PM
Wednesday: 7:00 AM – 7:00 PM
Thursday: 7:00 AM – 7:00 PM
Friday: 7:00 AM – 7:00 PM
Saturday: 7:00 AM – 7:00 PM
Sunday: 7:00 AM – 7:00 PM",,,,,,,,,,,,,,,,,,,,,,,,,,,,,
292,VCA Mission San Jose Animal Hospital,(510) 651-0100,1500 Washington Blvd,Fremont,94539,General Practice,"Monday: 9:00 AM – 6:00 PM
Tuesday: 9:00 AM – 6:00 PM
Wednesday: 9:00 AM – 6:00 PM
Thursday: 9:00 AM – 6:00 PM
Friday: 9:00 AM – 6:00 PM
Saturday: Closed
Sunday: Closed",,,,,,,,,,,,,,,,,,,,,,,,,,,,,
293,Warm Springs Pet Hospital,(510) 751-9390,45962 Warm Springs Blvd,Fremont,94539,General Practice,"Tuesday: 9:00 AM – 5:00 PM
Wednesday: 9:00 AM – 5:00 PM
Thursday: 9:00 AM – 5:00 PM
Friday: 9:00 AM – 5:00 PM
Saturday: 9:00 AM – 5:00 PM",,,,,,,,,,,,,,,,,,,,,,,,,,,,,
294,24/7 PetVets,(559) 486-0520,1639 N Fresno St,Fresno,93703,General Practice,Monday: Open 24 hours,,,,,,,,,,,,,,,,,,,,,,,,,,,,,
295,Abby Pet Hospital,(559) 442-1127,4508 E Ashlan Ave,Fresno,93726,General Practice,"Tuesday: 7:30 AM – 7:00 PM
Wednesday: 7:30 AM – 7:00 PM
Thursday: 7:30 AM – 7:00 PM
Friday: 7:30 AM – 7:00 PM
Saturday: 7:30 AM – 7:00 PM
Sunday: 9:00 AM – 2:00 PM",,,,,,,,,,,,,,,,,,,,,,,,,,,,,
296,All Creatures Vet Clinic,(559) 449-4551,6575 N Santa Fe Ave,Fresno,93722,General Practice,"Tuesday: 7:00 AM – 5:00 PM
Wednesday: 7:00 AM – 5:00 PM
Thursday: 7:00 AM – 5:00 PM
Friday: 7:00 AM – 5:00 PM
Saturday: 7:00 AM – 5:00 PM
Sunday: 8:00 AM – 12:00 PM",,,,,,,,,,,,,,,,,,,,,,,,,,,,,
297,Animal Hospital & Dental Clinic,(559) 227-5575,5169 N Blackstone Ave,Fresno,93710,General Practice,"Tuesday: 8:00 AM – 6:00 PM
Wednesday: 8:00 AM – 6:00 PM
Thursday: 8:00 AM – 6:00 PM
Friday: 8:00 AM – 6:00 PM
Saturday: 9:00 AM – 5:00 PM",,,,,,,,,,,,,,,,,,,,,,,,,,,,,
298,BluePearl Pet Hospital,(559) 437-3766,7375 N Palm Bluffs Ave,Fresno,93711,General Practice,Monday: Open 24 hours,,,,,,,,,,,,,,,,,,,,,,,,,,,,,
299,Bullard Marks Veterinary Medical Center,(559) 432-0887,3098 W Bullard Ave,Fresno,93711,General Practice,"Tuesday: 8:30 AM – 5:30 PM
Wednesday: 8:30 AM – 5:30 PM
Thursday: 8:30 AM – 5:30 PM
Friday: 8:30 AM – 5:30 PM
Saturday: 8:30 AM – 5:30 PM",,,,,,,,,,,,,,,,,,,,,,,,,,,,,
300,Care Veterinary Hospital,(559) 322-7100,8084 N Cedar Ave,Fresno,93720,General Practice,"Tuesday: 8:00 AM – 5:00 PM
Wednesday: 8:00 AM – 5:00 PM
Thursday: 8:00 AM – 5:00 PM
Friday: 8:00 AM – 5:00 PM
Saturday: 8:00 AM – 5:00 PM
Sunday: 8:00 AM – 3:00 PM",,,,,,,,,,,,,,,,,,,,,,,,,,,,,
301,Cedar Veterinary Hospital,(559) 251-7141,1602 N Cedar Ave,Fresno,93703,General Practice,"Monday: 8:00 AM – 8:00 PM
Tuesday: 8:00 AM – 8:00 PM
Wednesday: 8:00 AM – 8:00 PM
Thursday: 8:00 AM – 8:00 PM
Friday: 8:00 AM – 8:00 PM
Saturday: 8:00 AM – 8:00 PM
Sunday: 8:00 AM – 8:00 PM",,,,,,,,,,,,,,,,,,,,,,,,,,,,,
302,Charlene Hagus DVM,(559) 292-7393,2588 N Temperance Ave,Fresno,93727,General Practice,"Tuesday: 9:00 AM – 12:00 PM
Tuesday: 1:30 PM – 4:00 PM
Wednesday: 9:00 AM – 12:00 PM
Wednesday: 1:30 PM – 4:00 PM
Thursday: 9:00 AM – 12:00 PM
Thursday: 1:30 PM – 4:00 PM
Friday: 9:00 AM – 12:00 PM
Friday: 1:30 PM – 4:00 PM
Saturday: 9:00 AM – 12:00 PM
Saturday: 1:30 PM – 4:00 PM
Sunday: 8:00 AM – 11:00 AM",,,,,,,,,,,,,,,,,,,,,,,,,,,,,
303,Dog & Cat Veterinary Clinic,(559) 225-5233,4338 E Shields Ave,Fresno,93726,General Practice,"Tuesday: 8:00 AM – 5:00 PM
Wednesday: 8:00 AM – 5:00 PM
Thursday: 8:00 AM – 5:00 PM
Friday: 8:00 AM – 5:00 PM
Saturday: 8:00 AM – 12:00 PM
Saturday: 3:00 PM – 5:00 PM
Sunday: 8:00 AM – 12:00 PM",,,,,,,,,,,,,,,,,,,,,,,,,,,,,
304,Elm Veterinary Hospital,(559) 233-0313,2338 S Elm Ave,Fresno,93706,General Practice,"Tuesday: 7:30 AM – 11:00 AM
Wednesday: 7:30 AM – 11:00 AM
Thursday: 7:30 AM – 11:00 AM
Friday: 7:30 AM – 11:00 AM
Saturday: 7:30 AM – 11:00 AM",,,,,,,,,,,,,,,,,,,,,,,,,,,,,
305,Fresno Veterinary Specialty and Emergency Center,(559) 451-0800,6606 N Blackstone Ave,Fresno,93710,General Practice,Monday: Open 24 hours,,,,,,,,,,,,,,,,,,,,,,,,,,,,,
306,HOPE Animal Foundation,(559) 271-0209,5490 W Spruce Ave,Fresno,93722,General Practice,"Tuesday: 7:30 AM – 4:30 PM
Wednesday: 7:30 AM – 4:30 PM
Thursday: 7:30 AM – 4:30 PM
Friday: 7:30 AM – 4:30 PM",,,,,,,,,,,,,,,,,,,,,,,,,,,,,
307,Maroa Track Pet Hospital,(559) 492-3355,2845 N Maroa Ave,Fresno,93704,General Practice,"Monday: 9:00 AM – 4:00 PM
Wednesday: 9:00 AM – 5:00 PM
Thursday: 9:00 AM – 5:00 PM
Friday: 9:00 AM – 5:00 PM
Saturday: 9:00 AM – 5:00 PM
Sunday: 9:00 AM – 4:00 PM",,,,,,,,,,,,,,,,,,,,,,,,,,,,,
308,Northpointe Animal Hospital,(559) 434-5470,1916 E Copper Ave Suite 101,Fresno,93730,General Practice,"Tuesday: 8:00 AM – 6:00 PM
Wednesday: 8:00 AM – 6:00 PM
Thursday: 8:00 AM – 6:00 PM
Friday: 8:00 AM – 6:00 PM
Saturday: 8:00 AM – 6:00 PM",,,,,,,,,,,,,,,,,,,,,,,,,,,,,
309,Olive Veterinary Hospital,(559) 255-0698,4677 E Olive Ave,Fresno,93702,General Practice,,,,,,,,,,,,,,,,,,,,,,,,,,,,,,
310,Palm Bluff Veterinary Hospital,(559) 432-3300,7425 N Palm Bluffs Ave #104,Fresno,93711,General Practice,"Tuesday: 8:00 AM – 5:00 PM
Wednesday: 8:00 AM – 5:00 PM
Thursday: 8:00 AM – 5:00 PM
Friday: 8:00 AM – 5:00 PM
Saturday: 8:00 AM – 4:00 PM",,,,,,,,,,,,,,,,,,,,,,,,,,,,,
311,Pamoist Pet Hospital,(559) 271-2400,5591 W Shaw Ave,Fresno,93722,General Practice,"Tuesday: 8:00 AM – 7:00 PM
Wednesday: 8:00 AM – 7:00 PM
Thursday: 8:00 AM – 7:00 PM
Friday: 8:00 AM – 7:00 PM
Saturday: 8:00 AM – 7:00 PM
Sunday: 8:00 AM – 4:00 PM",,,,,,,,,,,,,,,,,,,,,,,,,,,,,
312,Pet Medical Center & Spa,(559) 436-4444,621 W Fallbrook Ave,Fresno,93711,General Practice,"Tuesday: 8:00 AM – 5:00 PM
Wednesday: 8:00 AM – 5:00 PM
Thursday: 8:00 AM – 5:00 PM
Friday: 8:00 AM – 5:00 PM
Saturday: 8:00 AM – 5:00 PM",,,,,,,,,,,,,,,,,,,,,,,,,,,,,
313,Riverpark Pet Hospital,(559) 712-7387,9433 N Fort Washington Rd #101,Fresno,93730,General Practice,"Tuesday: 8:00 AM – 6:00 PM
Wednesday: 8:00 AM – 6:00 PM
Thursday: 8:00 AM – 6:00 PM
Friday: 8:00 AM – 6:00 PM
Saturday: 8:00 AM – 6:00 PM",,,,,,,,,,,,,,,,,,,,,,,,,,,,,
314,San Joaquin Veterinary Hospital,(559) 227-3596,7705 N First St,Fresno,93720,General Practice,"Tuesday: 7:30 AM – 6:00 PM
Wednesday: 7:30 AM – 6:00 PM
Thursday: 7:30 AM – 6:00 PM
Friday: 7:30 AM – 6:00 PM
Saturday: 7:30 AM – 6:00 PM",,,,,,,,,,,,,,,,,,,,,,,,,,,,,
315,Shepherd Pet Hospital,(559) 337-6009,8941 N Chestnut Ave,Fresno,93720,General Practice,"Tuesday: 9:00 AM – 6:00 PM
Wednesday: 9:00 AM – 6:00 PM
Thursday: 9:00 AM – 6:00 PM
Friday: 9:00 AM – 6:00 PM
Saturday: 9:00 AM – 6:00 PM",,,,,,,,,,,,,,,,,,,,,,,,,,,,,
316,Shield Stone Pet Hospital,(559) 222-2800,1610 E Shields Ave,Fresno,93704,General Practice,"Tuesday: 8:00 AM – 5:00 PM
Wednesday: 8:00 AM – 5:00 PM
Thursday: 8:00 AM – 5:00 PM
Friday: 8:00 AM – 5:00 PM
Saturday: 8:00 AM – 5:00 PM
Sunday: 9:00 AM – 12:30 PM",,,,,,,,,,,,,,,,,,,,,,,,,,,,,
317,Sierra View Animal Hospital,(559) 432-1200,93 E Sierra Ave,Fresno,93710,General Practice,"Tuesday: 7:00 AM – 6:00 PM
Wednesday: 7:00 AM – 6:00 PM
Thursday: 7:00 AM – 6:00 PM
Friday: 7:00 AM – 6:00 PM
Saturday: 7:00 AM – 6:00 PM",,,,,,,,,,,,,,,,,,,,,,,,,,,,,
318,Sunnyside Pet Hospital,(559) 251-2463,6061 E Kings Canyon Rd,Fresno,93727,General Practice,"Tuesday: 8:00 AM – 6:00 PM
Wednesday: 8:00 AM – 6:00 PM
Thursday: 8:00 AM – 6:00 PM
Friday: 8:00 AM – 6:00 PM
Saturday: 8:00 AM – 6:00 PM",,,,,,,,,,,,,,,,,,,,,,,,,,,,,
319,Valley Animal Center,(559) 233-8690,3934 N Hayston Ave,Fresno,93726,General Practice,"Monday: 9:00 AM – 5:00 PM
Tuesday: 9:00 AM – 5:00 PM
Wednesday: 9:00 AM – 5:00 PM
Thursday: 9:00 AM – 5:00 PM
Friday: 9:00 AM – 5:00 PM
Saturday: 9:00 AM – 5:00 PM
Sunday: 9:00 AM – 5:00 PM",,,,,,,,,,,,,,,,,,,,,,,,,,,,,
320,Waterhouse Animal Hospital,(559) 434-4000,1115 E Champlain Dr,Fresno,93720,General Practice,"Monday: 8:00 AM – 4:00 PM
Tuesday: 7:30 AM – 6:00 PM
Wednesday: 7:30 AM – 6:00 PM
Thursday: 7:30 AM – 6:00 PM
Friday: 7:30 AM – 6:00 PM
Saturday: 7:30 AM – 6:00 PM
Sunday: 8:00 AM – 4:00 PM",,,,,,,,,,,,,,,,,,,,,,,,,,,,,
321,eMASH (mobile animal services hospital),(408) 847-1122,10825 Watsonville Rd,Gilroy,95020,General Practice,,,,,,,,,,,,,,,,,,,,,,,,,,,,,,
322,Gilroy Veterinary Hospital,(408) 842-9348,9565 Monterey Rd,Gilroy,95020,General Practice,"Tuesday: 8:00 AM – 5:00 PM
Wednesday: 8:00 AM – 5:00 PM
Thursday: 8:00 AM – 5:00 PM
Friday: 8:00 AM – 5:00 PM
Saturday: 8:00 AM – 4:30 PM",,,,,,,,,,,,,,,,,,,,,,,,,,,,,
323,Mission Valley Veterinary,(408) 842-2899,8010 Wayland Ln,Gilroy,95020,General Practice,,,,,,,,,,,,,,,,,,,,,,,,,,,,,,
324,Orchard Veterinary Hospital,(408) 842-1333,1205 1st St,Gilroy,95020,General Practice,"Monday: 8:00 AM – 6:00 PM
Tuesday: 8:00 AM – 7:00 PM
Wednesday: 8:00 AM – 7:00 PM
Thursday: 8:00 AM – 7:00 PM
Friday: 8:00 AM – 7:00 PM
Saturday: 8:00 AM – 7:00 PM
Sunday: 8:00 AM – 7:00 PM",,,,,,,,,,,,,,,,,,,,,,,,,,,,,
325,"Princevalle Pet Hospital, Inc.",(408) 848-3443,7995 Princevalle St #100,Gilroy,95020,General Practice,"Tuesday: 9:00 AM – 5:00 PM
Wednesday: 9:00 AM – 5:00 PM
Thursday: 9:00 AM – 5:00 PM
Friday: 9:00 AM – 5:00 PM
Saturday: 9:00 AM – 5:00 PM",,,,,,,,,,,,,,,,,,,,,,,,,,,,,
326,Tri-County Veterinary Hospital,(408) 848-8886,9700 No Name Uno,Gilroy,95020,General Practice,"Tuesday: 8:00 AM – 5:00 PM
Wednesday: 8:00 AM – 5:00 PM
Thursday: 8:00 AM – 5:00 PM
Friday: 8:00 AM – 5:00 PM
Saturday: 8:00 AM – 5:00 PM",,,,,,,,,,,,,,,,,,,,,,,,,,,,,
327,Valley Equine Hospital,(408) 847-3118,9700 No Name Uno,Gilroy,95020,General Practice,"Tuesday: 8:00 AM – 5:00 PM
Wednesday: 8:00 AM – 5:00 PM
Thursday: 8:00 AM – 5:00 PM
Friday: 8:00 AM – 5:00 PM
Saturday: 8:00 AM – 5:00 PM",,,,,,,,,,,,,,,,,,,,,,,,,,,,,
328,Gold River Pet Hospital,(916) 638-5838,11297 Coloma Rd,Gold River,95670,General Practice,"Tuesday: 8:30 AM – 6:00 PM
Wednesday: 8:30 AM – 6:00 PM
Thursday: 8:30 AM – 2:00 PM
Friday: 8:30 AM – 6:00 PM
Saturday: 8:30 AM – 6:00 PM
Sunday: 7:30 AM – 4:00 PM",,,,,,,,,,,,,,,,,,,,,,,,,,,,,
329,Animal Emergency Clinic,(909) 825-9350,22085 Commerce Wy,Grand Terrace,92313,General Practice,"Wednesday: 7:00 PM – 8:00 AM
Thursday: 6:00 PM – 8:00 AM
Friday: 6:00 PM – 8:00 AM
Saturday: 6:00 PM – 12:00 AM",,,,,,,,,,,,,,,,,,,,,,,,,,,,,
330,Granite Bay Veterinary Clinic,(916) 791-1143,6500 Douglas Blvd,Granite Bay,95746,General Practice,"Tuesday: 8:00 AM – 6:00 PM
Wednesday: 8:00 AM – 6:00 PM
Thursday: 8:00 AM – 6:00 PM
Friday: 8:00 AM – 6:00 PM
Saturday: 8:00 AM – 6:00 PM",,,,,,,,,,,,,,,,,,,,,,,,,,,,,
331,Veterinary Medical Center of Granite Bay,(916) 885-0400,5280 Douglas Blvd Suite 101,Granite Bay,95746,General Practice,"Tuesday: 10:00 AM – 7:00 PM
Wednesday: 10:00 AM – 7:00 PM
Thursday: 10:00 AM – 7:00 PM
Friday: 10:00 AM – 7:00 PM
Saturday: 10:00 AM – 7:00 PM",,,,,,,,,,,,,,,,,,,,,,,,,,,,,
332,AnimalSave -Spay & Neuter Clinic,(530) 477-1706,520 E Main St,Grass Valley,95945,General Practice,"Tuesday: 10:00 AM – 5:00 PM
Wednesday: 10:00 AM – 5:00 PM
Thursday: 10:00 AM – 5:00 PM
Friday: 10:00 AM – 5:00 PM
Saturday: 10:00 AM – 5:00 PM
Sunday: 11:00 AM – 2:00 PM",,,,,,,,,,,,,,,,,,,,,,,,,,,,,
333,At the Farm Mobile Veterinary Service Inc,(530) 268-5723,101 W McKnight Way,Grass Valley,95949,General Practice,"Tuesday: 8:00 AM – 5:00 PM
Wednesday: 8:00 AM – 5:00 PM
Thursday: 8:00 AM – 5:00 PM
Friday: 8:00 AM – 5:00 PM
Saturday: 8:00 AM – 5:00 PM",,,,,,,,,,,,,,,,,,,,,,,,,,,,,
334,Bear River Mobile Vet Services Inc,(530) 559-8910,14145 Wolf Rd,Grass Valley,95949,General Practice,"Tuesday: 9:00 AM – 4:00 PM
Wednesday: 9:00 AM – 4:00 PM
Thursday: 9:00 AM – 4:00 PM
Friday: 9:00 AM – 4:00 PM
Saturday: 9:00 AM – 4:00 PM",,,,,,,,,,,,,,,,,,,,,,,,,,,,,
335,Best Friends Animal Clinic,(530) 272-2817,13895 Colfax Hwy,Grass Valley,95945,General Practice,"Tuesday: 8:30 AM – 5:30 PM
Wednesday: 8:30 AM – 5:30 PM
Thursday: 8:30 AM – 5:30 PM
Friday: 8:30 AM – 5:30 PM
Saturday: 8:30 AM – 5:30 PM",,,,,,,,,,,,,,,,,,,,,,,,,,,,,
336,Brighton Greens Veterinary Hospital,(530) 477-6863,996 McCourtney Rd A,Grass Valley,95949,General Practice,"Tuesday: 8:00 AM – 5:30 PM
Wednesday: 8:00 AM – 5:30 PM
Thursday: 8:00 AM – 5:30 PM
Friday: 8:00 AM – 5:30 PM
Saturday: 8:00 AM – 5:30 PM",,,,,,,,,,,,,,,,,,,,,,,,,,,,,
337,Brunswick Veterinary Clinic,(530) 477-2287,131 Olympia Park Rd,Grass Valley,95945,General Practice,"Tuesday: 8:00 AM – 5:00 PM
Wednesday: 8:00 AM – 5:00 PM
Thursday: 8:00 AM – 5:00 PM
Friday: 8:00 AM – 5:00 PM
Saturday: 8:00 AM – 5:00 PM
Sunday: 9:00 AM – 3:00 PM",,,,,,,,,,,,,,,,,,,,,,,,,,,,,
338,Dr. Paula's Mobile Veterinary Service,(310) 953-2270,19039 Rosemary Ln,Grass Valley,95949,General Practice,"Tuesday: 8:30 AM – 3:00 PM
Wednesday: 8:30 AM – 3:00 PM
Thursday: 8:30 AM – 3:00 PM
Friday: 8:30 AM – 3:00 PM
Saturday: 8:30 AM – 3:00 PM",,,,,,,,,,,,,,,,,,,,,,,,,,,,,
339,Elaine N Krieg DVM,(530) 269-4438,22248 E Hacienda Dr,Grass Valley,95949,General Practice,"Monday: 8:00 AM – 8:00 PM
Tuesday: 8:00 AM – 8:00 PM
Wednesday: 8:00 AM – 8:00 PM
Thursday: 8:00 AM – 8:00 PM
Friday: 8:00 AM – 8:00 PM",,,,,,,,,,,,,,,,,,,,,,,,,,,,,
340,Grass Valley Equine,(530) 477-4500,"Grass Valley, CA 95945, USA",Grass Valley,95945,General Practice,,,,,,,,,,,,,,,,,,,,,,,,,,,,,,
341,Grass Valley Veterinary Hospital,(530) 273-7272,11101 Rough and Ready Hwy,Grass Valley,95945,General Practice,"Tuesday: 8:00 AM – 12:00 PM
Tuesday: 1:00 PM – 5:30 PM
Wednesday: 8:00 AM – 12:00 PM
Wednesday: 1:00 PM – 5:30 PM
Thursday: 8:00 AM – 12:00 PM
Thursday: 1:00 PM – 5:30 PM
Friday: 8:00 AM – 12:00 PM
Friday: 1:00 PM – 5:30 PM
Saturday: 8:00 AM – 12:00 PM
Saturday: 1:00 PM – 5:30 PM",,,,,,,,,,,,,,,,,,,,,,,,,,,,,
342,Incredible Pets of Grass Valley,(530) 272-7701,649 Sutton Way,Grass Valley,95945,General Practice,"Monday: 10:00 AM – 5:00 PM
Tuesday: 9:00 AM – 7:00 PM
Wednesday: 9:00 AM – 7:00 PM
Thursday: 9:00 AM – 7:00 PM
Friday: 9:00 AM – 7:00 PM
Saturday: 9:00 AM – 7:00 PM
Sunday: 9:00 AM – 6:30 PM",,,,,,,,,,,,,,,,,,,,,,,,,,,,,
343,Mother Lode Veterinary Hospital,(530) 272-6651,509 Amsel Way,Grass Valley,95945,General Practice,"Tuesday: 8:00 AM – 5:30 PM
Wednesday: 8:00 AM – 5:30 PM
Thursday: 8:00 AM – 5:30 PM
Friday: 8:00 AM – 5:30 PM
Saturday: 8:00 AM – 5:30 PM",,,,,,,,,,,,,,,,,,,,,,,,,,,,,
344,"Sirius Canine Fertility, inc",(530) 273-9123,12444 Nevada City Hwy,Grass Valley,95945,General Practice,"Tuesday: 9:00 AM – 5:00 PM
Wednesday: 9:00 AM – 5:00 PM
Thursday: 9:00 AM – 1:00 PM
Friday: 9:00 AM – 5:00 PM
Saturday: 9:00 AM – 5:00 PM",,,,,,,,,,,,,,,,,,,,,,,,,,,,,
345,Wolf Creek Veterinary Hospital,(530) 477-5683,561 Idaho Maryland Rd,Grass Valley,95945,General Practice,"Tuesday: 8:30 AM – 1:00 PM
Tuesday: 2:00 PM – 6:00 PM
Wednesday: 8:30 AM – 1:00 PM
Wednesday: 2:00 PM – 6:00 PM
Thursday: 8:30 AM – 1:00 PM
Thursday: 2:00 PM – 6:00 PM
Friday: 8:30 AM – 6:00 PM
Saturday: 8:30 AM – 1:00 PM
Saturday: 2:00 PM – 6:00 PM",,,,,,,,,,,,,,,,,,,,,,,,,,,,,
346,Bon Air Pet Hospital,(415) 376-5226,120 Bon Air Center,Greenbrae,94904,General Practice,"Monday: 8:00 AM – 6:00 PM
Tuesday: 8:00 AM – 6:00 PM
Wednesday: 8:00 AM – 6:00 PM
Thursday: 8:00 AM – 6:00 PM
Friday: 8:00 AM – 6:00 PM
Saturday: 8:00 AM – 4:00 PM
Sunday: Closed",,,,,,,,,,,,,,,,,,,,,,,,,,,,,
347,"Dr. Manchester, DVM",(415) 413-0306,2104 Redwood Hwy,Greenbrae,94904,General Practice,"Monday: 7:30 AM – 6:00 PM
Tuesday: 7:30 AM – 6:00 PM
Wednesday: 7:30 AM – 6:00 PM
Thursday: 7:30 AM – 6:00 PM
Friday: 7:30 AM – 6:00 PM
Saturday: 7:30 AM – 4:00 PM
Sunday: Closed",,,,,,,,,,,,,,,,,,,,,,,,,,,,,
348,Family Animal Hospital,(415) 457-3724,943 Sir Francis Drake Blvd #c,Greenbrae,94904,General Practice,"Monday: 9:00 AM – 6:00 PM
Tuesday: 9:00 AM – 6:00 PM
Wednesday: 9:00 AM – 6:00 PM
Thursday: 9:00 AM – 6:00 PM
Friday: 9:00 AM – 6:00 PM
Saturday: 9:00 AM – 1:00 PM
Sunday: Closed",,,,,,,,,,,,,,,,,,,,,,,,,,,,,
349,Redwood Pet Clinic,(415) 924-3493,2104 Redwood Hwy,Greenbrae,94904,General Practice,"Monday: 7:30 AM – 6:00 PM
Tuesday: 7:30 AM – 6:00 PM
Wednesday: Closed
Thursday: 7:30 AM – 6:00 PM
Friday: 7:30 AM – 6:00 PM
Saturday: Closed
Sunday: Closed",,,,,,,,,,,,,,,,,,,,,,,,,,,,,
350,Gridley Veterinary Hospital,(530) 846-6212,27 E Gridley Rd A,Gridley,95948,General Practice,"Tuesday: 7:30 AM – 5:30 PM
Wednesday: 7:30 AM – 5:30 PM
Thursday: 7:30 AM – 5:30 PM
Friday: 7:30 AM – 5:30 PM",,,,,,,,,,,,,,,,,,,,,,,,,,,,,
351,Milbradt Veterinary Hospital,(530) 695-8500,3079 Riviera Rd,Gridley,95948,General Practice,"Tuesday: 8:00 AM – 5:30 PM
Wednesday: 8:00 AM – 5:30 PM
Thursday: 8:00 AM – 5:30 PM
Friday: 8:00 AM – 5:30 PM
Saturday: 8:00 AM – 5:00 PM",,,,,,,,,,,,,,,,,,,,,,,,,,,,,
352,Central Vet Imaging,(805) 904-6771,555 S 13th St Suite A,Grover Beach,93433,General Practice,"Tuesday: 9:00 AM – 5:00 PM
Wednesday: 9:00 AM – 5:00 PM
Thursday: 9:00 AM – 5:00 PM
Friday: 9:00 AM – 5:00 PM
Saturday: 9:00 AM – 5:00 PM",,,,,,,,,,,,,,,,,,,,,,,,,,,,,
353,Monarch Dunes Veterinary Clinic,(805) 481-6641,600 W Grand Ave,Grover Beach,93433,General Practice,"Tuesday: 8:00 AM – 5:30 PM
Wednesday: 8:00 AM – 5:30 PM
Thursday: 8:00 AM – 5:30 PM
Friday: 8:00 AM – 5:30 PM
Saturday: 8:00 AM – 5:30 PM",,,,,,,,,,,,,,,,,,,,,,,,,,,,,
354,Animal Hospital Spay Clinic,null,15708 Gale Ave,Hacienda Heights,91745,General Practice,,,,,,,,,,,,,,,,,,,,,,,,,,,,,,
355,Colima Animal Hospital,(626) 912-9411,3205 S Hacienda Blvd,Hacienda Heights,91745,General Practice,"Tuesday: 7:00 AM – 7:00 PM
Wednesday: 7:00 AM – 7:00 PM
Thursday: 7:00 AM – 7:00 PM
Friday: 7:00 AM – 7:00 PM
Saturday: 7:00 AM – 7:00 PM
Sunday: 7:00 AM – 4:00 PM",,,,,,,,,,,,,,,,,,,,,,,,,,,,,
356,St Francis Animal Hospital,(626) 968-4709,15708 Gale Ave,Hacienda Heights,91745,General Practice,"Tuesday: 8:00 AM – 5:00 PM
Wednesday: 8:00 AM – 5:00 PM
Thursday: 8:00 AM – 3:00 PM
Friday: 8:00 AM – 5:00 PM
Saturday: 8:00 AM – 5:00 PM
Sunday: 8:00 AM – 12:00 PM",,,,,,,,,,,,,,,,,,,,,,,,,,,,,
357,"Coastside Veterinary Clinic, Inc.",(650) 726-9738,625 Purissima St,Half Moon Bay,94019,General Practice,"Monday: 7:00 AM – 5:00 PM
Tuesday: 7:00 AM – 5:00 PM
Wednesday: 7:00 AM – 5:00 PM
Thursday: 7:00 AM – 5:00 PM
Friday: 7:00 AM – 5:00 PM
Saturday: Closed
Sunday: Closed",,,,,,,,,,,,,,,,,,,,,,,,,,,,,
358,"Griffith, Rachel DVM - VCA Half Moon Bay Animal Hospital",(415) 454-4994,645 Correas St,Half Moon Bay,94019,General Practice,"Monday: 8:00 AM – 6:00 PM
Tuesday: 8:00 AM – 6:00 PM
Wednesday: 8:00 AM – 6:00 PM
Thursday: 8:00 AM – 6:00 PM
Friday: 8:00 AM – 6:00 PM
Saturday: 8:00 AM – 4:00 PM
Sunday: Closed",,,,,,,,,,,,,,,,,,,,,,,,,,,,,
359,Macinnes Susan DVM,(650) 726-3445,1600 Cabrillo Hwy,Half Moon Bay,94019,General Practice,"Monday: 10:00 AM – 6:00 PM
Tuesday: 10:00 AM – 6:00 PM
Wednesday: 10:00 AM – 6:00 PM
Thursday: 10:00 AM – 6:00 PM
Friday: 10:00 AM – 6:00 PM
Saturday: Closed
Sunday: Closed",,,,,,,,,,,,,,,,,,,,,,,,,,,,,
360,VCA Half Moon Bay Animal Hospital,(650) 726-9061,645 Correas St,Half Moon Bay,94019,General Practice,"Monday: 8:00 AM – 6:00 PM
Tuesday: 8:00 AM – 6:00 PM
Wednesday: 8:00 AM – 6:00 PM
Thursday: 8:00 AM – 6:00 PM
Friday: 8:00 AM – 6:00 PM
Saturday: 8:00 AM – 4:00 PM
Sunday: Closed",,,,,,,,,,,,,,,,,,,,,,,,,,,,,
361,Hanford Veterinary Hospital,(559) 584-4481,1417 Glendale Ave,Hanford,93230,General Practice,"Tuesday: 8:00 AM – 5:00 PM
Wednesday: 8:00 AM – 5:00 PM
Thursday: 8:00 AM – 5:00 PM
Friday: 8:00 AM – 12:00 PM
Friday: 2:00 PM – 5:00 PM
Saturday: 8:00 AM – 5:00 PM",,,,,,,,,,,,,,,,,,,,,,,,,,,,,
362,Lacey Animal Hospital Hanford,(559) 584-9251,1863 W Lacey Blvd,Hanford,93230,General Practice,"Tuesday: 8:00 AM – 5:00 PM
Wednesday: 8:00 AM – 5:00 PM
Thursday: 8:00 AM – 5:00 PM
Friday: 8:00 AM – 5:00 PM
Saturday: 8:00 AM – 5:00 PM",,,,,,,,,,,,,,,,,,,,,,,,,,,,,
363,Veterinary Pharmaceuticals Inc,(559) 582-6800,13159 13th Rd W,Hanford,93230,General Practice,"Tuesday: 8:00 AM – 5:00 PM
Wednesday: 8:00 AM – 5:00 PM
Thursday: 8:00 AM – 5:00 PM
Friday: 8:00 AM – 5:00 PM
Saturday: 8:00 AM – 5:00 PM",,,,,,,,,,,,,,,,,,,,,,,,,,,,,
364,Ciel Animal Hospital,(562) 541-1288,22017 Norwalk Blvd,Hawaiian Gardens,90716,General Practice,"Tuesday: 9:00 AM – 6:00 PM
Wednesday: 9:00 AM – 6:00 PM
Thursday: 9:00 AM – 6:00 PM
Friday: 9:00 AM – 6:00 PM
Saturday: 9:00 AM – 6:00 PM",,,,,,,,,,,,,,,,,,,,,,,,,,,,,
365,Alta Vista Veterinary Clinic,(510) 537-3562,27641 Mission Blvd,Hayward,94544,General Practice,"Tuesday: 9:00 AM – 6:00 PM
Wednesday: 11:00 AM – 4:00 PM
Thursday: 9:00 AM – 8:00 PM
Friday: 9:00 AM – 6:00 PM
Saturday: 9:00 AM – 6:00 PM
Sunday: 9:00 AM – 2:00 PM",,,,,,,,,,,,,,,,,,,,,,,,,,,,,
366,Chabot Veterinary Clinic,(510) 538-2330,20877 Foothill Blvd,Hayward,94541,General Practice,"Tuesday: 8:00 AM – 6:00 PM
Wednesday: 8:00 AM – 6:00 PM
Thursday: 8:00 AM – 6:00 PM
Friday: 8:00 AM – 6:00 PM
Saturday: 8:00 AM – 6:00 PM
Sunday: 8:00 AM – 2:00 PM",,,,,,,,,,,,,,,,,,,,,,,,,,,,,
367,Gentle Care Veterinary Hospital,(510) 460-9800,22755 Grand St,Hayward,94541,General Practice,"Tuesday: 9:00 AM – 6:00 PM
Wednesday: 9:00 AM – 6:00 PM
Thursday: 9:00 AM – 6:00 PM
Friday: 9:00 AM – 6:00 PM
Saturday: 9:00 AM – 6:00 PM",,,,,,,,,,,,,,,,,,,,,,,,,,,,,
368,Hayward Animal Clinic,(510) 941-0101,26775 Hayward Blvd # O,Hayward,94542,General Practice,"Tuesday: 8:00 AM – 6:00 PM
Wednesday: 8:00 AM – 6:00 PM
Thursday: 8:00 AM – 6:00 PM
Friday: 8:00 AM – 6:00 PM
Saturday: 8:00 AM – 6:00 PM
Sunday: 9:00 AM – 5:00 PM",,,,,,,,,,,,,,,,,,,,,,,,,,,,,
369,Hayward Veterinary Hospital,(510) 200-7280,25886 Mission Blvd,Hayward,94544,General Practice,"Tuesday: 9:00 AM – 1:00 PM
Tuesday: 2:00 PM – 6:00 PM
Wednesday: 9:00 AM – 1:00 PM
Wednesday: 2:00 PM – 6:00 PM
Thursday: 9:00 AM – 1:00 PM
Thursday: 2:00 PM – 6:00 PM
Friday: 9:00 AM – 1:00 PM
Friday: 2:00 PM – 6:00 PM
Saturday: 9:00 AM – 1:00 PM
Saturday: 2:00 PM – 6:00 PM",,,,,,,,,,,,,,,,,,,,,,,,,,,,,
370,Animal Medical Center of Healdsburg,(707) 433-4493,16085 Healdsburg Ave,Healdsburg,95448,General Practice,"Tuesday: 8:00 AM – 5:00 PM
Wednesday: 8:00 AM – 5:00 PM
Thursday: 8:00 AM – 5:00 PM
Friday: 8:00 AM – 5:00 PM
Saturday: 8:00 AM – 4:00 PM",,,,,,,,,,,,,,,,,,,,,,,,,,,,,
371,Healdsburg Veterinary Hospital,(707) 433-5539,135 Healdsburg Ave,Healdsburg,95448,General Practice,"Monday: 8:30 AM – 12:00 PM, 2:15 – 5:00 PM
Tuesday: 8:30 AM – 12:00 PM, 2:15 – 5:00 PM
Wednesday: 8:30 AM – 12:00 PM, 2:15 – 5:00 PM
Thursday: 8:30 AM – 12:00 PM, 2:15 – 5:00 PM
Friday: 8:30 AM – 12:00 PM, 2:15 – 5:00 PM
Saturday: Closed
Sunday: Closed",,,,,,,,,,,,,,,,,,,,,,,,,,,,,
372,Memorial Beach Veterinary Hospital,(707) 433-6916,15 Healdsburg Ave,Healdsburg,95448,General Practice,"Monday: 8:30 AM – 5:00 PM
Tuesday: 8:30 AM – 5:00 PM
Wednesday: 8:30 AM – 5:00 PM
Thursday: 8:30 AM – 5:00 PM
Friday: 9:30 AM – 5:00 PM
Saturday: 8:30 AM – 5:00 PM
Sunday: Closed",,,,,,,,,,,,,,,,,,,,,,,,,,,,,
373,Hercules Pet Hospital,(510) 799-3888,1511 Sycamore Ave Suite B,Hercules,94547,General Practice,"Tuesday: 8:00 AM – 5:30 PM
Wednesday: 8:00 AM – 5:30 PM
Thursday: 8:00 AM – 5:30 PM
Friday: 8:00 AM – 5:30 PM
Saturday: 8:00 AM – 5:30 PM",,,,,,,,,,,,,,,,,,,,,,,,,,,,,
374,Hilmar Animal Hospital,(209) 632-3831,19976 Bloss Ave,Hilmar,95324,General Practice,"Tuesday: 8:00 AM – 12:00 PM
Tuesday: 1:15 PM – 5:00 PM
Wednesday: 8:00 AM – 12:00 PM
Wednesday: 1:15 PM – 5:00 PM
Thursday: 8:00 AM – 12:00 PM
Thursday: 1:15 PM – 5:00 PM
Friday: 8:00 AM – 12:00 PM
Friday: 1:15 PM – 5:00 PM
Saturday: 8:00 AM – 12:00 PM
Saturday: 1:15 PM – 5:00 PM
Sunday: 8:00 AM – 12:00 PM",,,,,,,,,,,,,,,,,,,,,,,,,,,,,
375,Animal Hospital of Hollister,(831) 637-0031,191 San Felipe Rd Suite F,Hollister,95023,General Practice,"Tuesday: 8:30 AM – 6:00 PM
Wednesday: 8:30 AM – 6:00 PM
Thursday: 8:30 AM – 6:00 PM
Friday: 8:30 AM – 6:00 PM
Saturday: 8:30 AM – 6:00 PM
Sunday: 8:30 AM – 5:00 PM",,,,,,,,,,,,,,,,,,,,,,,,,,,,,
376,San Benito Veterinary Center,(831) 637-2580,1280 Sunnyslope Rd,Hollister,95023,General Practice,"Tuesday: 8:00 AM – 6:00 PM
Wednesday: 8:00 AM – 6:00 PM
Thursday: 8:00 AM – 6:00 PM
Friday: 8:00 AM – 6:00 PM
Saturday: 8:00 AM – 6:00 PM
Sunday: 8:00 AM – 4:00 PM",,,,,,,,,,,,,,,,,,,,,,,,,,,,,
377,Imperial Beach Pet Hospital & Urgent Care,(619) 424-3961,538 12th St,Imperial Beach,91932,General Practice,"Monday: 8:00 AM – 5:00 PM
Tuesday: 7:30 AM – 6:00 PM
Wednesday: 7:30 AM – 6:00 PM
Thursday: 7:30 AM – 6:00 PM
Friday: 7:30 AM – 6:00 PM
Saturday: 7:30 AM – 6:00 PM
Sunday: 8:00 AM – 5:00 PM",,,,,,,,,,,,,,,,,,,,,,,,,,,,,
378,SeaCoast Veterinary Group,(619) 429-7387,600 Palm Ave UNIT 103,Imperial Beach,91932,General Practice,"Tuesday: 8:00 AM – 5:30 PM
Wednesday: 8:00 AM – 5:30 PM
Thursday: 8:00 AM – 5:30 PM
Friday: 8:00 AM – 5:30 PM
Saturday: 8:00 AM – 5:30 PM
Sunday: 8:00 AM – 5:30 PM",,,,,,,,,,,,,,,,,,,,,,,,,,,,,
379,Animal Action League,(760) 366-1100,62762 29 Palms Hwy,Joshua Tree,92252,General Practice,,,,,,,,,,,,,,,,,,,,,,,,,,,,,,
380,Holistic Animal Care,(707) 538-4643,4918 Sonoma Hwy # A,Kenwood,95409,General Practice,"Monday: 9:00 AM – 5:00 PM
Tuesday: 9:00 AM – 5:00 PM
Wednesday: 9:00 AM – 5:00 PM
Thursday: 9:00 AM – 5:00 PM
Friday: 9:00 AM – 1:00 PM
Saturday: Closed
Sunday: Closed",,,,,,,,,,,,,,,,,,,,,,,,,,,,,
381,Montecito Veterinary Center,(707) 539-2322,4900 Sonoma Hwy,Kenwood,95409,General Practice,"Monday: 8:00 AM – 6:00 PM
Tuesday: 8:00 AM – 6:00 PM
Wednesday: 8:00 AM – 6:00 PM
Thursday: 8:00 AM – 6:00 PM
Friday: 8:00 AM – 6:00 PM
Saturday: Closed
Sunday: Closed",,,,,,,,,,,,,,,,,,,,,,,,,,,,,
382,Rincon Valley Pet,(707) 536-3707,6445 Sonoma Hwy,Kenwood,95409,General Practice,"Monday: 7:00 AM – 7:00 PM
Tuesday: 7:00 AM – 7:00 PM
Wednesday: 7:00 AM – 7:00 PM
Thursday: 7:00 AM – 7:00 PM
Friday: 7:00 AM – 7:00 PM
Saturday: 7:00 AM – 7:00 PM
Sunday: 7:00 AM – 7:00 PM",,,,,,,,,,,,,,,,,,,,,,,,,,,,,
383,Kingsburg Veterinary Clinic,(559) 897-4131,1991 Simpson St,Kingsburg,93631,General Practice,"Tuesday: 8:00 AM – 5:30 PM
Wednesday: 8:00 AM – 5:30 PM
Thursday: 8:00 AM – 5:30 PM
Friday: 8:00 AM – 5:30 PM
Saturday: 8:00 AM – 5:30 PM",,,,,,,,,,,,,,,,,,,,,,,,,,,,,
384,La Cañada Pet Clinic,(818) 790-1205,1400 Foothill Blvd,La Cañada Flintridge,91011,General Practice,"Tuesday: 8:00 AM – 7:00 PM
Wednesday: 8:00 AM – 7:00 PM
Thursday: 8:00 AM – 7:00 PM
Friday: 8:00 AM – 7:00 PM
Saturday: 8:00 AM – 7:00 PM
Sunday: 8:00 AM – 6:00 PM",,,,,,,,,,,,,,,,,,,,,,,,,,,,,
385,Crescenta Valley Veterinary Hospital,(818) 249-0022,3254 Foothill Blvd,La Crescenta-Montrose,91214,General Practice,"Tuesday: 8:30 AM – 5:00 PM
Wednesday: 8:30 AM – 5:00 PM
Thursday: 8:30 AM – 5:00 PM
Friday: 8:30 AM – 5:00 PM
Saturday: 8:30 AM – 5:00 PM",,,,,,,,,,,,,,,,,,,,,,,,,,,,,
386,Aspire Veterinary Center,(657) 722-4111,30 Centerpointe Dr STE 6,La Palma,90623,General Practice,"Tuesday: 9:00 AM – 6:00 PM
Wednesday: 9:00 AM – 6:00 PM
Thursday: 9:00 AM – 6:00 PM
Friday: 9:00 AM – 6:00 PM
Saturday: 9:00 AM – 6:00 PM
Sunday: 9:00 AM – 2:00 PM",,,,,,,,,,,,,,,,,,,,,,,,,,,,,
387,Valley View Animal Hospital,(562) 551-6952,7921 Valley View St,La Palma,90623,General Practice,"Tuesday: 8:30 AM – 6:00 PM
Wednesday: 8:30 AM – 6:00 PM
Thursday: 8:30 AM – 6:00 PM
Friday: 8:30 AM – 6:00 PM
Saturday: 8:30 AM – 6:00 PM
Sunday: 9:00 AM – 1:00 PM",,,,,,,,,,,,,,,,,,,,,,,,,,,,,
388,Walker Street Dog & Cat Hospital,(714) 521-3200,6940 Walker St STE 5,La Palma,90623,General Practice,"Tuesday: 8:00 AM – 6:00 PM
Wednesday: 8:00 AM – 6:00 PM
Thursday: 8:00 AM – 6:00 PM
Friday: 8:00 AM – 6:00 PM
Saturday: 8:00 AM – 6:00 PM
Sunday: 8:00 AM – 1:00 PM",,,,,,,,,,,,,,,,,,,,,,,,,,,,,
389,Paws & Reflect,(760) 564-9364,51230 Eisenhower Dr,La Quinta,92253,General Practice,"Tuesday: 8:00 AM – 8:00 PM
Wednesday: 8:00 AM – 8:00 PM
Thursday: 8:00 AM – 8:00 PM
Friday: 8:00 AM – 8:00 PM
Saturday: 8:00 AM – 8:00 PM",,,,,,,,,,,,,,,,,,,,,,,,,,,,,
390,Valley Veterinary Urgent Care & La Quinta Pet Hospital,(760) 760-7000,78555 CA-111,La Quinta,92253,General Practice,"Tuesday: 9:00 AM – 5:00 PM
Wednesday: 9:00 AM – 5:00 PM
Thursday: 9:00 AM – 5:00 PM
Friday: 9:00 AM – 5:00 PM
Saturday: 9:00 AM – 5:00 PM",,,,,,,,,,,,,,,,,,,,,,,,,,,,,
391,VCA All Creatures Animal Hospital,(760) 564-1154,78-267 CA-111,La Quinta,92253,General Practice,"Tuesday: 7:30 AM – 5:00 PM
Wednesday: 7:30 AM – 5:00 PM
Thursday: 7:30 AM – 5:00 PM
Friday: 7:30 AM – 5:00 PM
Saturday: 7:30 AM – 5:00 PM",,,,,,,,,,,,,,,,,,,,,,,,,,,,,
392,VCA Village Park Animal Hospital,(760) 564-3833,51230 Eisenhower Dr,La Quinta,92253,General Practice,"Tuesday: 8:00 AM – 5:00 PM
Wednesday: 8:00 AM – 6:00 PM
Thursday: 8:00 AM – 6:00 PM
Friday: 8:00 AM – 6:00 PM
Saturday: 8:00 AM – 6:00 PM",,,,,,,,,,,,,,,,,,,,,,,,,,,,,
393,Ladera Ranch Animal Hospital,(949) 347-6803,1101 A-7 Corporate Dr,Ladera Ranch,92694,General Practice,"Monday: 8:00 AM – 5:00 PM
Tuesday: 8:00 AM – 6:00 PM
Wednesday: 8:00 AM – 6:00 PM
Thursday: 8:00 AM – 6:00 PM
Friday: 8:00 AM – 6:00 PM
Saturday: 8:00 AM – 6:00 PM
Sunday: 8:00 AM – 5:00 PM",,,,,,,,,,,,,,,,,,,,,,,,,,,,,
394,Orange County Mobile Vet,(949) 697-8353,27762 234 Antonio Pkwy Suite L-1,Ladera Ranch,92694,General Practice,"Tuesday: 8:00 AM – 6:00 PM
Wednesday: 8:00 AM – 6:00 PM
Thursday: 8:00 AM – 6:00 PM
Friday: 8:00 AM – 6:00 PM",,,,,,,,,,,,,,,,,,,,,,,,,,,,,
395,Rancho Viejo Animal Hospital,(949) 365-0101,27702 Crown Valley Pkwy Suite A-1,Ladera Ranch,92694,General Practice,"Tuesday: 8:30 AM – 5:30 PM
Wednesday: 8:30 AM – 5:30 PM
Thursday: 8:30 AM – 5:30 PM
Friday: 8:30 AM – 5:30 PM
Saturday: 8:30 AM – 5:30 PM",,,,,,,,,,,,,,,,,,,,,,,,,,,,,
396,Lafayette Animal Hospital,(925) 284-4412,3394 Mount Diablo Blvd,Lafayette,94549,General Practice,"Tuesday: 8:00 AM – 6:00 PM
Wednesday: 8:00 AM – 6:00 PM
Thursday: 8:00 AM – 6:00 PM
Friday: 8:00 AM – 6:00 PM
Saturday: 8:00 AM – 6:00 PM",,,,,,,,,,,,,,,,,,,,,,,,,,,,,
397,Lafayette Veterinary Hospital,(925) 938-7700,3210 Old Tunnel Rd Suite A,Lafayette,94549,General Practice,"Tuesday: 8:00 AM – 6:00 PM
Wednesday: 8:00 AM – 6:00 PM
Thursday: 8:00 AM – 6:00 PM
Friday: 8:00 AM – 6:00 PM
Saturday: 8:00 AM – 6:00 PM",,,,,,,,,,,,,,,,,,,,,,,,,,,,,
398,Mt. Diablo Veterinary Medical Center,(925) 284-1350,3344 Mount Diablo Blvd # B,Lafayette,94549,General Practice,"Tuesday: 8:00 AM – 5:30 PM
Wednesday: 8:00 AM – 5:30 PM
Thursday: 8:00 AM – 5:30 PM
Friday: 8:00 AM – 5:30 PM
Saturday: 8:00 AM – 5:30 PM",,,,,,,,,,,,,,,,,,,,,,,,,,,,,
399,Pacific Veterinary Emergency and Specialty Hospital,(925) 297-5751,3210 Old Tunnel Rd Suite B,Lafayette,94549,General Practice,Monday: Open 24 hours,,,,,,,,,,,,,,,,,,,,,,,,,,,,,
400,Laguna Pet Care Center,(949) 581-7387,25361 Alicia Pkwy Ste D Ste D,Laguna Hills,92653,General Practice,"Tuesday: 9:00 AM – 6:00 PM
Wednesday: 9:00 AM – 6:00 PM
Thursday: 9:00 AM – 6:00 PM
Friday: 9:00 AM – 6:00 PM
Saturday: 9:00 AM – 6:00 PM
Sunday: 9:00 AM – 4:00 PM",,,,,,,,,,,,,,,,,,,,,,,,,,,,,
401,North Hills Animal Hospital,(949) 763-4402,23052 Lake Forest Dr C2,Laguna Hills,92653,General Practice,"Monday: 8:30 AM – 7:00 PM
Tuesday: 8:30 AM – 7:00 PM
Wednesday: 8:30 AM – 7:00 PM
Thursday: 8:30 AM – 7:00 PM
Friday: 8:30 AM – 7:00 PM
Saturday: 8:30 AM – 7:00 PM
Sunday: 8:30 AM – 7:00 PM",,,,,,,,,,,,,,,,,,,,,,,,,,,,,
402,Rise Pet Health Emergency & Specialty Hospital,(949) 787-7473,24721 Alicia Pkwy,Laguna Hills,92653,General Practice,Monday: Open 24 hours,,,,,,,,,,,,,,,,,,,,,,,,,,,,,
403,Trinity Pet Hospital,(949) 768-1314,24861 Alicia Pkwy,Laguna Hills,92653,General Practice,"Tuesday: 7:00 AM – 6:00 PM
Wednesday: 7:00 AM – 6:00 PM
Thursday: 7:00 AM – 6:00 PM
Friday: 7:00 AM – 6:00 PM
Saturday: 7:00 AM – 6:00 PM
Sunday: 8:00 AM – 3:00 PM",,,,,,,,,,,,,,,,,,,,,,,,,,,,,
404,Laguna Hills Animal Hospital,(949) 837-7333,24271 El Toro Rd,Laguna Woods,92637,General Practice,"Tuesday: 8:00 AM – 6:00 PM
Wednesday: 8:00 AM – 6:00 PM
Thursday: 8:00 AM – 6:00 PM
Friday: 8:00 AM – 6:00 PM
Saturday: 8:00 AM – 6:00 PM
Sunday: 8:00 AM – 5:00 PM",,,,,,,,,,,,,,,,,,,,,,,,,,,,,
405,OC Vet Animal Hospital,(949) 688-1233,24191 Paseo De Valencia # B,Laguna Woods,92637,General Practice,"Monday: 9:00 AM – 11:00 PM
Tuesday: 9:00 AM – 11:00 PM
Wednesday: 9:00 AM – 11:00 PM
Thursday: 9:00 AM – 11:00 PM
Friday: 9:00 AM – 11:00 PM
Saturday: 9:00 AM – 11:00 PM
Sunday: 9:00 AM – 11:00 PM",,,,,,,,,,,,,,,,,,,,,,,,,,,,,
406,San Geronimo Valley Veterinary Clinic,(415) 488-9791,7110 Sir Francis Drake Blvd,Lagunitas-Forest Knolls,94938,General Practice,"Tuesday: 8:00 AM – 5:00 PM
Wednesday: 8:00 AM – 5:00 PM
Friday: 8:00 AM – 5:00 PM
Saturday: 8:00 AM – 5:00 PM",,,,,,,,,,,,,,,,,,,,,,,,,,,,,
407,Arrowhead Animal Hospital,(909) 336-6800,27244 CA-189,Lake Arrowhead,92317,General Practice,"Tuesday: 8:00 AM – 5:00 PM
Wednesday: 8:00 AM – 5:00 PM
Thursday: 8:00 AM – 5:00 PM
Friday: 8:00 AM – 5:00 PM
Saturday: 8:00 AM – 5:00 PM
Sunday: 8:00 AM – 3:00 PM",,,,,,,,,,,,,,,,,,,,,,,,,,,,,
408,Woodside Animal Hospital,(619) 561-5311,12149 Woodside Ave,Lakeside,92040,General Practice,"Tuesday: 8:00 AM – 5:00 PM
Wednesday: 8:00 AM – 5:00 PM
Thursday: 8:00 AM – 5:00 PM
Friday: 8:00 AM – 5:00 PM
Saturday: 8:00 AM – 5:00 PM",,,,,,,,,,,,,,,,,,,,,,,,,,,,,
409,Golden Valley Veterinary Hospital: Walk -Ins welcome,(209) 279-1409,17270 Golden Vly Pkwy,Lathrop,95330,General Practice,"Tuesday: 8:00 AM – 8:00 PM
Wednesday: 8:00 AM – 8:00 PM
Thursday: 8:00 AM – 8:00 PM
Friday: 8:00 AM – 8:00 PM
Saturday: 8:00 AM – 8:00 PM
Sunday: 8:00 AM – 8:00 PM",,,,,,,,,,,,,,,,,,,,,,,,,,,,,
410,Lathrop Veterinary Center,(209) 944-7387,17600 Golden Vly Pkwy,Lathrop,95330,General Practice,"Tuesday: 8:00 AM – 12:00 PM
Tuesday: 1:30 PM – 5:00 PM
Wednesday: 8:00 AM – 12:00 PM
Wednesday: 1:30 PM – 5:00 PM
Thursday: 8:00 AM – 12:00 PM
Thursday: 1:30 PM – 5:00 PM
Friday: 8:00 AM – 12:00 PM
Friday: 1:30 PM – 5:00 PM
Saturday: 8:00 AM – 12:00 PM
Saturday: 1:30 PM – 5:00 PM",,,,,,,,,,,,,,,,,,,,,,,,,,,,,
411,Animal Hospital of South Bay,(310) 679-4988,15308 Inglewood Ave,Lawndale,90260,General Practice,"Tuesday: 7:00 AM – 7:00 PM
Wednesday: 7:00 AM – 7:00 PM
Thursday: 7:00 AM – 7:00 PM
Friday: 7:00 AM – 7:00 PM
Saturday: 7:00 AM – 6:00 PM
Sunday: 7:00 AM – 4:00 PM",,,,,,,,,,,,,,,,,,,,,,,,,,,,,
412,CVCA Cardiac Care for Pets,(424) 334-0239,15926 Hawthorne Blvd,Lawndale,90260,General Practice,"Tuesday: 8:00 AM – 5:00 PM
Wednesday: 8:00 AM – 5:00 PM
Thursday: 8:00 AM – 5:00 PM
Friday: 8:00 AM – 5:00 PM
Saturday: 8:00 AM – 5:00 PM",,,,,,,,,,,,,,,,,,,,,,,,,,,,,
413,Hawthorne Quality Pet Care,(310) 675-3328,14431 Hawthorne Blvd,Lawndale,90260,General Practice,"Monday: 10:00 AM – 7:00 PM
Tuesday: 10:00 AM – 8:00 PM
Wednesday: 10:00 AM – 8:00 PM
Thursday: 2:00 PM – 10:00 PM",,,,,,,,,,,,,,,,,,,,,,,,,,,,,
414,Lawndale Pet Hospital,(310) 679-9522,14700 Hawthorne Blvd,Lawndale,90260,General Practice,"Tuesday: 9:00 AM – 12:00 PM
Tuesday: 2:00 PM – 5:00 PM
Wednesday: 9:00 AM – 12:00 PM
Wednesday: 2:00 PM – 5:00 PM
Thursday: 9:00 AM – 12:00 PM
Thursday: 2:00 PM – 5:00 PM
Friday: 9:00 AM – 12:00 PM
Friday: 2:00 PM – 5:00 PM
Saturday: 9:00 AM – 12:00 PM
Saturday: 2:00 PM – 5:00 PM",,,,,,,,,,,,,,,,,,,,,,,,,,,,,
415,VCA Advanced Veterinary Care Center,(310) 542-8018,15926 Hawthorne Blvd,Lawndale,90260,General Practice,Monday: Open 24 hours,,,,,,,,,,,,,,,,,,,,,,,,,,,,,
416,Karing for Kreatures Veterinary Hospital “K+K”,(559) 997-1121,377 Hill St,Lemoore,93245,General Practice,"Tuesday: 8:00 AM – 7:00 PM
Wednesday: 8:00 AM – 7:00 PM
Thursday: 8:00 AM – 7:00 PM
Friday: 8:00 AM – 7:00 PM
Saturday: 8:00 AM – 4:00 PM",,,,,,,,,,,,,,,,,,,,,,,,,,,,,
417,Lemoore Animal Clinic,(559) 924-3491,526 Armstrong St,Lemoore,93245,General Practice,"Tuesday: 8:30 AM – 4:30 PM
Wednesday: 8:30 AM – 4:30 PM
Thursday: 8:30 AM – 4:30 PM
Friday: 8:30 AM – 4:30 PM",,,,,,,,,,,,,,,,,,,,,,,,,,,,,
418,Valley Veterinary Services Inc.,(559) 942-1101,7374 20 1/2 Ave,Lemoore,93245,General Practice,"Tuesday: 9:00 AM – 5:00 PM
Wednesday: 9:00 AM – 5:00 PM
Thursday: 9:00 AM – 5:00 PM
Friday: 9:00 AM – 5:00 PM
Saturday: 9:00 AM – 5:00 PM",,,,,,,,,,,,,,,,,,,,,,,,,,,,,
419,Critter Creek Veterinary Hospital,(916) 408-0201,140 Gateway Dr,Lincoln,95648,General Practice,"Tuesday: 7:00 AM – 6:00 PM
Wednesday: 7:00 AM – 6:00 PM
Thursday: 7:00 AM – 6:00 PM
Friday: 7:00 AM – 6:00 PM
Saturday: 7:00 AM – 6:00 PM
Sunday: 8:00 AM – 5:00 PM",,,,,,,,,,,,,,,,,,,,,,,,,,,,,
420,Hathaway Spay/Neuter Clinic,(916) 434-6022,2754 Ironwood Ln,Lincoln,95648,General Practice,"Tuesday: 8:00 AM – 4:30 PM
Thursday: 8:00 AM – 4:30 PM
Friday: 8:00 AM – 4:30 PM
Saturday: 8:00 AM – 4:30 PM",,,,,,,,,,,,,,,,,,,,,,,,,,,,,
421,Lincoln Hills Veterinary Hospital,(916) 436-0006,75 Lincoln Blvd,Lincoln,95648,General Practice,"Tuesday: 8:00 AM – 6:00 PM
Wednesday: 8:00 AM – 6:00 PM
Thursday: 8:00 AM – 6:00 PM
Friday: 8:00 AM – 6:00 PM
Saturday: 8:00 AM – 6:00 PM",,,,,,,,,,,,,,,,,,,,,,,,,,,,,
422,Lincoln Pet Clinic,(916) 980-8939,870 East Ave,Lincoln,95648,General Practice,"Tuesday: 8:00 AM – 5:00 PM
Wednesday: 8:00 AM – 5:00 PM
Thursday: 8:00 AM – 5:00 PM
Friday: 8:00 AM – 5:00 PM
Saturday: 8:00 AM – 5:00 PM",,,,,,,,,,,,,,,,,,,,,,,,,,,,,
423,Sterling Pointe Veterinary Clinic,(916) 543-9663,41 Lincoln Blvd #10,Lincoln,95648,General Practice,"Monday: 9:30 AM – 7:00 PM
Tuesday: 8:00 AM – 6:00 PM
Wednesday: 8:00 AM – 6:00 PM
Thursday: 8:00 AM – 6:00 PM
Friday: 8:00 AM – 10:30 PM
Saturday: 8:00 AM – 11:30 PM
Sunday: 9:00 AM – 8:00 PM",,,,,,,,,,,,,,,,,,,,,,,,,,,,,
424,Visiting Pets For Vets,(925) 332-8933,5737 Mineral Springs Ct,Linda,95901,General Practice,,,,,,,,,,,,,,,,,,,,,,,,,,,,,,
425,Lindsay-Westwood Veterinary,(559) 562-6018,139 E Hermosa St,Lindsay,93247,General Practice,"Tuesday: 9:00 AM – 4:30 PM
Wednesday: 9:00 AM – 4:30 PM
Thursday: 9:00 AM – 4:30 PM
Friday: 9:00 AM – 4:30 PM
Saturday: 9:00 AM – 4:30 PM",,,,,,,,,,,,,,,,,,,,,,,,,,,,,
426,Country Veterinary Clinic,(530) 674-1660,4839 E Butte Rd,Live Oak,95953,General Practice,"Tuesday: 8:00 AM – 5:30 PM
Wednesday: 8:00 AM – 5:30 PM
Thursday: 8:00 AM – 5:30 PM
Friday: 8:00 AM – 5:30 PM
Saturday: 8:00 AM – 5:30 PM",,,,,,,,,,,,,,,,,,,,,,,,,,,,,
427,Adobe Pet Hospital,(925) 449-4228,1543 First St,Livermore,94550,General Practice,"Monday: 8:30 AM – 6:00 PM
Tuesday: 8:30 AM – 6:00 PM
Wednesday: 8:30 AM – 6:00 PM
Thursday: 8:30 AM – 6:00 PM
Friday: 8:30 AM – 6:00 PM
Saturday: Closed
Sunday: Closed",,,,,,,,,,,,,,,,,,,,,,,,,,,,,
428,Altamont Cat Hospital,(925) 606-0191,124 S Vasco Rd,Livermore,94551,General Practice,"Monday: 9:00 AM – 4:00 PM
Tuesday: 9:00 AM – 4:00 PM
Wednesday: 9:00 AM – 4:00 PM
Thursday: 9:00 AM – 1:00 PM
Friday: 9:00 AM – 1:00 PM
Saturday: Closed
Sunday: Closed",,,,,,,,,,,,,,,,,,,,,,,,,,,,,
429,Animal Hospital of Livermore,(925) 443-1030,41 S O St,Livermore,94550,General Practice,"Monday: 8:00 AM – 6:00 PM
Tuesday: 8:00 AM – 6:00 PM
Wednesday: 8:00 AM – 6:00 PM
Thursday: 8:00 AM – 6:00 PM
Friday: 8:00 AM – 6:00 PM
Saturday: 8:00 AM – 5:00 PM
Sunday: 8:00 AM – 5:00 PM",,,,,,,,,,,,,,,,,,,,,,,,,,,,,
430,Animal Medical Center of Livermore,(925) 456-8387,1318 Railroad Ave,Livermore,94550,General Practice,"Monday: 7:00 AM – 7:00 PM
Tuesday: 7:00 AM – 7:00 PM
Wednesday: Closed
Thursday: 7:00 AM – 7:00 PM
Friday: 7:00 AM – 7:00 PM
Saturday: 9:00 AM – 2:00 PM
Sunday: Closed",,,,,,,,,,,,,,,,,,,,,,,,,,,,,
431,Arroyo Veterinary Center,(925) 447-7387,4467 First St,Livermore,94551,General Practice,"Monday: 8:00 AM – 5:00 PM
Tuesday: 8:00 AM – 5:00 PM
Wednesday: 8:00 AM – 5:00 PM
Thursday: 8:00 AM – 5:00 PM
Friday: 8:00 AM – 5:00 PM
Saturday: Closed
Sunday: Closed",,,,,,,,,,,,,,,,,,,,,,,,,,,,,
432,Del Valle Pet Hospital,(925) 443-6000,1172 Murrieta Blvd,Livermore,94550,General Practice,"Monday: 8:00 AM – 6:00 PM
Tuesday: 8:00 AM – 6:00 PM
Wednesday: 8:00 AM – 6:00 PM
Thursday: 8:00 AM – 6:00 PM
Friday: 8:00 AM – 6:00 PM
Saturday: 8:00 AM – 5:00 PM
Sunday: 8:00 AM – 1:00 PM",,,,,,,,,,,,,,,,,,,,,,,,,,,,,
433,Integrative Veterinary Care,(925) 449-7922,2110 Greenville Rd,Livermore,94550,General Practice,"Monday: 8:30 AM – 5:30 PM
Tuesday: 8:30 AM – 5:30 PM
Wednesday: 8:30 AM – 5:30 PM
Thursday: 8:30 AM – 5:30 PM
Friday: 8:30 AM – 5:30 PM
Saturday: Closed
Sunday: Closed",,,,,,,,,,,,,,,,,,,,,,,,,,,,,
434,Livermore Family Pet Hospital,(925) 447-1420,2494 Railroad Ave,Livermore,94550,General Practice,"Monday: 8:30 AM – 6:00 PM
Tuesday: 8:30 AM – 6:00 PM
Wednesday: 8:30 AM – 6:00 PM
Thursday: 8:30 AM – 6:00 PM
Friday: 8:30 AM – 6:00 PM
Saturday: Closed
Sunday: Closed",,,,,,,,,,,,,,,,,,,,,,,,,,,,,
435,Ohana Animal Hospital,(925) 394-4990,2844 Las Positas Rd,Livermore,94551,General Practice,"Monday: 8:00 AM – 5:30 PM
Tuesday: 8:00 AM – 5:30 PM
Wednesday: 8:00 AM – 5:30 PM
Thursday: 8:00 AM – 5:30 PM
Friday: 8:00 AM – 5:30 PM
Saturday: Closed
Sunday: Closed",,,,,,,,,,,,,,,,,,,,,,,,,,,,,
436,PetCura Animal Hospital,(925) 292-5153,1817 Holmes St,Livermore,94550,General Practice,"Monday: 8:00 AM – 9:00 PM
Tuesday: 8:00 AM – 9:00 PM
Wednesday: 8:00 AM – 9:00 PM
Thursday: 8:00 AM – 9:00 PM
Friday: 8:00 AM – 9:00 PM
Saturday: 8:00 AM – 9:00 PM
Sunday: 9:00 AM – 8:00 PM",,,,,,,,,,,,,,,,,,,,,,,,,,,,,
437,Well Animal Hospital,(925) 800-3220,2267 Las Positas Rd,Livermore,94551,General Practice,"Monday: 8:00 AM – 5:00 PM
Tuesday: 8:00 AM – 5:00 PM
Wednesday: 8:00 AM – 5:00 PM
Thursday: 8:00 AM – 5:00 PM
Friday: 8:00 AM – 5:00 PM
Saturday: Closed
Sunday: Closed",,,,,,,,,,,,,,,,,,,,,,,,,,,,,
438,Penryn Pet Hospital,(916) 692-9460,3210 Boyington Rd Ste 100,Loomis,95650,General Practice,"Tuesday: 8:00 AM – 6:00 PM
Wednesday: 8:00 AM – 6:00 PM
Thursday: 8:00 AM – 6:00 PM
Friday: 8:00 AM – 6:00 PM
Saturday: 8:00 AM – 6:00 PM
Sunday: 9:00 AM – 5:00 PM",,,,,,,,,,,,,,,,,,,,,,,,,,,,,
439,VCA Loomis Basin Veterinary Clinic,(916) 652-5816,3901 Sierra College Blvd,Loomis,95650,General Practice,Monday: Open 24 hours,,,,,,,,,,,,,,,,,,,,,,,,,,,,,
440,Adobe Animal Hospital Los Altos,(650) 948-9661,4470 El Camino Real,Los Altos,94022,General Practice,"Monday: 7:00 AM – 9:00 PM
Tuesday: 7:00 AM – 9:00 PM
Wednesday: 7:00 AM – 9:00 PM
Thursday: 7:00 AM – 9:00 PM
Friday: 7:00 AM – 9:00 PM
Saturday: 7:00 AM – 9:00 PM
Sunday: 7:00 AM – 9:00 PM",,,,,,,,,,,,,,,,,,,,,,,,,,,,,
441,Los Altos Veterinary Clinic,(650) 948-8287,1150 Riverside Dr,Los Altos,94024,General Practice,"Monday: 8:00 AM – 6:00 PM
Tuesday: 8:00 AM – 6:00 PM
Wednesday: 8:00 AM – 6:00 PM
Thursday: 8:00 AM – 6:00 PM
Friday: 8:00 AM – 6:00 PM
Saturday: 8:00 AM – 4:00 PM
Sunday: Closed",,,,,,,,,,,,,,,,,,,,,,,,,,,,,
442,PetiMed,(650) 464-3003,221 Main St #1257,Los Altos,94023,General Practice,"Monday: 9:00 AM – 6:00 PM
Tuesday: 9:00 AM – 6:00 PM
Wednesday: 9:00 AM – 6:00 PM
Thursday: 9:00 AM – 6:00 PM
Friday: 9:00 AM – 6:00 PM
Saturday: Closed
Sunday: Closed",,,,,,,,,,,,,,,,,,,,,,,,,,,,,
443,Adobe Veterinary Marketplace,(408) 357-8008,15965 Los Gatos Blvd #102,Los Gatos,95032,General Practice,"Tuesday: 8:00 AM – 6:00 PM
Wednesday: 8:00 AM – 6:00 PM
Thursday: 8:00 AM – 6:00 PM
Friday: 8:00 AM – 6:00 PM
Saturday: 8:00 AM – 6:00 PM
Sunday: 8:00 AM – 6:00 PM",,,,,,,,,,,,,,,,,,,,,,,,,,,,,
444,El Gato Veterinary Hospital,(408) 356-2181,15748 Los Gatos Blvd,Los Gatos,95032,General Practice,"Tuesday: 9:00 AM – 5:00 PM
Wednesday: 9:00 AM – 5:00 PM
Thursday: 9:00 AM – 5:00 PM
Friday: 9:00 AM – 5:00 PM
Saturday: 9:00 AM – 5:00 PM",,,,,,,,,,,,,,,,,,,,,,,,,,,,,
445,Los Gatos Dog & Cat Hospital,(669) 319-2011,17480 Shelburne Way,Los Gatos,95030,General Practice,"Tuesday: 8:00 AM – 6:00 PM
Wednesday: 8:00 AM – 6:00 PM
Thursday: 8:00 AM – 6:00 PM
Friday: 8:00 AM – 6:00 PM
Saturday: 8:00 AM – 6:00 PM",,,,,,,,,,,,,,,,,,,,,,,,,,,,,
446,Loving at Home Pet Euthanasia,(408) 348-4559,600 Pennsylvania Ave #23,Los Gatos,95030,General Practice,"Monday: 9:00 AM – 4:00 PM
Tuesday: 9:00 AM – 4:00 PM
Wednesday: 9:00 AM – 4:00 PM
Thursday: 9:00 AM – 4:00 PM
Friday: 9:00 AM – 4:00 PM
Saturday: 9:00 AM – 4:00 PM
Sunday: 9:00 AM – 4:00 PM",,,,,,,,,,,,,,,,,,,,,,,,,,,,,
447,Summit Veterinary Hospital,(408) 353-1113,23291 Summit Rd,Los Gatos,95033,General Practice,"Tuesday: 8:00 AM – 6:00 PM
Wednesday: 8:00 AM – 6:00 PM
Thursday: 8:00 AM – 6:00 PM
Friday: 8:00 AM – 6:00 PM
Saturday: 8:00 AM – 6:00 PM
Sunday: 8:00 AM – 4:00 PM",,,,,,,,,,,,,,,,,,,,,,,,,,,,,
448,The Whole Pet Vet,(669) 319-4970,325 Saratoga-Los Gatos Rd #0,Los Gatos,95030,General Practice,"Tuesday: 8:00 AM – 6:00 PM
Wednesday: 7:30 AM – 6:00 PM
Thursday: 7:30 AM – 6:00 PM
Friday: 8:00 AM – 6:00 PM
Saturday: 8:00 AM – 5:00 PM",,,,,,,,,,,,,,,,,,,,,,,,,,,,,
449,VCA Animal Hospital of Los Gatos,(408) 354-9530,524 N Santa Cruz Ave,Los Gatos,95030,General Practice,"Tuesday: 8:00 AM – 6:00 PM
Wednesday: 8:00 AM – 6:00 PM
Thursday: 8:00 AM – 6:00 PM
Friday: 8:00 AM – 6:00 PM
Saturday: 8:00 AM – 6:00 PM
Sunday: 8:00 AM – 4:00 PM",,,,,,,,,,,,,,,,,,,,,,,,,,,,,
450,Mill Creek Veterinary Hospital,(530) 384-1700,8202 State Hwy 99 E,Los Molinos,96055,General Practice,"Tuesday: 8:00 AM – 12:00 PM
Tuesday: 1:00 PM – 5:00 PM
Wednesday: 8:00 AM – 12:00 PM
Wednesday: 1:00 PM – 5:00 PM
Thursday: 8:00 AM – 12:00 PM
Thursday: 1:00 PM – 5:00 PM
Friday: 8:00 AM – 12:00 PM
Friday: 1:00 PM – 5:00 PM",,,,,,,,,,,,,,,,,,,,,,,,,,,,,
451,Madera Animal Hospital,(559) 674-9871,16772 Rd 26,Madera,93638,General Practice,"Tuesday: 8:00 AM – 5:00 PM
Wednesday: 8:00 AM – 5:00 PM
Thursday: 8:00 AM – 5:00 PM
Friday: 8:00 AM – 5:00 PM
Saturday: 8:00 AM – 5:00 PM
Sunday: 8:30 AM – 2:00 PM",,,,,,,,,,,,,,,,,,,,,,,,,,,,,
452,Madera Veterinary Center,(559) 675-3044,2446 Schnoor Ave,Madera,93637,General Practice,"Tuesday: 7:00 AM – 5:30 PM
Wednesday: 7:00 AM – 5:30 PM
Thursday: 8:00 AM – 5:00 PM
Friday: 7:00 AM – 5:30 PM
Saturday: 7:00 AM – 5:30 PM",,,,,,,,,,,,,,,,,,,,,,,,,,,,,
453,Manteca Veterinary Hospital,(209) 823-1168,911 Moffat Blvd,Manteca,95336,General Practice,"Tuesday: 7:30 AM – 12:00 PM
Tuesday: 1:00 PM – 5:00 PM
Wednesday: 7:30 AM – 12:00 PM
Wednesday: 1:00 PM – 5:00 PM
Thursday: 7:30 AM – 12:00 PM
Thursday: 1:00 PM – 5:00 PM
Friday: 7:30 AM – 12:00 PM
Friday: 1:00 PM – 5:00 PM
Saturday: 7:30 AM – 12:00 PM
Saturday: 1:00 PM – 5:00 PM
Sunday: 8:00 AM – 12:00 PM
Sunday: 1:30 PM – 5:00 PM",,,,,,,,,,,,,,,,,,,,,,,,,,,,,
454,Animal Wellness Centers,(310) 450-7387,4131 Del Rey Ave,Marina del Rey,90292,General Practice,"Tuesday: 9:00 AM – 7:00 PM
Wednesday: 9:00 AM – 7:00 PM
Thursday: 9:00 AM – 7:00 PM
Friday: 9:00 AM – 7:00 PM
Saturday: 9:00 AM – 7:00 PM
Sunday: 9:00 AM – 5:00 PM",,,,,,,,,,,,,,,,,,,,,,,,,,,,,
455,Elite Veterinary Care,(310) 956-1702,4139 Via Marina,Marina del Rey,90292,General Practice,"Tuesday: 8:00 AM – 5:00 PM
Wednesday: 8:00 AM – 5:00 PM
Friday: 8:00 AM – 5:00 PM
Saturday: 8:00 AM – 5:00 PM",,,,,,,,,,,,,,,,,,,,,,,,,,,,,
456,Shane Veterinary Medical Center,(310) 305-7297,4816 Lincoln Blvd,Marina del Rey,90292,General Practice,"Monday: 8:00 AM – 5:00 PM
Tuesday: 7:00 AM – 6:00 PM
Wednesday: 7:00 AM – 6:00 PM
Thursday: 7:00 AM – 6:00 PM
Friday: 7:00 AM – 6:00 PM
Saturday: 7:00 AM – 6:00 PM
Sunday: 8:00 AM – 5:00 PM",,,,,,,,,,,,,,,,,,,,,,,,,,,,,
457,Contra Costa Spay & Neuter,(925) 608-8420,4800 Imhoff Pl,Martinez,94553,General Practice,"Monday: Closed
Tuesday: 10:00 AM – 5:00 PM
Wednesday: 10:00 AM – 7:00 PM
Thursday: 10:00 AM – 5:00 PM
Friday: 10:00 AM – 5:00 PM
Saturday: 10:00 AM – 5:00 PM
Sunday: Closed",,,,,,,,,,,,,,,,,,,,,,,,,,,,,
458,"Dr. Michael S. Martinez, MD",(925) 370-5110,2500 Alhambra Ave,Martinez,94553,General Practice,,,,,,,,,,,,,,,,,,,,,,,,,,,,,,
459,Martinez Animal Hospital,(925) 228-7100,4000 Alhambra Ave,Martinez,94553,General Practice,"Monday: 7:00 AM – 6:00 PM
Tuesday: 7:00 AM – 6:00 PM
Wednesday: 7:00 – 11:30 AM, 1:30 – 6:00 PM
Thursday: 7:00 AM – 6:00 PM
Friday: 8:00 AM – 6:00 PM
Saturday: Closed
Sunday: Closed",,,,,,,,,,,,,,,,,,,,,,,,,,,,,
460,Montecito Animal Clinic,(925) 686-0683,5280 Pacheco Blvd,Martinez,94553,General Practice,"Monday: 8:00 AM – 5:00 PM
Tuesday: 8:00 AM – 5:00 PM
Wednesday: 8:00 AM – 5:00 PM
Thursday: 8:00 AM – 5:00 PM
Friday: 8:00 AM – 5:00 PM
Saturday: Closed
Sunday: Closed",,,,,,,,,,,,,,,,,,,,,,,,,,,,,
461,Muir Oaks Veterinary Hospital,(925) 372-9200,1180 Muir Rd,Martinez,94553,General Practice,"Monday: 8:00 AM – 6:00 PM
Tuesday: 8:00 AM – 6:00 PM
Wednesday: 8:00 AM – 6:00 PM
Thursday: 8:00 AM – 6:00 PM
Friday: 8:00 AM – 6:00 PM
Saturday: 8:30 AM – 5:00 PM
Sunday: Closed",,,,,,,,,,,,,,,,,,,,,,,,,,,,,
462,Oasis Veterinary Hospital,(925) 954-8087,6635 Alhambra Ave #100,Martinez,94553,General Practice,"Monday: 8:00 AM – 6:00 PM
Tuesday: 8:00 AM – 6:00 PM
Wednesday: 8:00 AM – 6:00 PM
Thursday: 8:00 AM – 6:00 PM
Friday: 8:00 AM – 6:00 PM
Saturday: Closed
Sunday: Closed",,,,,,,,,,,,,,,,,,,,,,,,,,,,,
463,SNIP,(925) 473-5027,4800 Imhoff Pl,Martinez,94553,General Practice,,,,,,,,,,,,,,,,,,,,,,,,,,,,,,
464,Feather River Veterinary Hospital,(530) 742-0919,5975 Woodland Dr,Marysville,95901,General Practice,"Tuesday: 8:00 AM – 5:30 PM
Wednesday: 8:00 AM – 5:30 PM
Thursday: 8:00 AM – 5:30 PM
Friday: 8:00 AM – 5:30 PM
Saturday: 8:00 AM – 5:30 PM",,,,,,,,,,,,,,,,,,,,,,,,,,,,,
465,Marysville Veterinary Hospital,(530) 742-8809,1530 B St,Marysville,95901,General Practice,"Tuesday: 8:00 AM – 5:30 PM
Wednesday: 8:00 AM – 5:30 PM
Thursday: 8:00 AM – 5:30 PM
Friday: 8:00 AM – 5:30 PM
Saturday: 8:00 AM – 5:30 PM
Sunday: 8:00 AM – 5:00 PM",,,,,,,,,,,,,,,,,,,,,,,,,,,,,
466,Valley Equine,(530) 701-9598,"Marysville, CA 95901, USA",Marysville,95901,General Practice,,,,,,,,,,,,,,,,,,,,,,,,,,,,,,
467,Meadow Vista Veterinary Clinic,(530) 878-2009,17120 Placer Hills Rd,Meadow Vista,95722,General Practice,"Tuesday: 8:00 AM – 5:00 PM
Wednesday: 8:00 AM – 5:00 PM
Thursday: 8:00 AM – 5:00 PM
Friday: 8:00 AM – 5:00 PM
Saturday: 8:00 AM – 5:00 PM",,,,,,,,,,,,,,,,,,,,,,,,,,,,,
468,Animal Eye Doctor: Szymanski Carol DVM,(650) 321-1218,1444 El Camino Real,Menlo Park,94025,General Practice,,,,,,,,,,,,,,,,,,,,,,,,,,,,,,
469,Peninsula Pet Hospital,(650) 325-4300,548 Glenwood Ave,Menlo Park,94025,General Practice,"Monday: 8:30 AM – 5:30 PM
Tuesday: 8:30 AM – 5:30 PM
Wednesday: 8:30 AM – 5:30 PM
Thursday: 8:30 AM – 5:30 PM
Friday: 8:30 AM – 5:30 PM
Saturday: Closed
Sunday: Closed",,,,,,,,,,,,,,,,,,,,,,,,,,,,,
470,Peninsula Vet Center,(650) 617-4300,795 Willow Rd Building 324 Wing B,Menlo Park,94025,General Practice,"Monday: 8:00 AM – 4:30 PM
Tuesday: 8:00 AM – 4:30 PM
Wednesday: 8:00 AM – 4:30 PM
Thursday: 8:00 AM – 4:30 PM
Friday: 8:00 AM – 4:30 PM
Saturday: Closed
Sunday: Closed",,,,,,,,,,,,,,,,,,,,,,,,,,,,,
471,Merced Animal Medical Center,(209) 383-0434,3765 E Yosemite Ave,Merced,95340,General Practice,"Monday: 9:00 AM – 5:00 PM
Tuesday: 9:00 AM – 5:00 PM
Wednesday: 9:00 AM – 5:00 PM
Thursday: 9:00 AM – 5:00 PM
Friday: 9:00 AM – 5:00 PM
Saturday: 9:00 AM – 5:00 PM
Sunday: 9:00 AM – 5:00 PM",,,,,,,,,,,,,,,,,,,,,,,,,,,,,
472,Merced Veterinary Clinic: Chiffelle Carol DVM,(209) 383-0555,3200 G St,Merced,95340,General Practice,"Tuesday: 7:30 AM – 7:00 PM
Wednesday: 7:30 AM – 7:00 PM
Thursday: 7:30 AM – 7:00 PM
Friday: 7:30 AM – 7:00 PM
Saturday: 7:30 AM – 7:00 PM
Sunday: 8:00 AM – 5:00 PM",,,,,,,,,,,,,,,,,,,,,,,,,,,,,
473,Santa Fe Pet Hospital,(209) 722-0249,3113 Beachwood Dr,Merced,95348,General Practice,"Tuesday: 7:30 AM – 5:30 PM
Wednesday: 7:30 AM – 5:30 PM
Thursday: 7:30 AM – 5:30 PM
Friday: 7:30 AM – 5:30 PM
Saturday: 7:30 AM – 5:30 PM
Sunday: 7:30 AM – 4:00 PM",,,,,,,,,,,,,,,,,,,,,,,,,,,,,
474,Sierra Gateway Veterinary Clinic,(209) 386-0946,7440 CA-140,Merced,95340,General Practice,"Tuesday: 8:00 AM – 5:00 PM
Wednesday: 8:00 AM – 5:00 PM
Thursday: 8:00 AM – 3:30 PM
Friday: 8:00 AM – 5:00 PM
Saturday: 8:00 AM – 5:00 PM",,,,,,,,,,,,,,,,,,,,,,,,,,,,,
475,Valley Animal Hospital of Merced,(209) 384-7387,58 W 16th St,Merced,95340,General Practice,"Tuesday: 7:30 AM – 6:00 PM
Wednesday: 7:30 AM – 6:00 PM
Thursday: 7:30 AM – 6:00 PM
Friday: 7:30 AM – 6:00 PM
Saturday: 7:30 AM – 6:00 PM",,,,,,,,,,,,,,,,,,,,,,,,,,,,,
476,Aggie Animal Dental Center,(415) 389-5917,487 Miller Ave,Mill Valley,94941,General Practice,"Monday: 7:30 AM – 5:00 PM
Tuesday: 7:30 AM – 5:00 PM
Wednesday: 7:30 AM – 5:00 PM
Thursday: 7:30 AM – 5:00 PM
Friday: Closed
Saturday: Closed
Sunday: Closed",,,,,,,,,,,,,,,,,,,,,,,,,,,,,
477,Alto Tiburon Veterinary Hospital,(415) 383-7700,1048 Redwood Highway Frontage Rd,Mill Valley,94941,General Practice,"Monday: 8:00 AM – 6:00 PM
Tuesday: 8:00 AM – 6:00 PM
Wednesday: 8:00 AM – 6:00 PM
Thursday: 8:00 AM – 6:00 PM
Friday: 8:00 AM – 6:00 PM
Saturday: 9:00 AM – 5:00 PM
Sunday: 10:00 AM – 2:00 PM",,,,,,,,,,,,,,,,,,,,,,,,,,,,,
478,Camino alto Veterinary Hospital & Wellness Center,(415) 383-3877,125 Camino Alto,Mill Valley,94941,General Practice,"Monday: 8:00 AM – 6:00 PM
Tuesday: 8:00 AM – 6:00 PM
Wednesday: 8:00 AM – 6:00 PM
Thursday: 8:00 AM – 6:00 PM
Friday: 8:00 AM – 6:00 PM
Saturday: 11:00 AM – 2:00 PM
Sunday: Closed",,,,,,,,,,,,,,,,,,,,,,,,,,,,,
479,Cat Clinic,(415) 383-1195,142 Lomita Dr,Mill Valley,94941,General Practice,"Monday: 8:00 AM – 1:00 PM, 2:00 – 5:30 PM
Tuesday: 10:00 AM – 1:00 PM, 2:00 – 5:30 PM
Wednesday: 8:00 AM – 1:00 PM, 2:00 – 4:00 PM
Thursday: 10:00 AM – 1:00 PM, 2:00 – 5:30 PM
Friday: 8:00 AM – 1:00 PM, 2:00 – 4:00 PM
Saturday: Closed
Sunday: Closed",,,,,,,,,,,,,,,,,,,,,,,,,,,,,
480,Marin Holisitic Veterinary Housecalls,(415) 322-8115,308 Morning Sun Ave,Mill Valley,94941,General Practice,,,,,,,,,,,,,,,,,,,,,,,,,,,,,,
481,Mill Valley Pet Clinic,(415) 388-7607,546 Miller Ave,Mill Valley,94941,General Practice,"Monday: 7:30 AM – 6:00 PM
Tuesday: 7:30 AM – 6:00 PM
Wednesday: 7:30 AM – 6:00 PM
Thursday: 7:30 AM – 6:00 PM
Friday: 7:30 AM – 6:00 PM
Saturday: Closed
Sunday: Closed",,,,,,,,,,,,,,,,,,,,,,,,,,,,,
482,Mill Valley Veterinarians,(628) 221-0403,38 Miller Ave,Mill Valley,94941,General Practice,"Monday: 8:00 AM – 11:00 PM
Tuesday: 8:00 AM – 11:00 PM
Wednesday: 8:00 AM – 11:00 PM
Thursday: 8:00 AM – 11:00 PM
Friday: 8:00 AM – 11:00 PM
Saturday: Open 24 hours
Sunday: 8:00 AM – 11:00 PM",,,,,,,,,,,,,,,,,,,,,,,,,,,,,
483,"Paige Farnell, DVM",(415) 634-8348,400 Sycamore Ave,Mill Valley,94941,General Practice,"Monday: 9:00 AM – 5:00 PM
Tuesday: 9:00 AM – 5:00 PM
Wednesday: 9:00 AM – 5:00 PM
Thursday: 9:00 AM – 5:00 PM
Friday: 9:00 AM – 5:00 PM
Saturday: Closed
Sunday: Closed",,,,,,,,,,,,,,,,,,,,,,,,,,,,,
484,Sams Clinic Veterinary,(415) 380-0500,489 Miller Ave,Mill Valley,94941,General Practice,"Monday: 8:00 AM – 5:00 PM
Tuesday: 8:00 AM – 5:00 PM
Wednesday: 8:00 AM – 5:00 PM
Thursday: 8:00 AM – 5:00 PM
Friday: 8:00 AM – 12:00 PM
Saturday: Closed
Sunday: Closed",,,,,,,,,,,,,,,,,,,,,,,,,,,,,
485,VCA Tamalpais Animal Hospital,(415) 388-3315,691 E Blithedale Ave,Mill Valley,94941,General Practice,"Monday: 8:00 AM – 6:00 PM
Tuesday: 8:00 AM – 6:00 PM
Wednesday: 8:00 AM – 6:00 PM
Thursday: 8:00 AM – 6:00 PM
Friday: 8:00 AM – 6:00 PM
Saturday: 8:00 AM – 5:00 PM
Sunday: Closed",,,,,,,,,,,,,,,,,,,,,,,,,,,,,
486,Millbrae Pet Hospital,(650) 583-1500,128 Park Pl,Millbrae,94030,General Practice,"Monday: 9:00 AM – 8:00 PM
Tuesday: 9:00 AM – 8:00 PM
Wednesday: 9:00 AM – 8:00 PM
Thursday: 9:00 AM – 8:00 PM
Friday: 9:00 AM – 8:00 PM
Saturday: 9:00 AM – 8:00 PM
Sunday: 9:00 AM – 8:00 PM",,,,,,,,,,,,,,,,,,,,,,,,,,,,,
487,Millville Veterinary Clinic,(530) 547-4457,23653 Millville Way,Millville,96062,General Practice,"Tuesday: 8:00 AM – 5:30 PM
Wednesday: 8:00 AM – 5:30 PM
Thursday: 8:00 AM – 5:30 PM
Friday: 8:00 AM – 5:30 PM
Saturday: 8:00 AM – 5:30 PM
Sunday: 8:00 AM – 12:30 PM",,,,,,,,,,,,,,,,,,,,,,,,,,,,,
488,Animal Medical Clinic,(408) 262-7190,1405 N Milpitas Blvd,Milpitas,95035,General Practice,"Tuesday: 8:30 AM – 7:00 PM
Wednesday: 8:30 AM – 7:00 PM
Thursday: 8:30 AM – 7:00 PM
Friday: 8:30 AM – 7:00 PM
Saturday: 8:30 AM – 7:00 PM
Sunday: 8:30 AM – 5:00 PM",,,,,,,,,,,,,,,,,,,,,,,,,,,,,
489,Calaveras Veterinary Clinic,(408) 262-7200,105 Serra Way,Milpitas,95035,General Practice,"Monday: 9:00 AM – 5:00 PM
Tuesday: 7:30 AM – 6:00 PM
Wednesday: 7:30 AM – 6:00 PM
Thursday: 7:30 AM – 6:00 PM
Friday: 7:30 AM – 6:00 PM
Saturday: 7:30 AM – 6:00 PM
Sunday: 9:00 AM – 5:00 PM",,,,,,,,,,,,,,,,,,,,,,,,,,,,,
490,Humane Society Silicon Valley Medical Center,(408) 262-2133,897 Ames Ave,Milpitas,95035,General Practice,"Monday: 10:00 AM – 5:00 PM
Tuesday: 7:00 AM – 4:00 PM
Wednesday: 7:00 AM – 4:00 PM
Thursday: 7:00 AM – 4:00 PM
Friday: 7:00 AM – 4:00 PM
Saturday: 7:00 AM – 4:00 PM
Sunday: 10:00 AM – 5:00 PM",,,,,,,,,,,,,,,,,,,,,,,,,,,,,
491,Milpitas Companion Animal Care,null,C4P3+4J,Milpitas,95035,General Practice,,,,,,,,,,,,,,,,,,,,,,,,,,,,,,
492,Milpitas Pet Clinic,(408) 627-4600,175 Ranch Dr,Milpitas,95035,General Practice,"Monday: 10:00 AM – 7:00 PM
Tuesday: 10:00 AM – 4:00 PM
Wednesday: 9:00 AM – 11:00 AM
Wednesday: 3:30 PM – 6:00 PM
Thursday: 10:00 AM – 4:00 PM
Friday: 9:00 AM – 11:00 AM
Friday: 3:00 PM – 6:00 PM
Saturday: 9:00 AM – 11:00 AM
Saturday: 3:00 PM – 7:00 PM
Sunday: 10:00 AM – 7:00 PM",,,,,,,,,,,,,,,,,,,,,,,,,,,,,
493,Parktown Veterinary Clinic,(408) 263-3990,1393 S Park Victoria Dr,Milpitas,95035,General Practice,"Tuesday: 8:00 AM – 6:00 PM
Wednesday: 8:00 AM – 6:00 PM
Thursday: 8:00 AM – 6:00 PM
Friday: 8:00 AM – 6:00 PM
Saturday: 8:00 AM – 6:00 PM
Sunday: 8:00 AM – 2:00 PM",,,,,,,,,,,,,,,,,,,,,,,,,,,,,
494,Tama Veterinary Hospital and Urgent Care,(408) 719-8554,542 S Main St,Milpitas,95035,General Practice,"Monday: 8:00 AM – 6:00 PM
Tuesday: 7:30 AM – 7:00 PM
Wednesday: 7:30 AM – 7:00 PM
Thursday: 7:30 AM – 7:00 PM
Friday: 7:30 AM – 7:00 PM
Saturday: 7:30 AM – 7:00 PM
Sunday: 8:00 AM – 6:00 PM",,,,,,,,,,,,,,,,,,,,,,,,,,,,,
495,American Pet Hospital,(209) 549-8387,2405 Coffee Rd,Modesto,95355,General Practice,"Tuesday: 9:00 AM – 5:00 PM
Wednesday: 9:00 AM – 5:00 PM
Thursday: 9:00 AM – 6:00 PM
Friday: 9:00 AM – 6:00 PM
Saturday: 9:00 AM – 6:00 PM",,,,,,,,,,,,,,,,,,,,,,,,,,,,,
496,Beckwith Veterinary Hospital,(209) 524-9282,3232 Beckwith Ct,Modesto,95358,General Practice,"Tuesday: 8:00 AM – 6:00 PM
Wednesday: 8:00 AM – 6:00 PM
Thursday: 8:00 AM – 6:00 PM
Friday: 8:00 AM – 6:00 PM
Saturday: 8:00 AM – 6:00 PM",,,,,,,,,,,,,,,,,,,,,,,,,,,,,
497,Crows Landing Road Vet Clinic,(209) 538-1782,2109 Crows Landing Rd,Modesto,95358,General Practice,"Tuesday: 8:00 AM – 7:00 PM
Wednesday: 8:00 AM – 7:00 PM
Thursday: 8:00 AM – 7:00 PM
Friday: 8:00 AM – 7:00 PM
Saturday: 8:00 AM – 7:00 PM
Sunday: 9:00 AM – 5:00 PM",,,,,,,,,,,,,,,,,,,,,,,,,,,,,
498,Modesto Family Pet,(209) 275-1213,2114 College Ave,Modesto,95350,General Practice,"Tuesday: 8:30 AM – 5:30 PM
Wednesday: 8:30 AM – 5:30 PM
Thursday: 8:30 AM – 5:30 PM
Friday: 8:30 AM – 5:30 PM
Saturday: 8:30 AM – 5:30 PM",,,,,,,,,,,,,,,,,,,,,,,,,,,,,
499,Pelandale Family Pet,(209) 222-6810,3900 Pelandale Ave Suite 320,Modesto,95356,General Practice,"Tuesday: 9:00 AM – 5:00 PM
Wednesday: 9:00 AM – 6:00 PM
Thursday: 9:00 AM – 6:00 PM
Friday: 8:00 AM – 6:00 PM
Saturday: 9:00 AM – 5:00 PM
Sunday: 9:00 AM – 5:00 PM",,,,,,,,,,,,,,,,,,,,,,,,,,,,,
500,Standiford Veterinary Center,(209) 577-3481,1520 Standiford Ave,Modesto,95350,General Practice,Monday: Open 24 hours,,,,,,,,,,,,,,,,,,,,,,,,,,,,,
501,Sylvan Veterinary hospital,(209) 551-4527,3520 Roselle Ave,Modesto,95357,General Practice,"Tuesday: 7:30 AM – 6:00 PM
Wednesday: 7:30 AM – 6:00 PM
Thursday: 7:30 AM – 6:00 PM
Friday: 7:30 AM – 6:00 PM
Saturday: 7:30 AM – 6:00 PM
Sunday: 8:00 AM – 4:00 PM",,,,,,,,,,,,,,,,,,,,,,,,,,,,,
502,Valley Pet Care,(209) 353-6914,1440 E Hatch Rd #102,Modesto,95351,General Practice,"Tuesday: 8:00 AM – 4:30 PM
Wednesday: 8:00 AM – 4:30 PM
Thursday: 8:00 AM – 4:30 PM
Friday: 8:00 AM – 4:30 PM
Saturday: 8:00 AM – 4:30 PM",,,,,,,,,,,,,,,,,,,,,,,,,,,,,
503,Valley Veterinary Hospital,(209) 575-0100,1635 Tully Rd,Modesto,95350,General Practice,"Tuesday: 8:00 AM – 6:00 PM
Wednesday: 8:00 AM – 6:00 PM
Thursday: 8:00 AM – 6:00 PM
Friday: 8:00 AM – 6:00 PM
Saturday: 8:00 AM – 6:00 PM
Sunday: 8:00 AM – 2:00 PM",,,,,,,,,,,,,,,,,,,,,,,,,,,,,
504,Veterinary Medical Associates,(209) 527-5855,204 W Granger Ave,Modesto,95350,General Practice,"Tuesday: 8:00 AM – 6:00 PM
Wednesday: 8:00 AM – 6:00 PM
Thursday: 8:00 AM – 6:00 PM
Friday: 8:00 AM – 6:00 PM
Saturday: 8:00 AM – 6:00 PM
Sunday: 8:00 AM – 1:00 PM",,,,,,,,,,,,,,,,,,,,,,,,,,,,,
505,Village Oak Veterinary Hospital,(209) 551-6200,3924 Oakdale Rd,Modesto,95357,General Practice,"Tuesday: 7:30 AM – 12:00 PM
Tuesday: 1:00 PM – 5:00 PM
Wednesday: 7:30 AM – 12:00 PM
Wednesday: 1:00 PM – 5:00 PM
Thursday: 7:30 AM – 12:00 PM
Thursday: 1:00 PM – 5:00 PM
Friday: 7:30 AM – 12:00 PM
Friday: 1:00 PM – 5:00 PM
Saturday: 7:30 AM – 12:00 PM
Saturday: 1:00 PM – 5:00 PM
Sunday: 8:00 AM – 12:00 PM
Sunday: 1:30 PM – 5:00 PM",,,,,,,,,,,,,,,,,,,,,,,,,,,,,
506,Yosemite Veterinary Hospital,(209) 524-1494,1706 Yosemite Blvd,Modesto,95354,General Practice,"Tuesday: 8:00 AM – 5:00 PM
Wednesday: 8:00 AM – 5:00 PM
Thursday: 8:00 AM – 1:00 PM
Friday: 8:00 AM – 5:00 PM
Saturday: 8:00 AM – 5:00 PM",,,,,,,,,,,,,,,,,,,,,,,,,,,,,
507,Arrow Dog And Cat Hospital,(909) 946-3211,5405 Arrow Hwy Suite 108,Montclair,91763,General Practice,"Tuesday: 9:00 AM – 6:00 PM
Wednesday: 9:00 AM – 6:00 PM
Thursday: 9:00 AM – 6:00 PM
Friday: 9:00 AM – 6:00 PM
Saturday: 9:00 AM – 6:00 PM",,,,,,,,,,,,,,,,,,,,,,,,,,,,,
508,Blue Cross Animal Hospital,(909) 621-2988,10593 S Mills Ave,Montclair,91763,General Practice,"Tuesday: 8:45 AM – 12:30 PM
Tuesday: 1:30 PM – 5:00 PM
Wednesday: 8:45 AM – 12:30 PM
Wednesday: 1:30 PM – 5:00 PM
Thursday: 9:00 AM – 2:00 PM
Friday: 8:45 AM – 12:30 PM
Friday: 1:30 PM – 5:00 PM
Saturday: 8:45 AM – 12:30 PM
Saturday: 1:30 PM – 5:00 PM",,,,,,,,,,,,,,,,,,,,,,,,,,,,,
509,Aguajito Veterinary Hospital,(831) 372-8151,1221 10th St,Monterey,93940,General Practice,"Tuesday: 9:00 AM – 6:00 PM
Wednesday: 9:00 AM – 6:00 PM
Thursday: 9:00 AM – 6:00 PM
Friday: 9:00 AM – 6:00 PM
Saturday: 9:00 AM – 6:00 PM
Sunday: 9:00 AM – 6:00 PM",,,,,,,,,,,,,,,,,,,,,,,,,,,,,
510,Monterey Animal Hospital,(831) 373-0711,725 Foam St,Monterey,93940,General Practice,"Tuesday: 7:00 AM – 6:00 PM
Wednesday: 7:00 AM – 6:00 PM
Thursday: 7:00 AM – 6:00 PM
Friday: 7:00 AM – 6:00 PM
Saturday: 7:00 AM – 6:00 PM
Sunday: 7:00 AM – 6:00 PM",,,,,,,,,,,,,,,,,,,,,,,,,,,,,
511,Monterey Peninsula Veterinary Emergency & Specialty Center,(831) 373-7374,20 Lower Ragsdale Dr #150,Monterey,93940,General Practice,Monday: Open 24 hours,,,,,,,,,,,,,,,,,,,,,,,,,,,,,
512,Veterinary Eye Clinic Monterey Bay,(831) 655-4939,2 Harris Ct A1,Monterey,93940,General Practice,"Tuesday: 9:00 AM – 5:00 PM
Wednesday: 9:00 AM – 5:00 PM
Thursday: 9:00 AM – 5:00 PM
Friday: 9:00 AM – 5:00 PM
Saturday: 9:00 AM – 5:00 PM
Sunday: 9:00 AM – 5:00 PM",,,,,,,,,,,,,,,,,,,,,,,,,,,,,
513,Arroyo Vista Veterinary Hospital,(805) 529-6833,476 Los Angeles Ave B9,Moorpark,93021,General Practice,"Tuesday: 8:00 AM – 6:00 PM
Wednesday: 8:00 AM – 6:00 PM
Thursday: 8:00 AM – 6:00 PM
Friday: 8:00 AM – 6:00 PM
Saturday: 8:00 AM – 6:00 PM
Sunday: 8:00 AM – 1:00 PM",,,,,,,,,,,,,,,,,,,,,,,,,,,,,
514,Contra Costa Veterinary Hospital:,(925) 376-1824,1025 Country Club Dr,Moraga,94556,General Practice,"Monday: 9:00 AM – 6:00 PM
Tuesday: 9:00 AM – 6:00 PM
Wednesday: 9:00 AM – 6:00 PM
Thursday: 9:00 AM – 6:00 PM
Friday: 9:00 AM – 6:00 PM
Saturday: Closed
Sunday: Closed",,,,,,,,,,,,,,,,,,,,,,,,,,,,,
515,Moraga Veterinary Hospital,(925) 376-1121,1020 Country Club Dr,Moraga,94556,General Practice,"Monday: 8:00 AM – 6:00 PM
Tuesday: 8:00 AM – 6:00 PM
Wednesday: 8:00 AM – 6:00 PM
Thursday: 8:00 AM – 6:00 PM
Friday: 8:00 AM – 6:00 PM
Saturday: Closed
Sunday: Closed",,,,,,,,,,,,,,,,,,,,,,,,,,,,,
516,Rheem Veterinary Medical Hospital,(925) 376-5976,521 Moraga Rd,Moraga,94556,General Practice,"Monday: 8:00 AM – 6:00 PM
Tuesday: 8:00 AM – 6:00 PM
Wednesday: 8:00 AM – 6:00 PM
Thursday: 8:00 AM – 6:00 PM
Friday: 8:00 AM – 6:00 PM
Saturday: 8:00 AM – 1:00 PM
Sunday: Closed",,,,,,,,,,,,,,,,,,,,,,,,,,,,,
517,Cochrane Animal Hospital,(408) 778-7783,18650 Adams Ct,Morgan Hill,95037,General Practice,"Tuesday: 9:00 AM – 3:00 PM
Wednesday: 9:00 AM – 3:00 PM
Thursday: 9:00 AM – 3:00 PM
Friday: 9:00 AM – 3:00 PM
Saturday: 9:00 AM – 3:00 PM
Sunday: 10:00 AM – 2:00 PM",,,,,,,,,,,,,,,,,,,,,,,,,,,,,
518,Douglas Novick DVM | Horse Veterinarian,(408) 946-6888,4820 Croy Rd,Morgan Hill,95037,General Practice,Monday: Open 24 hours,,,,,,,,,,,,,,,,,,,,,,,,,,,,,
519,Live Oak Veterinary Hospital,(408) 779-4010,16025 Vineyard Blvd,Morgan Hill,95037,General Practice,"Tuesday: 8:00 AM – 5:30 PM
Wednesday: 8:00 AM – 5:30 PM
Thursday: 8:00 AM – 5:30 PM
Friday: 8:00 AM – 5:30 PM
Saturday: 8:00 AM – 5:30 PM
Sunday: 8:00 AM – 12:00 PM",,,,,,,,,,,,,,,,,,,,,,,,,,,,,
520,Morgan Hill Animal Hospital,(408) 779-7325,16150 Monterey Rd,Morgan Hill,95037,General Practice,"Tuesday: 8:00 AM – 5:30 PM
Wednesday: 8:00 AM – 5:30 PM
Thursday: 8:00 AM – 5:30 PM
Friday: 8:00 AM – 5:30 PM
Saturday: 8:00 AM – 5:30 PM
Sunday: 8:30 AM – 1:00 PM",,,,,,,,,,,,,,,,,,,,,,,,,,,,,
521,South County Animal Hospital,(408) 779-6867,15790 Monterey Rd Suite 500,Morgan Hill,95037,General Practice,"Tuesday: 8:00 AM – 5:30 PM
Wednesday: 8:00 AM – 5:30 PM
Thursday: 8:00 AM – 5:30 PM
Friday: 8:00 AM – 5:30 PM
Saturday: 8:00 AM – 5:30 PM",,,,,,,,,,,,,,,,,,,,,,,,,,,,,
522,Morro Bay Veterinary Clinic,(805) 772-4411,385 Quintana Rd,Morro Bay,93442,General Practice,"Tuesday: 8:00 AM – 5:00 PM
Wednesday: 8:00 AM – 5:00 PM
Thursday: 8:00 AM – 5:00 PM
Friday: 8:00 AM – 5:00 PM
Saturday: 8:00 AM – 5:00 PM",,,,,,,,,,,,,,,,,,,,,,,,,,,,,
523,Alta View Animal Hospital,(650) 948-1021,690 Showers Dr,Mountain View,94040,General Practice,"Monday: 8:00 AM – 7:00 PM
Tuesday: 8:00 AM – 7:00 PM
Wednesday: 8:00 AM – 7:00 PM
Thursday: 8:00 AM – 7:00 PM
Friday: 8:00 AM – 6:00 PM
Saturday: 8:00 AM – 6:00 PM
Sunday: 9:00 AM – 2:00 PM",,,,,,,,,,,,,,,,,,,,,,,,,,,,,
524,Dog and Cat Dermatology,(650) 386-5419,1350 Grant Rd Unit 9,Mountain View,94040,General Practice,"Monday: 8:00 AM – 5:30 PM
Tuesday: 8:00 AM – 5:30 PM
Wednesday: 8:00 AM – 5:30 PM
Thursday: Closed
Friday: 8:00 AM – 5:30 PM
Saturday: Closed
Sunday: Closed",,,,,,,,,,,,,,,,,,,,,,,,,,,,,
525,MedVet Mountain View,(650) 494-1461,601 Showers Dr,Mountain View,94040,General Practice,"Monday: Open 24 hours
Tuesday: Open 24 hours
Wednesday: Open 24 hours
Thursday: Open 24 hours
Friday: Open 24 hours
Saturday: Open 24 hours
Sunday: Open 24 hours",,,,,,,,,,,,,,,,,,,,,,,,,,,,,
526,Miramonte Veterinary Hospital,(650) 962-8338,1766 Miramonte Ave,Mountain View,94040,General Practice,"Monday: 7:30 AM – 5:00 PM
Tuesday: 7:30 AM – 5:00 PM
Wednesday: 7:30 AM – 12:00 PM
Thursday: 7:30 AM – 5:00 PM
Friday: 7:30 AM – 5:00 PM
Saturday: 7:30 AM – 12:00 PM
Sunday: Closed",,,,,,,,,,,,,,,,,,,,,,,,,,,,,
527,Pathways To Healing Animal,(650) 450-3052,350 Franklin St,Mountain View,94041,General Practice,"Monday: 9:00 AM – 5:00 PM
Tuesday: 9:00 AM – 5:00 PM
Wednesday: 9:00 AM – 5:00 PM
Thursday: 9:00 AM – 5:00 PM
Friday: 9:00 AM – 5:00 PM
Saturday: Closed
Sunday: Closed",,,,,,,,,,,,,,,,,,,,,,,,,,,,,
528,Shoreline Pet Hospital,(650) 397-2877,580 N Rengstorff Ave Suite K,Mountain View,94043,General Practice,"Monday: 8:00 AM – 6:00 PM
Tuesday: 8:00 AM – 6:00 PM
Wednesday: 8:00 AM – 6:00 PM
Thursday: 8:00 AM – 6:00 PM
Friday: 8:00 AM – 6:00 PM
Saturday: 8:00 AM – 4:00 PM
Sunday: Closed",,,,,,,,,,,,,,,,,,,,,,,,,,,,,
529,Alley Cat & Dog Pet Hospital,(707) 224-2525,1041 Wine Country Ave,Napa,94558,General Practice,"Monday: 8:00 AM – 7:00 PM
Tuesday: 8:00 AM – 7:00 PM
Wednesday: 8:00 AM – 7:00 PM
Thursday: 8:00 AM – 7:00 PM
Friday: 8:00 AM – 7:00 PM
Saturday: 8:00 AM – 7:00 PM
Sunday: Closed",,,,,,,,,,,,,,,,,,,,,,,,,,,,,
530,Animal Kingdom Veterinary Services,(707) 254-0500,3164 Dry Creek Rd,Napa,94558,General Practice,"Monday: 8:00 AM – 6:00 PM
Tuesday: 8:00 AM – 6:00 PM
Wednesday: 8:00 AM – 6:00 PM
Thursday: 8:00 AM – 6:00 PM
Friday: 8:00 AM – 6:00 PM
Saturday: 8:00 AM – 12:00 PM
Sunday: Closed",,,,,,,,,,,,,,,,,,,,,,,,,,,,,
531,Flowers Shelley DVM,(707) 224-7953,2035 Silverado Trail,Napa,94558,General Practice,"Monday: 8:00 AM – 8:00 PM
Tuesday: 8:00 AM – 8:00 PM
Wednesday: 8:00 AM – 8:00 PM
Thursday: 8:00 AM – 8:00 PM
Friday: 8:00 AM – 8:00 PM
Saturday: 9:00 AM – 5:00 PM
Sunday: Closed",,,,,,,,,,,,,,,,,,,,,,,,,,,,,
532,Napa Humane (Humane Society Napa County),(707) 255-8118,3265 California Blvd,Napa,94558,General Practice,"Monday: 7:30 AM – 4:30 PM
Tuesday: 7:30 AM – 4:30 PM
Wednesday: 7:30 AM – 4:30 PM
Thursday: 7:30 AM – 4:30 PM
Friday: 7:30 AM – 4:30 PM
Saturday: Closed
Sunday: Closed",,,,,,,,,,,,,,,,,,,,,,,,,,,,,
533,Napa River Pet Hospital,(707) 819-2112,501 Lincoln Ave,Napa,94558,General Practice,"Monday: 9:00 AM – 6:00 PM
Tuesday: 9:00 AM – 6:00 PM
Wednesday: 9:00 AM – 6:00 PM
Thursday: 9:00 AM – 6:00 PM
Friday: 9:00 AM – 6:00 PM
Saturday: 9:00 AM – 6:00 PM
Sunday: Closed",,,,,,,,,,,,,,,,,,,,,,,,,,,,,
534,Napa Small Animal Hospital,(707) 257-8866,517 Lincoln Ave,Napa,94558,General Practice,"Monday: 9:00 AM – 5:00 PM
Tuesday: 9:00 AM – 5:00 PM
Wednesday: 9:00 AM – 5:00 PM
Thursday: 9:00 AM – 5:00 PM
Friday: 9:00 AM – 5:00 PM
Saturday: Closed
Sunday: Closed",,,,,,,,,,,,,,,,,,,,,,,,,,,,,
535,Napa Valley Equine,(707) 637-6137,3198 Silverado Trail,Napa,94558,General Practice,"Monday: 8:30 AM – 4:00 PM
Tuesday: 8:30 AM – 4:00 PM
Wednesday: 8:30 AM – 4:00 PM
Thursday: 8:30 AM – 4:00 PM
Friday: 8:30 AM – 4:00 PM
Saturday: Closed
Sunday: Closed",,,,,,,,,,,,,,,,,,,,,,,,,,,,,
536,Napa Valley Holistic Veterinary Services,(707) 535-9979,1552 Silverado Trail,Napa,94559,General Practice,"Monday: 9:00 AM – 4:00 PM
Tuesday: 9:00 AM – 4:00 PM
Wednesday: 9:00 AM – 4:00 PM
Thursday: 9:00 AM – 4:00 PM
Friday: Closed
Saturday: Closed
Sunday: Closed",,,,,,,,,,,,,,,,,,,,,,,,,,,,,
537,Napa Valley Veterinary Hospital,(707) 224-8604,1325 W Imola Ave,Napa,94559,General Practice,"Monday: 8:00 AM – 1:00 PM, 3:00 – 5:30 PM
Tuesday: 8:00 AM – 1:00 PM, 3:00 – 5:30 PM
Wednesday: 8:00 AM – 1:00 PM, 3:00 – 5:30 PM
Thursday: 8:00 AM – 1:00 PM, 3:00 – 5:30 PM
Friday: 8:00 AM – 1:00 PM, 3:00 – 5:30 PM
Saturday: Closed
Sunday: Closed",,,,,,,,,,,,,,,,,,,,,,,,,,,,,
538,Napa West Pet Hospital,(707) 254-9033,2999 Solano Ave,Napa,94558,General Practice,"Monday: 9:00 AM – 6:00 PM
Tuesday: 9:00 AM – 6:00 PM
Wednesday: 9:00 AM – 6:00 PM
Thursday: 9:00 AM – 6:00 PM
Friday: 9:00 AM – 6:00 PM
Saturday: 9:00 AM – 6:00 PM
Sunday: 9:00 AM – 6:00 PM",,,,,,,,,,,,,,,,,,,,,,,,,,,,,
539,Silverado Veterinary Hospital,(707) 806-0156,2035 Silverado Trail,Napa,94558,General Practice,"Monday: 8:00 AM – 8:00 PM
Tuesday: 8:00 AM – 8:00 PM
Wednesday: 8:00 AM – 8:00 PM
Thursday: 8:00 AM – 8:00 PM
Friday: 8:00 AM – 4:00 PM
Saturday: 9:00 AM – 3:00 PM
Sunday: Closed",,,,,,,,,,,,,,,,,,,,,,,,,,,,,
540,Four Paws Animal Clinic,(530) 265-3722,521 Searls Ave,Nevada City,95959,General Practice,"Tuesday: 9:00 AM – 5:00 PM
Wednesday: 9:00 AM – 5:00 PM
Thursday: 9:00 AM – 5:00 PM
Friday: 9:00 AM – 5:00 PM
Saturday: 9:00 AM – 5:00 PM",,,,,,,,,,,,,,,,,,,,,,,,,,,,,
541,Pine Creek Veterinary Clinic,(530) 478-9141,128 New Mohawk Rd,Nevada City,95959,General Practice,"Tuesday: 8:00 AM – 6:00 PM
Wednesday: 8:00 AM – 6:00 PM
Thursday: 8:00 AM – 6:00 PM
Friday: 8:00 AM – 6:00 PM
Saturday: 8:00 AM – 6:00 PM
Sunday: 8:00 AM – 6:00 PM",,,,,,,,,,,,,,,,,,,,,,,,,,,,,
542,Mesa Veterinary Hospital,(805) 929-5114,323 W Tefft St B,Nipomo,93444,General Practice,"Tuesday: 8:00 AM – 5:30 PM
Wednesday: 8:00 AM – 5:30 PM
Thursday: 8:00 AM – 5:30 PM
Friday: 8:00 AM – 5:30 PM
Saturday: 8:00 AM – 5:30 PM",,,,,,,,,,,,,,,,,,,,,,,,,,,,,
543,Nipomo Dog & Cat Hospital,(805) 929-2855,525 Sandydale Dr,Nipomo,93444,General Practice,"Tuesday: 8:00 AM – 5:00 PM
Wednesday: 8:00 AM – 5:00 PM
Thursday: 8:00 AM – 5:00 PM
Friday: 8:00 AM – 5:00 PM
Saturday: 8:00 AM – 5:00 PM",,,,,,,,,,,,,,,,,,,,,,,,,,,,,
544,Bel Marin Animal Hospital,(415) 883-0578,25 Commercial Blvd,Novato,94949,General Practice,"Monday: 8:30 AM – 6:00 PM
Tuesday: 8:30 AM – 6:00 PM
Wednesday: 8:30 AM – 6:00 PM
Thursday: 8:30 AM – 6:00 PM
Friday: 8:30 AM – 6:00 PM
Saturday: Closed
Sunday: Closed",,,,,,,,,,,,,,,,,,,,,,,,,,,,,
545,Center Veterinary Clinic,(415) 892-0891,1553 S Novato Blvd #B,Novato,94947,General Practice,"Monday: 8:00 AM – 6:30 PM
Tuesday: 8:00 AM – 6:30 PM
Wednesday: 8:00 AM – 6:30 PM
Thursday: 8:00 AM – 6:30 PM
Friday: 8:00 AM – 6:30 PM
Saturday: 8:00 AM – 6:00 PM
Sunday: Closed",,,,,,,,,,,,,,,,,,,,,,,,,,,,,
546,Dogtor Calls,(415) 895-6267,35 Harbor Dr,Novato,94945,General Practice,"Monday: 8:30 AM – 5:30 PM
Tuesday: 8:30 AM – 5:30 PM
Wednesday: 9:00 AM – 1:00 PM
Thursday: 8:30 AM – 5:30 PM
Friday: 8:30 AM – 5:30 PM
Saturday: 8:30 AM – 1:00 PM
Sunday: Closed",,,,,,,,,,,,,,,,,,,,,,,,,,,,,
547,Novato Veterinary Hospital,(415) 897-2173,7454 Redwood Blvd,Novato,94945,General Practice,"Monday: 8:00 AM – 6:30 PM
Tuesday: 8:00 AM – 6:30 PM
Wednesday: 8:00 AM – 6:30 PM
Thursday: 8:00 AM – 6:30 PM
Friday: 8:00 AM – 6:30 PM
Saturday: 8:00 AM – 5:00 PM
Sunday: Closed",,,,,,,,,,,,,,,,,,,,,,,,,,,,,
548,San Marin Animal Hospital,(415) 892-8387,103 San Marin Dr,Novato,94945,General Practice,"Monday: 8:00 AM – 6:00 PM
Tuesday: 8:00 AM – 7:00 PM
Wednesday: 8:00 AM – 6:00 PM
Thursday: 8:00 AM – 7:00 PM
Friday: 8:00 AM – 6:00 PM
Saturday: Closed
Sunday: Closed",,,,,,,,,,,,,,,,,,,,,,,,,,,,,
549,South Novato Animal Hospital,(415) 897-8200,7077 Redwood Blvd,Novato,94945,General Practice,"Monday: 8:30 AM – 12:00 PM, 1:30 – 6:00 PM
Tuesday: 8:00 AM – 12:00 PM, 1:30 – 6:00 PM
Wednesday: 8:00 AM – 12:00 PM, 1:30 – 6:00 PM
Thursday: 8:00 AM – 12:00 PM, 1:30 – 6:00 PM
Friday: 8:00 AM – 12:00 PM, 1:30 – 6:00 PM
Saturday: 9:00 AM – 12:00 PM, 1:30 – 5:00 PM
Sunday: Closed",,,,,,,,,,,,,,,,,,,,,,,,,,,,,
550,The Country Vet,(415) 897-8380,511 Atherton Ave,Novato,94945,General Practice,"Monday: 8:30 AM – 6:00 PM
Tuesday: 8:30 AM – 6:00 PM
Wednesday: 8:30 AM – 6:00 PM
Thursday: 8:30 AM – 6:00 PM
Friday: 8:30 AM – 6:00 PM
Saturday: Closed
Sunday: Closed",,,,,,,,,,,,,,,,,,,,,,,,,,,,,
551,Kanan Veterinary Hospital,(818) 532-7434,652 Lindero Canyon Rd Suite B,Oak Park,91377,General Practice,"Tuesday: 7:30 AM – 12:00 PM
Tuesday: 1:00 PM – 5:00 PM
Wednesday: 7:30 AM – 12:00 PM
Wednesday: 1:00 PM – 5:00 PM
Thursday: 7:30 AM – 12:00 PM
Thursday: 1:00 PM – 5:00 PM
Friday: 7:30 AM – 12:00 PM
Friday: 1:00 PM – 5:00 PM
Saturday: 7:30 AM – 12:00 PM
Saturday: 1:00 PM – 5:00 PM
Sunday: 8:00 AM – 12:00 PM
Sunday: 1:00 PM – 2:30 PM",,,,,,,,,,,,,,,,,,,,,,,,,,,,,
552,Topa Mountain Animal Hospital,(805) 649-4094,600 N Ventura Ave,Oak View,93022,General Practice,"Tuesday: 7:45 AM – 6:00 PM
Wednesday: 7:45 AM – 6:00 PM
Thursday: 7:45 AM – 6:00 PM
Friday: 7:45 AM – 6:00 PM
Saturday: 7:45 AM – 6:00 PM",,,,,,,,,,,,,,,,,,,,,,,,,,,,,
553,Oakdale Veterinary Group,(209) 847-2257,156 N Maag Ave,Oakdale,95361,General Practice,"Tuesday: 8:00 AM – 6:00 PM
Wednesday: 8:00 AM – 6:00 PM
Thursday: 8:00 AM – 6:00 PM
Friday: 8:00 AM – 6:00 PM
Saturday: 8:00 AM – 6:00 PM
Sunday: 8:00 AM – 1:00 PM",,,,,,,,,,,,,,,,,,,,,,,,,,,,,
554,East Bay Veterinary Clinic,(510) 891-1514,568 Grand Ave,Oakland,94610,General Practice,"Monday: 10:00 AM – 5:00 PM
Tuesday: 9:00 AM – 7:00 PM
Wednesday: 9:00 AM – 7:00 PM
Thursday: 9:00 AM – 7:00 PM
Friday: 9:00 AM – 7:00 PM
Saturday: 9:00 AM – 7:00 PM
Sunday: 10:00 AM – 5:00 PM",,,,,,,,,,,,,,,,,,,,,,,,,,,,,
555,Holistic Veterinary Care,(510) 339-2600,4382 Piedmont Ave,Oakland,94611,General Practice,"Wednesday: 10:00 AM – 6:00 PM
Thursday: 10:00 AM – 6:00 PM
Friday: 10:00 AM – 6:00 PM
Saturday: 10:00 AM – 6:00 PM
Sunday: 8:00 AM – 4:00 PM",,,,,,,,,,,,,,,,,,,,,,,,,,,,,
556,Jack London Pet Hospital,(510) 279-6774,401 Alice St,Oakland,94607,General Practice,,,,,,,,,,,,,,,,,,,,,,,,,,,,,,
557,Montclair Pet Hospital,(510) 339-8600,1961 Mountain Blvd,Oakland,94611,General Practice,"Tuesday: 8:00 AM – 6:00 PM
Wednesday: 8:00 AM – 6:00 PM
Thursday: 8:00 AM – 6:00 PM
Friday: 8:00 AM – 6:00 PM
Saturday: 8:00 AM – 6:00 PM",,,,,,,,,,,,,,,,,,,,,,,,,,,,,
558,Oakland Veterinary Hospital,(510) 530-1353,4258 MacArthur Blvd,Oakland,94619,General Practice,"Tuesday: 8:30 AM – 5:30 PM
Wednesday: 8:30 AM – 5:30 PM
Thursday: 8:30 AM – 5:30 PM
Friday: 8:30 AM – 5:30 PM
Saturday: 8:30 AM – 5:30 PM",,,,,,,,,,,,,,,,,,,,,,,,,,,,,
559,OakVet Animal Specialty Hospital,(510) 279-6821,1133 7th St,Oakland,94607,General Practice,Monday: Open 24 hours,,,,,,,,,,,,,,,,,,,,,,,,,,,,,
560,Petvet Petfood,(510) 652-9822,4814 Broadway,Oakland,94611,General Practice,"Monday: 9:00 AM – 6:00 PM
Tuesday: 9:30 AM – 7:00 PM
Wednesday: 9:30 AM – 7:00 PM
Thursday: 9:30 AM – 7:00 PM
Friday: 9:30 AM – 7:00 PM
Saturday: 9:30 AM – 7:00 PM
Sunday: 9:00 AM – 7:00 PM",,,,,,,,,,,,,,,,,,,,,,,,,,,,,
561,Plaza Veterinary Hospital,(510) 569-8864,4400 Keller Ave # 280,Oakland,94605,General Practice,"Tuesday: 10:00 AM – 1:00 PM
Wednesday: 10:00 AM – 1:00 PM
Friday: 10:00 AM – 1:00 PM
Saturday: 10:00 AM – 1:00 PM",,,,,,,,,,,,,,,,,,,,,,,,,,,,,
562,St Louis Veterinary Clinic,(510) 530-1004,3545 Fruitvale Ave,Oakland,94602,General Practice,"Tuesday: 10:00 AM – 2:00 PM
Wednesday: 10:00 AM – 2:00 PM
Thursday: 10:00 AM – 2:00 PM
Saturday: 10:00 AM – 2:00 PM
Sunday: 10:00 AM – 2:00 PM",,,,,,,,,,,,,,,,,,,,,,,,,,,,,
563,Thornhill Pet Hospital,(510) 339-2041,5745 Thornhill Dr,Oakland,94611,General Practice,"Tuesday: 8:00 AM – 12:00 PM
Tuesday: 1:00 PM – 5:00 PM
Wednesday: 8:00 AM – 12:00 PM
Wednesday: 1:00 PM – 5:00 PM
Thursday: 8:00 AM – 12:00 PM
Thursday: 1:00 PM – 5:00 PM
Friday: 8:00 AM – 12:00 PM
Friday: 1:00 PM – 5:00 PM
Saturday: 8:00 AM – 12:00 PM
Saturday: 1:00 PM – 5:00 PM",,,,,,,,,,,,,,,,,,,,,,,,,,,,,
564,VCA Bay Area Animal Hospital,(510) 654-8375,4501 Shattuck Ave.,Oakland,94609,General Practice,"Monday: 8:00 AM – 7:00 PM
Tuesday: 8:00 AM – 9:00 PM
Wednesday: 8:00 AM – 9:00 PM
Thursday: 8:00 AM – 9:00 PM
Friday: 8:00 AM – 9:00 PM
Saturday: 8:00 AM – 9:00 PM
Sunday: 8:00 AM – 7:00 PM",,,,,,,,,,,,,,,,,,,,,,,,,,,,,
565,Woodminster Veterinary Hospital,(510) 531-0121,5045 Woodminster Ln,Oakland,94602,General Practice,"Tuesday: 8:00 AM – 7:00 PM
Wednesday: 8:00 AM – 7:00 PM
Thursday: 10:00 AM – 2:00 PM
Friday: 8:00 AM – 7:00 PM
Saturday: 8:00 AM – 7:00 PM",,,,,,,,,,,,,,,,,,,,,,,,,,,,,
566,Medical Center For Birds,(925) 625-1878,3807 Main St A,Oakley,94561,General Practice,"Tuesday: 9:00 AM – 5:00 PM
Wednesday: 9:00 AM – 5:00 PM
Thursday: 9:00 AM – 5:00 PM
Friday: 9:00 AM – 5:00 PM
Saturday: 9:00 AM – 5:00 PM
Sunday: 9:00 AM – 5:00 PM",,,,,,,,,,,,,,,,,,,,,,,,,,,,,
567,Oakley Veterinary Medical Center,(925) 625-3722,4526 Main St,Oakley,94561,General Practice,"Tuesday: 8:00 AM – 6:00 PM
Wednesday: 8:00 AM – 6:00 PM
Thursday: 8:00 AM – 6:00 PM
Friday: 8:00 AM – 6:00 PM
Saturday: 8:00 AM – 6:00 PM
Sunday: 8:30 AM – 2:30 PM",,,,,,,,,,,,,,,,,,,,,,,,,,,,,
568,Ojala Family Pet Care,null,98 Big Break Rd,Oakley,94561,General Practice,"Tuesday: 8:00 AM – 5:00 PM
Wednesday: 8:00 AM – 5:00 PM
Thursday: 8:00 AM – 5:00 PM
Friday: 8:00 AM – 5:00 PM
Saturday: 8:00 AM – 5:00 PM",,,,,,,,,,,,,,,,,,,,,,,,,,,,,
569,VCA Cypress Animal Hospital,(925) 625-5330,2037 Main St,Oakley,94561,General Practice,"Tuesday: 8:30 AM – 5:30 PM
Wednesday: 8:30 AM – 5:30 PM
Thursday: 8:30 AM – 5:30 PM
Friday: 8:30 AM – 5:30 PM
Saturday: 8:30 AM – 5:30 PM",,,,,,,,,,,,,,,,,,,,,,,,,,,,,
570,Orangevale Veterinary Hospital,(916) 987-2055,6248 Main Ave,Orangevale,95662,General Practice,"Tuesday: 9:00 AM – 2:30 PM
Wednesday: 9:00 AM – 2:30 PM
Thursday: 9:00 AM – 5:30 PM
Friday: 9:00 AM – 5:30 PM
Saturday: 9:00 AM – 5:30 PM",,,,,,,,,,,,,,,,,,,,,,,,,,,,,
571,VCA American River Animal Hospital,(916) 988-1721,9391 Greenback Ln,Orangevale,95662,General Practice,"Tuesday: 7:30 AM – 5:00 PM
Wednesday: 7:30 AM – 5:00 PM
Thursday: 7:30 AM – 5:00 PM
Friday: 7:30 AM – 5:00 PM
Saturday: 7:30 AM – 5:00 PM",,,,,,,,,,,,,,,,,,,,,,,,,,,,,
572,Coast to Coast Cardiology,(844) 582-3827,4854 S Bradley Rd #109,Orcutt,93455,General Practice,"Monday: 8:00 AM – 9:00 PM
Tuesday: 7:30 AM – 11:00 PM
Wednesday: 7:30 AM – 11:00 PM
Thursday: 7:30 AM – 11:00 PM
Friday: 7:30 AM – 11:00 PM
Saturday: 7:30 AM – 11:00 PM
Sunday: 8:00 AM – 9:00 PM",,,,,,,,,,,,,,,,,,,,,,,,,,,,,
573,Dr Ruth's Vet 2 Pet Mobile,(805) 925-7884,4701-4899 Coughlin Way,Orcutt,93455,General Practice,"Tuesday: 9:00 AM – 5:00 PM
Wednesday: 9:00 AM – 5:00 PM
Thursday: 9:00 AM – 5:00 PM
Friday: 9:00 AM – 5:00 PM
Saturday: 9:00 AM – 5:00 PM",,,,,,,,,,,,,,,,,,,,,,,,,,,,,
574,Orcutt Veterinary Hospital,(805) 938-5362,4869 S Bradley Rd STE 125,Orcutt,93455,General Practice,"Tuesday: 8:00 AM – 6:00 PM
Wednesday: 8:00 AM – 6:00 PM
Thursday: 8:00 AM – 6:00 PM
Friday: 8:00 AM – 6:00 PM
Saturday: 8:00 AM – 6:00 PM
Sunday: 9:00 AM – 12:00 PM",,,,,,,,,,,,,,,,,,,,,,,,,,,,,
575,PETS Hospital,(805) 250-5600,4854 S Bradley Rd #109,Orcutt,93455,General Practice,Monday: Open 24 hours,,,,,,,,,,,,,,,,,,,,,,,,,,,,,
576,Orinda Veterinary Clinic,(925) 254-0211,23 Orinda Way # M,Orinda,94563,General Practice,"Monday: 8:00 AM – 6:00 PM
Tuesday: 8:00 AM – 6:00 PM
Wednesday: 8:00 AM – 6:00 PM
Thursday: 8:00 AM – 6:00 PM
Friday: 8:00 AM – 6:00 PM
Saturday: Closed
Sunday: Closed",,,,,,,,,,,,,,,,,,,,,,,,,,,,,
577,Theater View Veterinary Clinic,(925) 317-3187,1 Bates Blvd #200,Orinda,94563,General Practice,"Monday: 8:00 AM – 6:00 PM
Tuesday: 8:00 AM – 6:00 PM
Wednesday: 8:00 AM – 6:00 PM
Thursday: 8:00 AM – 6:00 PM
Friday: 8:00 AM – 6:00 PM
Saturday: Closed
Sunday: Closed",,,,,,,,,,,,,,,,,,,,,,,,,,,,,
578,Mid-Valley Veterinary Hospital,(530) 865-5634,4422 County Rd N,Orland,95963,General Practice,"Tuesday: 8:00 AM – 5:30 PM
Wednesday: 8:00 AM – 5:30 PM
Thursday: 8:00 AM – 5:30 PM
Friday: 8:00 AM – 5:30 PM
Saturday: 8:00 AM – 5:30 PM",,,,,,,,,,,,,,,,,,,,,,,,,,,,,
579,Oroville Animal Health Center,(530) 533-7513,2420 Myers St,Oroville,95966,General Practice,"Tuesday: 8:00 AM – 5:00 PM
Wednesday: 8:00 AM – 5:00 PM
Thursday: 8:00 AM – 5:00 PM
Friday: 8:00 AM – 5:00 PM
Saturday: 8:00 AM – 5:00 PM",,,,,,,,,,,,,,,,,,,,,,,,,,,,,
580,Pacific Grove Animal Hospital,(831) 318-0306,1023 Austin Ave,Pacific Grove,93950,General Practice,"Tuesday: 8:00 AM – 5:30 PM
Wednesday: 8:00 AM – 5:30 PM
Thursday: 8:00 AM – 5:30 PM
Friday: 8:00 AM – 5:30 PM
Saturday: 8:00 AM – 5:30 PM",,,,,,,,,,,,,,,,,,,,,,,,,,,,,
581,"A Well Adjusted Pet, Inc.",(415) 967-3861,100 Eureka Dr Suite 100,Pacifica,94044,General Practice,"Monday: Closed
Tuesday: 9:00 AM – 6:00 PM
Wednesday: 9:00 AM – 6:00 PM
Thursday: 9:00 AM – 6:00 PM
Friday: 9:00 AM – 5:00 PM
Saturday: 9:00 AM – 5:00 PM
Sunday: Closed",,,,,,,,,,,,,,,,,,,,,,,,,,,,,
582,AllCare Veterinary Hospital of Pacifica,(650) 359-8387,225 Carmel Ave,Pacifica,94044,General Practice,"Monday: 8:00 AM – 6:00 PM
Tuesday: 8:00 AM – 6:00 PM
Wednesday: 8:00 AM – 6:00 PM
Thursday: 8:00 AM – 6:00 PM
Friday: 8:00 AM – 6:00 PM
Saturday: Closed
Sunday: Closed",,,,,,,,,,,,,,,,,,,,,,,,,,,,,
583,Coastal Cat Clinic,(650) 359-5770,150 Eureka Dr,Pacifica,94044,General Practice,"Monday: Closed
Tuesday: 8:00 AM – 4:00 PM
Wednesday: 8:00 AM – 4:00 PM
Thursday: 8:00 AM – 4:00 PM
Friday: 8:00 AM – 4:00 PM
Saturday: 9:00 AM – 4:00 PM
Sunday: Closed",,,,,,,,,,,,,,,,,,,,,,,,,,,,,
584,Coastal Holistic,(650) 355-2810,439 Harvey Way,Pacifica,94044,General Practice,"Monday: 8:00 AM – 3:00 PM
Tuesday: 8:00 AM – 4:30 PM
Wednesday: 8:00 AM – 3:30 PM
Thursday: 8:00 AM – 4:30 PM
Friday: 8:00 AM – 3:30 PM
Saturday: 8:00 – 11:30 AM
Sunday: Closed",,,,,,,,,,,,,,,,,,,,,,,,,,,,,
585,Juvo Veterinary Hospital,(650) 351-7111,711 Oceana Blvd,Pacifica,94044,General Practice,"Monday: 8:00 AM – 7:00 PM
Tuesday: 8:00 AM – 7:00 PM
Wednesday: 8:00 AM – 7:00 PM
Thursday: 8:00 AM – 7:00 PM
Friday: 8:00 AM – 7:00 PM
Saturday: 8:00 AM – 5:00 PM
Sunday: Closed",,,,,,,,,,,,,,,,,,,,,,,,,,,,,
586,Linda Mar Veterinary Hospital,(650) 359-6471,985 Linda Mar Blvd,Pacifica,94044,General Practice,"Monday: 8:00 AM – 5:00 PM
Tuesday: 8:00 AM – 5:00 PM
Wednesday: 8:00 AM – 5:00 PM
Thursday: 8:00 AM – 5:00 PM
Friday: 8:00 AM – 5:00 PM
Saturday: 9:00 AM – 4:00 PM
Sunday: Closed",,,,,,,,,,,,,,,,,,,,,,,,,,,,,
587,Pacifica Pet Hospital,(650) 359-3685,4300 CA-1,Pacifica,94044,General Practice,"Monday: 7:30 AM – 6:30 PM
Tuesday: 7:30 AM – 6:30 PM
Wednesday: 7:30 AM – 6:30 PM
Thursday: 7:30 AM – 6:30 PM
Friday: 7:30 AM – 6:30 PM
Saturday: 8:30 AM – 4:30 PM
Sunday: Closed",,,,,,,,,,,,,,,,,,,,,,,,,,,,,
588,Animal Hospital of Palo Alto,(650) 493-2738,4111 El Camino Real,Palo Alto,94306,General Practice,"Monday: 8:00 AM – 6:00 PM
Tuesday: 8:00 AM – 6:00 PM
Wednesday: 8:00 AM – 6:00 PM
Thursday: 8:00 AM – 6:00 PM
Friday: 8:00 AM – 6:00 PM
Saturday: Closed
Sunday: Closed",,,,,,,,,,,,,,,,,,,,,,,,,,,,,
589,coastline global,(888) 999-3050,228 Hamilton Ave,Palo Alto,94301,General Practice,"Monday: 8:00 AM – 4:00 PM
Tuesday: 8:00 AM – 4:00 PM
Wednesday: 8:00 AM – 4:00 PM
Thursday: 8:00 AM – 4:00 PM
Friday: 8:00 AM – 4:00 PM
Saturday: Closed
Sunday: Closed",,,,,,,,,,,,,,,,,,,,,,,,,,,,,
590,Midtown Veterinary Hospital,(650) 397-7387,3045 Middlefield Rd,Palo Alto,94306,General Practice,"Monday: Closed
Tuesday: 9:00 AM – 6:00 PM
Wednesday: 9:00 AM – 6:00 PM
Thursday: 9:00 AM – 6:00 PM
Friday: Closed
Saturday: 10:00 AM – 6:00 PM
Sunday: 10:00 AM – 6:00 PM",,,,,,,,,,,,,,,,,,,,,,,,,,,,,
591,Modern Animal Palo Alto,(415) 915-7715,215 Alma St,Palo Alto,94301,General Practice,"Monday: 8:00 AM – 6:00 PM
Tuesday: 8:00 AM – 6:00 PM
Wednesday: 8:00 AM – 6:00 PM
Thursday: 8:00 AM – 6:00 PM
Friday: 8:00 AM – 6:00 PM
Saturday: 8:00 AM – 6:00 PM
Sunday: Closed",,,,,,,,,,,,,,,,,,,,,,,,,,,,,
592,Peaceful Pathways In-Home Pet Hospice and Euthanasia,(650) 316-5069,2625 Middlefield Rd Ste 290,Palo Alto,94306,General Practice,"Monday: 8:00 AM – 5:00 PM
Tuesday: 8:00 AM – 5:00 PM
Wednesday: 8:00 AM – 5:00 PM
Thursday: 8:00 AM – 5:00 PM
Friday: 8:00 AM – 5:00 PM
Saturday: 8:00 AM – 1:30 PM
Sunday: Closed",,,,,,,,,,,,,,,,,,,,,,,,,,,,,
593,Spay & Neuter Clinic,(650) 424-1901,3281 E Bayshore Rd,Palo Alto,94303,General Practice,"Tuesday: 11:00 AM – 5:30 PM
Wednesday: 11:00 AM – 5:30 PM
Thursday: 11:00 AM – 5:30 PM
Friday: 11:00 AM – 5:30 PM
Saturday: 11:00 AM – 5:30 PM
Sunday: 11:00 AM – 5:30 PM",,,,,,,,,,,,,,,,,,,,,,,,,,,,,
594,The Animal Doctors,(650) 325-1343,461 Page Mill Rd,Palo Alto,94306,General Practice,"Monday: 8:00 AM – 5:00 PM
Tuesday: 8:00 AM – 5:00 PM
Wednesday: 8:00 AM – 5:00 PM
Thursday: 8:00 AM – 5:00 PM
Friday: 8:00 AM – 5:00 PM
Saturday: Closed
Sunday: Closed",,,,,,,,,,,,,,,,,,,,,,,,,,,,,
595,Universal Pet Hospital,(650) 362-7969,3337 El Camino Real,Palo Alto,94306,General Practice,"Monday: 8:00 AM – 7:00 PM
Tuesday: Closed
Wednesday: 8:00 AM – 7:00 PM
Thursday: 8:00 AM – 7:00 PM
Friday: 8:00 AM – 7:00 PM
Saturday: 9:00 AM – 5:30 PM
Sunday: 9:00 AM – 5:30 PM",,,,,,,,,,,,,,,,,,,,,,,,,,,,,
596,VCA Palo Alto Animal Hospital,(650) 493-4233,3944 El Camino Real,Palo Alto,94306,General Practice,"Monday: 8:00 AM – 6:00 PM
Tuesday: 8:00 AM – 6:00 PM
Wednesday: 8:00 AM – 6:00 PM
Thursday: 8:00 AM – 6:00 PM
Friday: 8:00 AM – 6:00 PM
Saturday: 8:00 AM – 5:00 PM
Sunday: Closed",,,,,,,,,,,,,,,,,,,,,,,,,,,,,
597,Veterinary Emergency Group,(650) 999-3505,3903 El Camino Real,Palo Alto,94306,General Practice,"Monday: Open 24 hours
Tuesday: Open 24 hours
Wednesday: Open 24 hours
Thursday: Open 24 hours
Friday: Open 24 hours
Saturday: Open 24 hours
Sunday: Open 24 hours",,,,,,,,,,,,,,,,,,,,,,,,,,,,,
598,Vision Care For Animals,(650) 422-3700,4073 El Camino Real,Palo Alto,94306,General Practice,"Monday: 8:00 AM – 5:00 PM
Tuesday: 8:00 AM – 5:00 PM
Wednesday: 8:00 AM – 5:00 PM
Thursday: 8:00 AM – 5:00 PM
Friday: 8:00 AM – 5:00 PM
Saturday: Closed
Sunday: Closed",,,,,,,,,,,,,,,,,,,,,,,,,,,,,
599,Brink Veterinary Clinic Inc,(530) 241-6707,22066 Old 44 Dr,Palo Cedro,96073,General Practice,"Tuesday: 8:00 AM – 5:00 PM
Wednesday: 8:00 AM – 5:00 PM
Thursday: 8:00 AM – 5:00 PM
Friday: 8:00 AM – 5:00 PM
Saturday: 8:00 AM – 5:00 PM",,,,,,,,,,,,,,,,,,,,,,,,,,,,,
600,Animal Hospital of South Bay - Rolling Hills,(310) 831-1200,28916 S Western Ave,Palos Verdes Peninsula,90275,General Practice,"Tuesday: 7:30 AM – 6:00 PM
Wednesday: 7:30 AM – 6:00 PM
Thursday: 7:30 AM – 6:00 PM
Friday: 7:30 AM – 6:00 PM
Saturday: 7:30 AM – 6:00 PM
Sunday: 7:30 AM – 4:00 PM",,,,,,,,,,,,,,,,,,,,,,,,,,,,,
601,Holohan Veterinarian Services,(805) 610-9959,450 Almond Dr,Paso Robles,93446,General Practice,,,,,,,,,,,,,,,,,,,,,,,,,,,,,,
602,"North County Animal Hospital, A Thrive Pet Healthcare Partner",(805) 238-5882,825 24th St,Paso Robles,93446,General Practice,"Tuesday: 8:00 AM – 5:30 PM
Wednesday: 8:00 AM – 5:30 PM
Thursday: 8:00 AM – 5:30 PM
Friday: 8:00 AM – 5:30 PM
Saturday: 8:00 AM – 5:30 PM
Sunday: 9:00 AM – 2:00 PM",,,,,,,,,,,,,,,,,,,,,,,,,,,,,
603,Oak Country Veterinary Services James E. Aarons Dvm.,(805) 239-1206,1510 Mountain Springs Rd,Paso Robles,93446,General Practice,"Tuesday: 8:00 AM – 2:00 PM
Wednesday: 8:00 AM – 2:00 PM
Thursday: 8:00 AM – 2:00 PM
Friday: 8:00 AM – 2:00 PM
Saturday: 8:00 AM – 2:00 PM",,,,,,,,,,,,,,,,,,,,,,,,,,,,,
604,Paso Petcare Veterinary Hospital,(805) 238-1091,820 6th St,Paso Robles,93446,General Practice,"Tuesday: 8:00 AM – 5:00 PM
Wednesday: 8:00 AM – 5:00 PM
Thursday: 8:00 AM – 5:00 PM
Friday: 8:00 AM – 5:00 PM
Saturday: 8:00 AM – 5:00 PM",,,,,,,,,,,,,,,,,,,,,,,,,,,,,
605,Paso Robles Equine,(805) 748-4004,90 Wellsona Rd,Paso Robles,93446,General Practice,"Tuesday: 8:00 AM – 5:00 PM
Wednesday: 8:00 AM – 5:00 PM
Thursday: 8:00 AM – 5:00 PM
Friday: 8:00 AM – 5:00 PM
Saturday: 8:00 AM – 5:00 PM",,,,,,,,,,,,,,,,,,,,,,,,,,,,,
606,Paso Robles Veterinary Medical Clinic,(805) 238-4622,725 Walnut Dr,Paso Robles,93446,General Practice,"Tuesday: 8:00 AM – 12:00 PM
Tuesday: 1:30 PM – 5:00 PM
Wednesday: 8:00 AM – 12:00 PM
Wednesday: 1:30 PM – 5:00 PM
Thursday: 8:00 AM – 12:00 PM
Thursday: 1:30 PM – 5:00 PM
Friday: 8:00 AM – 12:00 PM
Friday: 1:30 PM – 5:00 PM
Saturday: 8:00 AM – 12:00 PM
Saturday: 1:30 PM – 5:00 PM
Sunday: 8:00 AM – 1:00 PM",,,,,,,,,,,,,,,,,,,,,,,,,,,,,
607,Penn Valley Veterinary Associates,(530) 432-3125,17404 Penn Valley Dr,Penn Valley,95946,General Practice,"Tuesday: 9:00 AM – 4:00 PM
Wednesday: 9:00 AM – 5:00 PM
Thursday: 9:00 AM – 5:00 PM
Friday: 9:00 AM – 5:00 PM
Saturday: 9:00 AM – 4:00 PM",,,,,,,,,,,,,,,,,,,,,,,,,,,,,
608,Sierra Oaks Veterinary Services,(530) 432-8443,10171 Commercial Ave,Penn Valley,95946,General Practice,"Tuesday: 9:00 AM – 5:00 PM
Wednesday: 9:00 AM – 5:00 PM
Thursday: 9:00 AM – 5:00 PM
Friday: 9:00 AM – 5:00 PM
Saturday: 9:00 AM – 5:00 PM",,,,,,,,,,,,,,,,,,,,,,,,,,,,,
609,A.E.Z.R. Pet Hospital,(707) 778-7521,593 N McDowell Blvd,Petaluma,94954,General Practice,"Monday: 8:00 AM – 5:00 PM
Tuesday: 8:00 AM – 5:00 PM
Wednesday: 8:00 AM – 5:00 PM
Thursday: 8:00 AM – 5:00 PM
Friday: 8:00 AM – 5:00 PM
Saturday: Closed
Sunday: Closed",,,,,,,,,,,,,,,,,,,,,,,,,,,,,
610,Artaurus Equine Clinic,(707) 763-1972,1384 Skillman Ln,Petaluma,94952,General Practice,"Monday: 8:30 AM – 5:00 PM
Tuesday: 8:30 AM – 5:00 PM
Wednesday: 8:30 AM – 5:00 PM
Thursday: 8:30 AM – 5:00 PM
Friday: 8:30 AM – 1:00 PM
Saturday: Closed
Sunday: Closed",,,,,,,,,,,,,,,,,,,,,,,,,,,,,
611,Brandner Veterinary Hospital,(707) 762-3549,347 Lakeville St,Petaluma,94952,General Practice,"Monday: 8:00 AM – 5:30 PM
Tuesday: 8:00 AM – 5:30 PM
Wednesday: 8:00 AM – 5:30 PM
Thursday: 8:00 AM – 5:30 PM
Friday: 8:00 AM – 5:30 PM
Saturday: Closed
Sunday: Closed",,,,,,,,,,,,,,,,,,,,,,,,,,,,,
612,Cat Hospital of Petaluma,(707) 778-7859,512 Petaluma Blvd S,Petaluma,94952,General Practice,"Monday: 8:00 AM – 5:00 PM
Tuesday: 8:00 AM – 5:00 PM
Wednesday: 8:00 AM – 5:00 PM
Thursday: 8:00 AM – 5:00 PM
Friday: 8:00 AM – 5:00 PM
Saturday: Closed
Sunday: Closed",,,,,,,,,,,,,,,,,,,,,,,,,,,,,
613,Country Care Animal Clinic,(707) 890-1148,1290 Goodwin Ave,Petaluma,94951,General Practice,"Monday: 10:00 AM – 12:00 PM, 1:00 – 6:00 PM
Tuesday: 10:00 AM – 12:00 PM, 1:00 – 6:00 PM
Wednesday: 10:00 AM – 12:00 PM, 1:00 – 6:00 PM
Thursday: 10:00 AM – 12:00 PM, 1:00 – 6:00 PM
Friday: Closed
Saturday: Closed
Sunday: Closed",,,,,,,,,,,,,,,,,,,,,,,,,,,,,
614,East Petaluma Animal Hospital,(707) 765-9098,1420 S McDowell Blvd SUITE B,Petaluma,94954,General Practice,"Monday: 8:00 AM – 6:00 PM
Tuesday: 8:00 AM – 6:00 PM
Wednesday: 8:00 AM – 6:00 PM
Thursday: 8:00 AM – 6:00 PM
Friday: 8:00 AM – 6:00 PM
Saturday: 8:00 AM – 2:00 PM
Sunday: Closed",,,,,,,,,,,,,,,,,,,,,,,,,,,,,
615,North Bay Veterinary Dentistry,(707) 400-0038,628 E Washington St #B,Petaluma,94952,General Practice,"Monday: 8:30 AM – 5:00 PM
Tuesday: 8:30 AM – 5:00 PM
Wednesday: 8:30 AM – 5:00 PM
Thursday: 8:30 AM – 5:00 PM
Friday: Closed
Saturday: Closed
Sunday: Closed",,,,,,,,,,,,,,,,,,,,,,,,,,,,,
616,Petaluma Equine,(707) 721-4402,911 Mustang Ct,Petaluma,94954,General Practice,"Monday: 9:00 AM – 5:00 PM
Tuesday: 9:00 AM – 5:00 PM
Wednesday: 9:00 AM – 5:00 PM
Thursday: 9:00 AM – 5:00 PM
Friday: 9:00 AM – 5:00 PM
Saturday: Closed
Sunday: Closed",,,,,,,,,,,,,,,,,,,,,,,,,,,,,
617,Petaluma Veterinary Hospital,(707) 762-3511,2443 Petaluma Blvd N,Petaluma,94952,General Practice,"Monday: 8:00 AM – 5:00 PM
Tuesday: 8:00 AM – 5:00 PM
Wednesday: 8:00 AM – 5:00 PM
Thursday: 8:00 AM – 5:00 PM
Friday: 8:00 AM – 5:00 PM
Saturday: Closed
Sunday: Closed",,,,,,,,,,,,,,,,,,,,,,,,,,,,,
618,Sonoma Marin Veterinary Service,(707) 763-1222,1120 Industrial Ave STE 13,Petaluma,94952,General Practice,"Monday: 8:00 AM – 5:00 PM
Tuesday: 8:00 AM – 5:00 PM
Wednesday: 8:00 AM – 5:00 PM
Thursday: 8:00 AM – 5:00 PM
Friday: 8:00 AM – 5:00 PM
Saturday: 8:00 AM – 12:00 PM
Sunday: Closed",,,,,,,,,,,,,,,,,,,,,,,,,,,,,
619,The Chicken Foot Ranch,(707) 738-2529,2300 Roberts Rd,Petaluma,94951,General Practice,"Monday: 8:00 AM – 4:00 PM
Tuesday: 8:00 AM – 4:00 PM
Wednesday: 8:00 AM – 4:00 PM
Thursday: 8:00 AM – 4:00 PM
Friday: 8:00 AM – 4:00 PM
Saturday: 9:00 AM – 5:00 PM
Sunday: 9:00 AM – 5:00 PM",,,,,,,,,,,,,,,,,,,,,,,,,,,,,
620,TruVet Specialty and Emergency Hospital,(707) 787-5340,2620 Lakeville Hwy Bldg D,Petaluma,94954,General Practice,"Monday: Open 24 hours
Tuesday: Open 24 hours
Wednesday: Open 24 hours
Thursday: Open 24 hours
Friday: Open 24 hours
Saturday: Open 24 hours
Sunday: Open 24 hours",,,,,,,,,,,,,,,,,,,,,,,,,,,,,
621,Washington Square Veterinary Clinic,(707) 778-1011,363 S McDowell Blvd,Petaluma,94954,General Practice,"Monday: 8:00 AM – 5:30 PM
Tuesday: 8:00 AM – 5:30 PM
Wednesday: 8:00 AM – 5:30 PM
Thursday: 8:00 AM – 5:30 PM
Friday: 8:00 AM – 5:30 PM
Saturday: Closed
Sunday: Closed",,,,,,,,,,,,,,,,,,,,,,,,,,,,,
622,Whiskers Animal Dentistry & Oral Surgery,(707) 888-0036,921 Lakeville St,Petaluma,94952,General Practice,"Monday: 8:00 AM – 6:00 PM
Tuesday: 8:00 AM – 6:00 PM
Wednesday: 8:00 AM – 6:00 PM
Thursday: 8:00 AM – 6:00 PM
Friday: Closed
Saturday: Closed
Sunday: Closed",,,,,,,,,,,,,,,,,,,,,,,,,,,,,
623,Country Animal Care,(760) 868-2188,4525 Phelan Rd,Phelan,92371,General Practice,"Tuesday: 8:00 AM – 5:00 PM
Wednesday: 8:00 AM – 5:00 PM
Thursday: 8:00 AM – 5:00 PM
Friday: 8:00 AM – 5:00 PM
Saturday: 8:00 AM – 5:00 PM
Sunday: 8:00 AM – 12:00 PM",,,,,,,,,,,,,,,,,,,,,,,,,,,,,
624,Animal Fix Clinic (formerly Fix Our Ferals),(510) 215-9300,910 San Pablo Ave,Pinole,94564,General Practice,"Monday: 7:30 AM – 6:00 PM
Tuesday: Closed
Wednesday: Closed
Thursday: 7:30 AM – 6:00 PM
Friday: 7:30 AM – 6:00 PM
Saturday: Closed
Sunday: 7:30 AM – 6:00 PM",,,,,,,,,,,,,,,,,,,,,,,,,,,,,
625,Pinole Pet Hospital,(510) 724-8766,1400 San Pablo Ave,Pinole,94564,General Practice,"Monday: 8:00 AM – 5:30 PM
Tuesday: 8:00 AM – 5:30 PM
Wednesday: 8:00 AM – 5:30 PM
Thursday: 8:00 AM – 5:30 PM
Friday: 8:00 AM – 5:30 PM
Saturday: Closed
Sunday: Closed",,,,,,,,,,,,,,,,,,,,,,,,,,,,,
626,Desert Mountain Veterinary,(760) 868-2418,655 CA-138,Piñon Hills,92372,General Practice,"Tuesday: 8:30 AM – 5:00 PM
Wednesday: 8:30 AM – 5:00 PM
Thursday: 8:30 AM – 5:00 PM
Friday: 8:30 AM – 5:00 PM
Saturday: 9:00 AM – 3:00 PM",,,,,,,,,,,,,,,,,,,,,,,,,,,,,
627,Cat & Exotic Care,(805) 773-0228,565 5 Cities Dr,Pismo Beach,93449,General Practice,"Tuesday: 8:00 AM – 5:30 PM
Wednesday: 8:00 AM – 5:30 PM
Thursday: 8:00 AM – 5:30 PM
Friday: 8:00 AM – 5:30 PM
Saturday: 8:00 AM – 5:30 PM",,,,,,,,,,,,,,,,,,,,,,,,,,,,,
628,Animalmedics911,(925) 318-1338,Pittsburg,Pittsburg,94565,General Practice,"Monday: 4:00 – 8:30 PM
Tuesday: 4:00 – 8:00 PM
Wednesday: 4:00 – 8:00 PM
Thursday: 4:00 – 8:00 PM
Friday: 4:00 – 8:00 PM
Saturday: 12:00 AM – 6:00 PM
Sunday: 12:00 AM – 6:00 PM",,,,,,,,,,,,,,,,,,,,,,,,,,,,,
629,Delta Animal Clinic,(925) 458-1631,Pittsburg,Pittsburg,94565,General Practice,,,,,,,,,,,,,,,,,,,,,,,,,,,,,,
630,Walkin Vets / Animal Hospital of Pittsburg,(925) 432-0818,216 Atlantic Ave,Pittsburg,94565,General Practice,"Monday: 7:00 AM – 9:00 PM
Tuesday: 7:00 AM – 9:00 PM
Wednesday: 7:00 AM – 9:00 PM
Thursday: 7:00 AM – 9:00 PM
Friday: 7:00 AM – 9:00 PM
Saturday: 7:00 AM – 9:00 PM
Sunday: 7:00 AM – 9:00 PM",,,,,,,,,,,,,,,,,,,,,,,,,,,,,
631,Well Pet Vet Clinic,(925) 427-4300,4040 Railroad Ave,Pittsburg,94565,General Practice,"Monday: 9:00 AM – 6:00 PM
Tuesday: 9:00 AM – 6:00 PM
Wednesday: 9:00 AM – 6:00 PM
Thursday: 9:00 AM – 6:00 PM
Friday: 9:00 AM – 6:00 PM
Saturday: Closed
Sunday: Closed",,,,,,,,,,,,,,,,,,,,,,,,,,,,,
632,Alternatives for Animals,(925) 283-6160,425 Gregory Ln Suite 203,Pleasant Hill,94523,General Practice,"Monday: 8:30 AM – 6:00 PM
Tuesday: 8:30 AM – 6:00 PM
Wednesday: 8:30 AM – 6:00 PM
Thursday: 8:30 AM – 6:00 PM
Friday: 8:30 AM – 6:00 PM
Saturday: Closed
Sunday: Closed",,,,,,,,,,,,,,,,,,,,,,,,,,,,,
633,Diablo View Veterinary Medical Hospital,(925) 942-4411,2609 Pleasant Hill Rd,Pleasant Hill,94523,General Practice,"Monday: 8:00 AM – 5:00 PM
Tuesday: 8:00 AM – 6:00 PM
Wednesday: 8:00 AM – 6:00 PM
Thursday: 8:00 AM – 6:00 PM
Friday: 8:00 AM – 6:00 PM
Saturday: Closed
Sunday: Closed",,,,,,,,,,,,,,,,,,,,,,,,,,,,,
634,Hillcrest Veterinary Hospital,(925) 676-1909,242 Golf Club Rd,Pleasant Hill,94523,General Practice,"Monday: 8:00 AM – 6:00 PM
Tuesday: 8:00 AM – 6:00 PM
Wednesday: 8:00 AM – 6:00 PM
Thursday: 8:00 AM – 6:00 PM
Friday: 8:00 AM – 6:00 PM
Saturday: Closed
Sunday: Closed",,,,,,,,,,,,,,,,,,,,,,,,,,,,,
635,Sun Valley Pet Hospital,(925) 686-6363,1130 Contra Costa Blvd,Pleasant Hill,94523,General Practice,"Monday: 8:00 AM – 6:00 PM
Tuesday: 8:00 AM – 6:00 PM
Wednesday: 8:00 AM – 6:00 PM
Thursday: 8:00 AM – 6:00 PM
Friday: 8:00 AM – 6:00 PM
Saturday: 8:00 AM – 6:00 PM
Sunday: 8:00 AM – 6:00 PM",,,,,,,,,,,,,,,,,,,,,,,,,,,,,
636,Alisal Pet Clinic,(925) 462-0677,5480 Sunol Blvd # 4,Pleasanton,94566,General Practice,"Tuesday: 8:00 AM – 6:00 PM
Wednesday: 8:00 AM – 6:00 PM
Thursday: 8:00 AM – 6:00 PM
Friday: 8:00 AM – 6:00 PM
Saturday: 8:00 AM – 6:00 PM
Sunday: 8:00 AM – 6:00 PM",,,,,,,,,,,,,,,,,,,,,,,,,,,,,
637,Amador Pet Hospital,(925) 462-9590,243 Main St C,Pleasanton,94566,General Practice,"Tuesday: 9:00 AM – 5:00 PM
Wednesday: 9:00 AM – 5:00 PM
Friday: 9:00 AM – 5:00 PM
Saturday: 9:00 AM – 5:00 PM",,,,,,,,,,,,,,,,,,,,,,,,,,,,,
638,Amador Valley Veterinary Center,(925) 462-3646,1809 Santa Rita Rd Suite K,Pleasanton,94566,General Practice,"Tuesday: 8:00 AM – 6:00 PM
Wednesday: 8:00 AM – 6:00 PM
Thursday: 8:00 AM – 6:00 PM
Friday: 8:00 AM – 6:00 PM
Saturday: 8:00 AM – 6:00 PM",,,,,,,,,,,,,,,,,,,,,,,,,,,,,
639,Animal Medical Center Of Pleasanton,(925) 734-8387,3901 Santa Rita Rd Ste. A,Pleasanton,94588,General Practice,"Monday: 9:00 AM – 6:00 PM
Tuesday: 8:00 AM – 7:00 PM
Wednesday: 8:00 AM – 7:00 PM
Thursday: 8:00 AM – 7:00 PM
Friday: 8:00 AM – 7:00 PM
Saturday: 8:00 AM – 7:00 PM
Sunday: 9:00 AM – 6:00 PM",,,,,,,,,,,,,,,,,,,,,,,,,,,,,
640,Feline Veterinary Center,(925) 249-1228,1809 Santa Rita Rd,Pleasanton,94566,General Practice,"Tuesday: 8:00 AM – 4:00 PM
Wednesday: 8:00 AM – 4:00 PM
Thursday: 8:00 AM – 4:00 PM
Friday: 8:00 AM – 4:00 PM
Saturday: 8:00 AM – 4:00 PM",,,,,,,,,,,,,,,,,,,,,,,,,,,,,
641,Olive Tree Animal Hospital,(925) 462-7120,7 California Ave,Pleasanton,94566,General Practice,"Tuesday: 9:00 AM – 6:00 PM
Wednesday: 9:00 AM – 6:00 PM
Thursday: 9:00 AM – 6:00 PM
Friday: 9:00 AM – 6:00 PM
Saturday: 9:00 AM – 6:00 PM
Sunday: 9:00 AM – 6:00 PM",,,,,,,,,,,,,,,,,,,,,,,,,,,,,
642,Paws of Pleasanton Animal Hospital,(925) 380-1888,3128 Santa Rita Rd Suite B,Pleasanton,94566,General Practice,"Tuesday: 7:30 AM – 6:00 PM
Wednesday: 7:30 AM – 6:00 PM
Thursday: 7:30 AM – 6:00 PM
Friday: 7:30 AM – 6:00 PM
Saturday: 7:30 AM – 6:00 PM",,,,,,,,,,,,,,,,,,,,,,,,,,,,,
643,Pleasanton Veterinary Hospital,(925) 462-7750,5737 Valley Ave,Pleasanton,94566,General Practice,"Tuesday: 8:00 AM – 6:00 PM
Wednesday: 8:00 AM – 6:00 PM
Thursday: 8:00 AM – 6:00 PM
Friday: 8:00 AM – 6:00 PM
Saturday: 8:00 AM – 6:00 PM",,,,,,,,,,,,,,,,,,,,,,,,,,,,,
644,Santa Rita Animal Care Clinic,(925) 398-3939,3030 Bernal Ave suite 250,Pleasanton,94566,General Practice,"Monday: 9:00 AM – 6:00 PM
Tuesday: 9:00 AM – 8:00 PM
Wednesday: 9:00 AM – 8:00 PM
Thursday: 9:00 AM – 8:00 PM
Friday: 9:00 AM – 8:00 PM
Saturday: 9:00 AM – 8:00 PM
Sunday: 9:00 AM – 6:00 PM",,,,,,,,,,,,,,,,,,,,,,,,,,,,,
645,Tri-Valley Mobile Veterinary Service,(925) 960-1393,1989 Santa Rita Rd,Pleasanton,94566,General Practice,"Tuesday: 8:30 AM – 6:00 PM
Wednesday: 8:30 AM – 6:00 PM
Saturday: 8:30 AM – 6:00 PM
Sunday: 10:00 AM – 2:00 PM",,,,,,,,,,,,,,,,,,,,,,,,,,,,,
646,Valley Humane Society's Phil Scholz Veterinary Surgery Center,(925) 426-8656,120 Spring St,Pleasanton,94566,General Practice,"Wednesday: 7:30 AM – 5:00 PM
Thursday: 7:30 AM – 5:00 PM
Friday: 7:30 AM – 5:00 PM
Saturday: 7:30 AM – 5:00 PM",,,,,,,,,,,,,,,,,,,,,,,,,,,,,
647,Channel Islands Veterinary Hospital,(805) 984-9868,741 W Channel Islands Blvd,Port Hueneme,93041,General Practice,"Tuesday: 8:00 AM – 6:00 PM
Wednesday: 8:00 AM – 6:00 PM
Thursday: 8:00 AM – 6:00 PM
Friday: 8:00 AM – 6:00 PM
Saturday: 8:00 AM – 6:00 PM
Sunday: 8:00 AM – 5:00 PM",,,,,,,,,,,,,,,,,,,,,,,,,,,,,
648,NBVC Vet Clinic,(805) 982-3271,"Port Hueneme, CA 93041, USA",Port Hueneme,93041,General Practice,"Tuesday: 8:00 AM – 3:00 PM
Wednesday: 8:00 AM – 3:00 PM
Thursday: 8:00 AM – 3:00 PM
Friday: 8:00 AM – 12:00 PM
Saturday: 8:00 AM – 12:00 PM",,,,,,,,,,,,,,,,,,,,,,,,,,,,,
649,Port Hueneme Animal Hospital,(805) 488-4514,250 E Scott St,Port Hueneme,93041,General Practice,"Tuesday: 8:00 AM – 6:00 PM
Wednesday: 8:00 AM – 6:00 PM
Thursday: 8:00 AM – 6:00 PM
Friday: 8:00 AM – 6:00 PM
Saturday: 8:00 AM – 6:00 PM
Sunday: 8:00 AM – 12:00 PM",,,,,,,,,,,,,,,,,,,,,,,,,,,,,
650,All Creatures Pet Care Center,(559) 784-1955,842 N Westwood St,Porterville,93257,General Practice,"Tuesday: 8:00 AM – 5:30 PM
Wednesday: 8:00 AM – 5:30 PM
Thursday: 8:00 AM – 5:30 PM
Friday: 8:00 AM – 5:30 PM
Saturday: 8:00 AM – 5:30 PM",,,,,,,,,,,,,,,,,,,,,,,,,,,,,
651,Henderson Veterinary Hospital,(559) 781-2106,238 W Henderson Ave,Porterville,93257,General Practice,"Tuesday: 7:30 AM – 4:30 PM
Wednesday: 7:30 AM – 4:30 PM
Thursday: 7:30 AM – 4:30 PM
Friday: 7:30 AM – 4:30 PM
Saturday: 7:30 AM – 4:00 PM",,,,,,,,,,,,,,,,,,,,,,,,,,,,,
652,Non Profit Spay & Neuter Clinic,(559) 615-1116,1315 W Olive Ave,Porterville,93257,General Practice,"Tuesday: 7:30 AM – 2:30 PM
Wednesday: 7:30 AM – 2:30 PM
Thursday: 7:30 AM – 2:30 PM
Friday: 7:30 AM – 3:00 PM
Saturday: 7:30 AM – 2:30 PM",,,,,,,,,,,,,,,,,,,,,,,,,,,,,
653,Sierra Veterinary Center,(559) 784-8387,661 S Plano St,Porterville,93257,General Practice,"Tuesday: 8:00 AM – 1:00 PM
Tuesday: 2:00 PM – 5:00 PM
Wednesday: 8:00 AM – 1:00 PM
Wednesday: 2:00 PM – 5:00 PM
Thursday: 8:00 AM – 1:00 PM
Thursday: 2:00 PM – 5:00 PM
Friday: 8:00 AM – 1:00 PM
Friday: 2:00 PM – 5:00 PM
Saturday: 8:00 AM – 1:00 PM
Saturday: 2:00 PM – 5:00 PM",,,,,,,,,,,,,,,,,,,,,,,,,,,,,
654,Western Veterinary Supply,null,79 W Orange Ave B,Porterville,93257,General Practice,,,,,,,,,,,,,,,,,,,,,,,,,,,,,,
655,Westwood Large Animal Clinic,(559) 784-7836,27114 Ave 140,Porterville,93257,General Practice,,,,,,,,,,,,,,,,,,,,,,,,,,,,,,
656,Steinbeck Peninsula Equine Clinics,(650) 854-3162,100 Ansel Ln,Portola Valley,94028,General Practice,"Monday: Open 24 hours
Tuesday: Open 24 hours
Wednesday: Open 24 hours
Thursday: Open 24 hours
Friday: Open 24 hours
Saturday: Open 24 hours
Sunday: Open 24 hours",,,,,,,,,,,,,,,,,,,,,,,,,,,,,
657,Village Square Portola Valley Veterinary Hospital,(650) 851-3244,884 Portola Rd,Portola Valley,94028,General Practice,"Monday: 9:00 AM – 6:00 PM
Tuesday: 9:00 AM – 6:00 PM
Wednesday: 9:00 AM – 6:00 PM
Thursday: 9:00 AM – 6:00 PM
Friday: 9:00 AM – 6:00 PM
Saturday: Closed
Sunday: Closed",,,,,,,,,,,,,,,,,,,,,,,,,,,,,
658,Windy Hill Veterinary Practice,(650) 851-3686,884 Portola Rd # A15,Portola Valley,94028,General Practice,,,,,,,,,,,,,,,,,,,,,,,,,,,,,,
659,Quartz Hill Veterinary,(661) 943-7896,42237 50th St W,Quartz Hill,93536,General Practice,"Tuesday: 8:00 AM – 6:00 PM
Wednesday: 8:00 AM – 6:00 PM
Thursday: 8:00 AM – 6:00 PM
Friday: 8:00 AM – 6:00 PM
Saturday: 8:00 AM – 6:00 PM",,,,,,,,,,,,,,,,,,,,,,,,,,,,,
660,Westside Animal Hospital Inc.,(661) 943-0303,42052 50th St W,Quartz Hill,93536,General Practice,"Tuesday: 8:00 AM – 4:30 PM
Wednesday: 8:00 AM – 4:30 PM
Thursday: 8:00 AM – 4:30 PM
Friday: 8:00 AM – 4:30 PM
Saturday: 8:00 AM – 4:30 PM
Sunday: 12:00 PM – 4:30 PM",,,,,,,,,,,,,,,,,,,,,,,,,,,,,
661,Allure Veterinary Partners,(916) 680-9975,4036 Sunrise Blvd #140,Rancho Cordova,95742,General Practice,"Tuesday: 8:00 AM – 6:00 PM
Wednesday: 8:00 AM – 6:00 PM
Thursday: 8:00 AM – 6:00 PM
Friday: 8:00 AM – 6:00 PM
Saturday: 8:00 AM – 6:00 PM",,,,,,,,,,,,,,,,,,,,,,,,,,,,,
662,Livewell Animal Hospital of Rancho Cordova,(916) 248-4757,4011 Sunrise Blvd A,Rancho Cordova,95742,General Practice,,,,,,,,,,,,,,,,,,,,,,,,,,,,,,
663,Rancho Pet Hospital,(916) 476-6345,3101 Zinfandel Dr #144,Rancho Cordova,95670,General Practice,"Tuesday: 8:00 AM – 7:00 PM
Wednesday: 8:00 AM – 7:00 PM
Thursday: 8:00 AM – 7:00 PM
Friday: 8:00 AM – 7:00 PM
Saturday: 8:00 AM – 7:00 PM
Sunday: 7:00 AM – 2:00 PM",,,,,,,,,,,,,,,,,,,,,,,,,,,,,
664,VCA Cordova Veterinary Dentistry Center,(916) 363-9443,2939 Mather Field Rd,Rancho Cordova,95670,General Practice,"Tuesday: 8:00 AM – 5:00 PM
Wednesday: 8:00 AM – 5:00 PM
Thursday: 8:00 AM – 5:00 PM
Friday: 8:00 AM – 5:00 PM
Saturday: 8:00 AM – 5:00 PM",,,,,,,,,,,,,,,,,,,,,,,,,,,,,
665,VCA Mather Animal Medical Center,(916) 362-1863,3348 Mather Field Rd,Rancho Cordova,95670,General Practice,"Tuesday: 8:00 AM – 6:00 PM
Wednesday: 8:00 AM – 6:00 PM
Thursday: 8:00 AM – 6:00 PM
Friday: 8:00 AM – 6:00 PM
Saturday: 8:00 AM – 6:00 PM",,,,,,,,,,,,,,,,,,,,,,,,,,,,,
666,Veterinary Medical Center of Rancho Cordova,(916) 361-4506,10115 Folsom Blvd,Rancho Cordova,95670,General Practice,"Tuesday: 12:00 PM – 8:00 PM
Wednesday: 8:00 AM – 8:00 PM
Thursday: 8:00 AM – 8:00 PM
Friday: 8:00 AM – 8:00 PM
Saturday: 8:00 AM – 8:00 PM
Sunday: 9:00 AM – 4:00 PM",,,,,,,,,,,,,,,,,,,,,,,,,,,,,
667,Homec Veterinary Care,(760) 776-2929,40101B Monterey Ave Suite B4,Rancho Mirage,92270,General Practice,"Tuesday: 8:00 AM – 4:30 PM
Wednesday: 8:00 AM – 4:30 PM
Thursday: 8:00 AM – 4:30 PM
Friday: 8:00 AM – 4:30 PM
Saturday: 8:00 AM – 4:30 PM",,,,,,,,,,,,,,,,,,,,,,,,,,,,,
668,VCA Rancho Mirage Animal Hospital,(760) 346-6103,71075 CA-111,Rancho Mirage,92270,General Practice,"Tuesday: 8:00 AM – 5:00 PM
Wednesday: 8:00 AM – 5:00 PM
Thursday: 8:00 AM – 5:00 PM
Friday: 8:00 AM – 5:00 PM
Saturday: 8:00 AM – 5:00 PM",,,,,,,,,,,,,,,,,,,,,,,,,,,,,
669,Sendero Animal Hospital,(949) 226-5597,30703 Gateway Pl,Rancho Mission Viejo,92694,General Practice,"Monday: 8:00 AM – 5:00 PM
Tuesday: 8:00 AM – 6:00 PM
Wednesday: 8:00 AM – 6:00 PM
Thursday: 8:00 AM – 6:00 PM
Friday: 8:00 AM – 6:00 PM
Saturday: 8:00 AM – 6:00 PM
Sunday: 8:00 AM – 5:00 PM",,,,,,,,,,,,,,,,,,,,,,,,,,,,,
670,All Pets Veterinary Hospital,(310) 547-2784,28326 S Western Ave,Rancho Palos Verdes,90275,General Practice,"Tuesday: 7:30 AM – 6:00 PM
Wednesday: 7:30 AM – 6:00 PM
Thursday: 7:30 AM – 6:00 PM
Friday: 7:30 AM – 6:00 PM
Saturday: 7:30 AM – 6:00 PM
Sunday: 8:00 AM – 4:00 PM",,,,,,,,,,,,,,,,,,,,,,,,,,,,,
671,ABJ Equine Practice,(858) 759-2772,PO Box 1750,Rancho Santa Fe,92067,General Practice,"Tuesday: 8:00 AM – 4:00 PM
Wednesday: 8:00 AM – 4:00 PM
Thursday: 8:00 AM – 4:00 PM
Friday: 8:00 AM – 4:00 PM
Saturday: 8:00 AM – 4:00 PM",,,,,,,,,,,,,,,,,,,,,,,,,,,,,
672,Helen Woodward Animal Center,(858) 756-4117,6461 El Apajo,Rancho Santa Fe,92067,General Practice,"Monday: 10:00 AM – 6:00 PM
Tuesday: 12:00 PM – 6:00 PM
Wednesday: 12:00 PM – 6:00 PM
Thursday: 12:00 PM – 6:00 PM
Friday: 12:00 PM – 6:00 PM
Saturday: 10:00 AM – 6:00 PM
Sunday: 10:00 AM – 6:00 PM",,,,,,,,,,,,,,,,,,,,,,,,,,,,,
673,Helen Woodward Animal Center Companion Animal Hospital,(858) 756-4469,6523 Helen Woodward Way #200,Rancho Santa Fe,92067,General Practice,"Monday: 8:00 AM – 4:00 PM
Tuesday: 8:00 AM – 6:00 PM
Wednesday: 8:00 AM – 6:00 PM
Thursday: 8:00 AM – 6:00 PM
Friday: 8:00 AM – 6:00 PM
Saturday: 8:00 AM – 6:00 PM
Sunday: 8:00 AM – 4:00 PM",,,,,,,,,,,,,,,,,,,,,,,,,,,,,
674,Sporthorse Veterinary Services,(760) 798-4850,7103 Via Del Charro,Rancho Santa Fe,92067,General Practice,"Tuesday: 7:30 AM – 4:00 PM
Wednesday: 7:30 AM – 4:00 PM
Thursday: 7:30 AM – 4:00 PM
Friday: 7:30 AM – 4:00 PM
Saturday: 7:30 AM – 4:00 PM",,,,,,,,,,,,,,,,,,,,,,,,,,,,,
675,Animal Health International Inc,(530) 527-1888,1115 Metzger St,Red Bluff,96080,General Practice,"Tuesday: 8:00 AM – 5:00 PM
Wednesday: 8:00 AM – 5:00 PM
Thursday: 8:00 AM – 5:00 PM
Friday: 8:00 AM – 5:00 PM
Saturday: 8:00 AM – 5:00 PM",,,,,,,,,,,,,,,,,,,,,,,,,,,,,
676,"Antelope Veterinary Clinic, Inc. | Belle Mill Landing",(530) 527-4522,85 Belle Mill Rd,Red Bluff,96080,General Practice,"Tuesday: 8:30 AM – 5:00 PM
Wednesday: 8:30 AM – 5:00 PM
Thursday: 8:30 AM – 5:00 PM
Friday: 8:30 AM – 5:00 PM
Saturday: 8:30 AM – 5:00 PM",,,,,,,,,,,,,,,,,,,,,,,,,,,,,
677,Red Bluff Veterinary Clinic,(530) 527-1886,445 Luther Rd,Red Bluff,96080,General Practice,"Tuesday: 8:00 AM – 5:00 PM
Wednesday: 8:00 AM – 5:00 PM
Thursday: 8:00 AM – 5:00 PM
Friday: 8:00 AM – 5:00 PM
Saturday: 8:00 AM – 5:00 PM",,,,,,,,,,,,,,,,,,,,,,,,,,,,,
678,Valley Veterinary Clinic,(530) 527-5259,420 Antelope Blvd,Red Bluff,96080,General Practice,"Tuesday: 7:30 AM – 5:00 PM
Wednesday: 7:30 AM – 5:00 PM
Thursday: 7:30 AM – 5:00 PM
Friday: 7:30 AM – 5:00 PM
Saturday: 7:30 AM – 5:00 PM",,,,,,,,,,,,,,,,,,,,,,,,,,,,,
679,Panorama Equine Medical and Surgical Center,(530) 221-7004,10302 Old Oregon Trail,Redding,96003,General Practice,"Tuesday: 8:30 AM – 5:00 PM
Wednesday: 8:30 AM – 5:00 PM
Thursday: 8:30 AM – 5:00 PM
Friday: 8:30 AM – 5:00 PM
Saturday: 8:30 AM – 5:00 PM",,,,,,,,,,,,,,,,,,,,,,,,,,,,,
680,Pet Care Naturally,(530) 221-1803,2457 Athens Ave,Redding,96001,General Practice,"Tuesday: 9:00 AM – 5:30 PM
Wednesday: 9:00 AM – 5:30 PM
Thursday: 9:00 AM – 5:30 PM
Friday: 9:00 AM – 5:30 PM
Saturday: 9:00 AM – 5:30 PM
Sunday: 10:00 AM – 2:00 PM",,,,,,,,,,,,,,,,,,,,,,,,,,,,,
681,Redding Veterinary Clinic,(530) 243-8335,4275 Westside Rd,Redding,96001,General Practice,"Tuesday: 8:00 AM – 5:30 PM
Wednesday: 8:00 AM – 5:30 PM
Thursday: 8:00 AM – 5:30 PM
Friday: 8:00 AM – 5:30 PM
Saturday: 8:00 AM – 2:00 PM",,,,,,,,,,,,,,,,,,,,,,,,,,,,,
682,VCA Asher Animal Hospital,(530) 224-2200,2505 Hilltop Dr,Redding,96002,General Practice,"Tuesday: 7:00 AM – 6:00 PM
Wednesday: 7:00 AM – 6:00 PM
Thursday: 7:00 AM – 6:00 PM
Friday: 7:00 AM – 6:00 PM
Saturday: 7:00 AM – 6:00 PM",,,,,,,,,,,,,,,,,,,,,,,,,,,,,
683,VCA Care Animal Hospital,(530) 244-2287,20 Hilltop Dr Suite C Suite C,Redding,96003,General Practice,"Tuesday: 7:30 AM – 1:00 PM
Tuesday: 2:00 PM – 6:00 PM
Wednesday: 7:30 AM – 1:00 PM
Wednesday: 2:00 PM – 6:00 PM
Thursday: 7:30 AM – 1:00 PM
Thursday: 2:00 PM – 6:00 PM
Friday: 7:30 AM – 1:00 PM
Friday: 2:00 PM – 6:00 PM",,,,,,,,,,,,,,,,,,,,,,,,,,,,,
684,VCA Companion Animal Hospital,(530) 225-8910,2133 Eureka Way,Redding,96001,General Practice,"Tuesday: 8:00 AM – 5:00 PM
Wednesday: 8:00 AM – 5:00 PM
Thursday: 8:00 AM – 5:00 PM
Friday: 8:00 AM – 5:00 PM
Saturday: 8:00 AM – 5:00 PM",,,,,,,,,,,,,,,,,,,,,,,,,,,,,
685,Westside Pet Hospital,(530) 243-3610,1825 Buenaventura Blvd,Redding,96001,General Practice,"Tuesday: 8:00 AM – 12:00 PM
Tuesday: 2:00 PM – 5:30 PM
Wednesday: 8:00 AM – 5:30 PM
Thursday: 8:00 AM – 5:30 PM
Friday: 8:00 AM – 5:30 PM
Saturday: 8:00 AM – 5:30 PM",,,,,,,,,,,,,,,,,,,,,,,,,,,,,
686,AnimalScan,(650) 480-2001,934 Charter St,Redwood City,94063,General Practice,"Monday: 8:30 AM – 5:00 PM
Tuesday: 8:30 AM – 5:00 PM
Wednesday: 8:30 AM – 5:00 PM
Thursday: 8:30 AM – 5:00 PM
Friday: 8:30 AM – 5:00 PM
Saturday: Closed
Sunday: Closed",,,,,,,,,,,,,,,,,,,,,,,,,,,,,
687,Bayhill Equine,(650) 851-2300,123 Belmont Ave,Redwood City,94061,General Practice,"Monday: 8:30 AM – 4:30 PM
Tuesday: 8:30 AM – 4:30 PM
Wednesday: 8:30 AM – 4:30 PM
Thursday: 8:30 AM – 4:30 PM
Friday: 8:30 AM – 4:30 PM
Saturday: Closed
Sunday: Closed",,,,,,,,,,,,,,,,,,,,,,,,,,,,,
688,Mid-Peninsula Animal Hospital,(650) 325-5671,2707 El Camino Real,Redwood City,94061,General Practice,"Monday: 8:00 AM – 6:00 PM
Tuesday: 8:00 AM – 6:00 PM
Wednesday: 8:00 AM – 6:00 PM
Thursday: 8:00 AM – 6:00 PM
Friday: 8:00 AM – 6:00 PM
Saturday: 8:00 AM – 5:00 PM
Sunday: Closed",,,,,,,,,,,,,,,,,,,,,,,,,,,,,
689,Nine Lives Cat Adoptions & Medical Clinic,(650) 368-1365,749 Brewster Ave,Redwood City,94063,General Practice,"Monday: 10:00 AM – 5:00 PM
Tuesday: 7:30 AM – 5:00 PM
Wednesday: 7:30 AM – 5:00 PM
Thursday: 7:30 AM – 5:00 PM
Friday: 7:30 AM – 5:00 PM
Saturday: 7:30 AM – 5:00 PM
Sunday: 10:00 AM – 5:00 PM",,,,,,,,,,,,,,,,,,,,,,,,,,,,,
690,"Restful Paws - In Home Pet Hospice and Euthanasia, A SAGE Service",(408) 242-2792,SAGE Veterinary Centers - Redwood City,Redwood City,94063,General Practice,"Monday: 9:00 AM – 6:00 PM
Tuesday: 9:00 AM – 6:00 PM
Wednesday: 9:00 AM – 6:00 PM
Thursday: 9:00 AM – 6:00 PM
Friday: 9:00 AM – 6:00 PM
Saturday: 9:00 AM – 6:00 PM
Sunday: 9:00 AM – 6:00 PM",,,,,,,,,,,,,,,,,,,,,,,,,,,,,
691,SAGE Veterinary Centers - Redwood City,(650) 417-7243,934 Charter St,Redwood City,94063,General Practice,"Monday: Open 24 hours
Tuesday: Open 24 hours
Wednesday: Open 24 hours
Thursday: Open 24 hours
Friday: Open 24 hours
Saturday: Open 24 hours
Sunday: Open 24 hours",,,,,,,,,,,,,,,,,,,,,,,,,,,,,
692,Starwood Equine Veterinary Services - Peninsula,(650) 275-3091,1690 Woodside Rd,Redwood City,94061,General Practice,"Monday: 9:00 AM – 5:00 PM
Tuesday: 9:00 AM – 5:00 PM
Wednesday: 9:00 AM – 5:00 PM
Thursday: 9:00 AM – 5:00 PM
Friday: 9:00 AM – 5:00 PM
Saturday: Closed
Sunday: Closed",,,,,,,,,,,,,,,,,,,,,,,,,,,,,
693,Veterinary Acupuncture Services,(650) 479-6677,Woodside,Redwood City,94062,General Practice,"Monday: 8:00 AM – 5:00 PM
Tuesday: 8:00 AM – 5:00 PM
Wednesday: 8:00 AM – 5:00 PM
Thursday: 8:00 AM – 5:00 PM
Friday: 8:00 AM – 5:00 PM
Saturday: Closed
Sunday: Closed",,,,,,,,,,,,,,,,,,,,,,,,,,,,,
694,Village Square Woodside Veterinary Hospital,(650) 924-1927,1725 Woodside Rd #F,Redwood City,94061,General Practice,"Monday: 8:00 AM – 6:00 PM
Tuesday: 8:00 AM – 6:00 PM
Wednesday: 8:00 AM – 6:00 PM
Thursday: 8:00 AM – 6:00 PM
Friday: 8:00 AM – 6:00 PM
Saturday: Closed
Sunday: Closed",,,,,,,,,,,,,,,,,,,,,,,,,,,,,
695,Whipple Ave Pet Hospital,(650) 369-9096,635 Whipple Ave,Redwood City,94063,General Practice,"Monday: 8:00 AM – 5:00 PM
Tuesday: 8:00 AM – 5:00 PM
Wednesday: 8:00 AM – 5:00 PM
Thursday: 8:00 AM – 5:00 PM
Friday: 8:00 AM – 5:00 PM
Saturday: Closed
Sunday: Closed",,,,,,,,,,,,,,,,,,,,,,,,,,,,,
696,Wildwood Veterinary Hospital,(650) 366-9453,2900 Spring St #5,Redwood City,94063,General Practice,"Monday: 9:00 AM – 5:00 PM
Tuesday: 10:00 AM – 5:00 PM
Wednesday: 10:00 AM – 5:00 PM
Thursday: 10:00 AM – 5:00 PM
Friday: 9:00 AM – 5:00 PM
Saturday: 10:00 AM – 5:00 PM
Sunday: Closed",,,,,,,,,,,,,,,,,,,,,,,,,,,,,
697,All Paws Holistic Vet Clinic,(510) 232-5303,249 Tewksbury Ave,Richmond,94801,General Practice,"Monday: 9:00 AM – 5:00 PM
Tuesday: 9:00 AM – 5:00 PM
Wednesday: Closed
Thursday: 9:00 AM – 5:00 PM
Friday: Closed
Saturday: Closed
Sunday: Closed",,,,,,,,,,,,,,,,,,,,,,,,,,,,,
698,North Country Veterinary Referral Center,(530) 620-6503,430 Civic Center Plaza,Richmond,94804,General Practice,,,,,,,,,,,,,,,,,,,,,,,,,,,,,,
699,Richmond Veterinary Hospital,(510) 232-3465,4704 Macdonald Ave,Richmond,94805,General Practice,"Monday: 8:00 AM – 12:00 PM, 2:00 – 6:00 PM
Tuesday: 8:00 AM – 12:00 PM, 2:00 – 6:00 PM
Wednesday: 8:00 AM – 12:00 PM, 2:00 – 6:00 PM
Thursday: 8:00 AM – 12:00 PM, 2:00 – 6:00 PM
Friday: 8:00 AM – 12:00 PM, 2:00 – 6:00 PM
Saturday: Closed
Sunday: Closed",,,,,,,,,,,,,,,,,,,,,,,,,,,,,
700,Rio Vista Veterinary Services,(707) 374-6355,227 Main St,Rio Vista,94571,General Practice,"Monday: 8:00 AM – 5:30 PM
Tuesday: 8:00 AM – 5:30 PM
Wednesday: 8:00 AM – 5:30 PM
Thursday: 8:00 AM – 5:30 PM
Friday: 8:00 AM – 5:30 PM
Saturday: Closed
Sunday: Closed",,,,,,,,,,,,,,,,,,,,,,,,,,,,,
701,Ripon Veterinary Hospital,(209) 599-6153,134 W Main St,Ripon,95366,General Practice,"Tuesday: 8:00 AM – 5:30 PM
Wednesday: 8:00 AM – 5:30 PM
Thursday: 8:00 AM – 5:30 PM
Friday: 8:00 AM – 5:30 PM
Saturday: 8:00 AM – 5:30 PM
Sunday: 8:30 AM – 12:00 PM",,,,,,,,,,,,,,,,,,,,,,,,,,,,,
702,River Oak Veterinary Hospital,(209) 869-3692,2369 Patterson Rd,Riverbank,95367,General Practice,"Tuesday: 7:30 AM – 5:30 PM
Wednesday: 7:30 AM – 5:30 PM
Thursday: 7:30 AM – 5:30 PM
Friday: 7:30 AM – 5:30 PM
Saturday: 7:30 AM – 5:30 PM",,,,,,,,,,,,,,,,,,,,,,,,,,,,,
703,Animal Dermatology Clinic,(916) 632-2400,5175 Pacific St B,Rocklin,95677,General Practice,"Tuesday: 8:00 AM – 5:00 PM
Wednesday: 8:00 AM – 5:00 PM
Thursday: 8:00 AM – 5:00 PM
Friday: 8:00 AM – 5:00 PM
Saturday: 8:00 AM – 5:00 PM",,,,,,,,,,,,,,,,,,,,,,,,,,,,,
704,Animal Eye Center,(916) 624-4364,5175 Pacific St STE A,Rocklin,95677,General Practice,"Tuesday: 8:30 AM – 5:00 PM
Wednesday: 8:30 AM – 5:00 PM
Thursday: 8:30 AM – 5:00 PM
Friday: 8:30 AM – 5:00 PM
Saturday: 8:30 AM – 5:00 PM",,,,,,,,,,,,,,,,,,,,,,,,,,,,,
705,Animal Urgent Care of Rocklin,(916) 857-8410,2303 Sunset Blvd ste 200,Rocklin,95765,General Practice,"Monday: 10:00 AM – 8:00 PM
Tuesday: 10:00 AM – 8:00 PM
Wednesday: 10:00 AM – 8:00 PM
Friday: 10:00 AM – 8:00 PM
Saturday: 10:00 AM – 8:00 PM
Sunday: 10:00 AM – 8:00 PM",,,,,,,,,,,,,,,,,,,,,,,,,,,,,
706,Cats Only Veterinary Hospital,(916) 435-9300,1220 Sunset Blvd,Rocklin,95765,General Practice,"Tuesday: 8:30 AM – 6:00 PM
Wednesday: 7:30 AM – 6:00 PM
Thursday: 7:30 AM – 6:00 PM
Friday: 7:30 AM – 6:00 PM
Saturday: 7:30 AM – 6:00 PM
Sunday: 8:30 AM – 1:00 PM",,,,,,,,,,,,,,,,,,,,,,,,,,,,,
707,Rocklin Ranch Veterinary Hospital & Urgent Care,(916) 624-7387,2201 Plaza Dr,Rocklin,95765,General Practice,"Monday: 8:00 AM – 5:30 PM
Tuesday: 7:30 AM – 9:00 PM
Wednesday: 7:30 AM – 9:00 PM
Thursday: 7:30 AM – 9:00 PM
Friday: 7:30 AM – 9:00 PM
Saturday: 7:30 AM – 9:00 PM
Sunday: 8:00 AM – 5:30 PM",,,,,,,,,,,,,,,,,,,,,,,,,,,,,
708,Rocklin Ranch Veterinary Hospital at Pacific Street,(916) 624-3322,5405 Pacific St,Rocklin,95677,General Practice,"Tuesday: 8:00 AM – 5:00 PM
Wednesday: 8:00 AM – 5:00 PM
Thursday: 8:00 AM – 5:00 PM
Friday: 8:00 AM – 5:00 PM
Saturday: 8:00 AM – 5:00 PM",,,,,,,,,,,,,,,,,,,,,,,,,,,,,
709,Rocklin Road Animal Hospital,(916) 624-8255,4730 Rocklin Rd,Rocklin,95677,General Practice,"Tuesday: 8:00 AM – 6:00 PM
Wednesday: 8:00 AM – 6:00 PM
Thursday: 8:00 AM – 6:00 PM
Friday: 8:00 AM – 6:00 PM
Saturday: 8:00 AM – 6:00 PM
Sunday: 8:00 AM – 2:00 PM",,,,,,,,,,,,,,,,,,,,,,,,,,,,,
710,Willow Rock Pet Hospital,(916) 630-9234,6661 Stanford Ranch Rd STE M,Rocklin,95677,General Practice,"Tuesday: 8:00 AM – 6:00 PM
Wednesday: 8:00 AM – 6:00 PM
Thursday: 8:00 AM – 6:00 PM
Friday: 8:00 AM – 6:00 PM
Saturday: 8:00 AM – 6:00 PM",,,,,,,,,,,,,,,,,,,,,,,,,,,,,
711,Rohnert Park Veterinary Clinic,(707) 795-6701,7300 Commerce Blvd,Rohnert Park,94928,General Practice,"Monday: 9:00 AM – 5:00 PM
Tuesday: 9:00 AM – 5:00 PM
Wednesday: 9:00 AM – 5:00 PM
Thursday: 9:00 AM – 5:00 PM
Friday: 9:00 AM – 5:00 PM
Saturday: 9:00 AM – 5:00 PM
Sunday: Closed",,,,,,,,,,,,,,,,,,,,,,,,,,,,,
712,VCA Animal Care Center of Sonoma County,(707) 584-4343,6470 Redwood Dr,Rohnert Park,94928,General Practice,"Monday: Open 24 hours
Tuesday: Open 24 hours
Wednesday: Open 24 hours
Thursday: Open 24 hours
Friday: Open 24 hours
Saturday: Open 24 hours
Sunday: Open 24 hours",,,,,,,,,,,,,,,,,,,,,,,,,,,,,
713,VCA North Park Animal Hospital,(707) 585-2899,5700 State Farm Dr,Rohnert Park,94928,General Practice,"Monday: 8:00 AM – 6:00 PM
Tuesday: 8:00 AM – 6:00 PM
Wednesday: 8:00 AM – 6:00 PM
Thursday: 8:00 AM – 6:00 PM
Friday: 8:00 AM – 6:00 PM
Saturday: 8:00 AM – 5:00 PM
Sunday: Closed",,,,,,,,,,,,,,,,,,,,,,,,,,,,,
714,Peninsula Center Pet Hospital,(310) 377-6761,728 Deep Valley Dr,Rolling Hills Estates,90274,General Practice,"Tuesday: 8:00 AM – 6:00 PM
Wednesday: 8:00 AM – 6:00 PM
Thursday: 8:00 AM – 6:00 PM
Friday: 8:00 AM – 6:00 PM
Saturday: 8:00 AM – 6:00 PM
Sunday: 8:00 AM – 3:00 PM",,,,,,,,,,,,,,,,,,,,,,,,,,,,,
715,All American City Veterinary Hospital,(916) 783-4646,123 Washington Blvd,Roseville,95678,General Practice,"Tuesday: 8:00 AM – 1:00 PM
Tuesday: 2:00 PM – 6:00 PM
Wednesday: 8:00 AM – 1:00 PM
Wednesday: 2:00 PM – 6:00 PM
Thursday: 8:00 AM – 1:00 PM
Thursday: 2:00 PM – 6:00 PM
Friday: 8:00 AM – 1:00 PM
Friday: 2:00 PM – 6:00 PM
Saturday: 8:00 AM – 1:00 PM
Saturday: 2:00 PM – 6:00 PM",,,,,,,,,,,,,,,,,,,,,,,,,,,,,
716,Arbor View Veterinary Clinic,(916) 789-2211,7441 Foothills Blvd Suite 100,Roseville,95747,General Practice,"Tuesday: 7:00 AM – 12:00 PM
Tuesday: 2:00 PM – 6:00 PM
Wednesday: 7:00 AM – 12:00 PM
Wednesday: 2:00 PM – 6:00 PM
Thursday: 7:00 AM – 12:00 PM
Thursday: 2:00 PM – 6:00 PM
Friday: 7:00 AM – 12:00 PM
Friday: 2:00 PM – 6:00 PM
Saturday: 7:00 AM – 12:00 PM
Saturday: 2:00 PM – 6:00 PM
Sunday: 7:00 AM – 12:00 PM
Sunday: 2:00 PM – 6:00 PM",,,,,,,,,,,,,,,,,,,,,,,,,,,,,
717,Atlantic Street Pet Hospital,(916) 250-0982,1100 Atlantic St,Roseville,95678,General Practice,"Tuesday: 9:00 AM – 10:00 PM
Wednesday: 9:00 AM – 10:00 PM
Thursday: 9:00 AM – 10:00 PM
Friday: 9:00 AM – 10:00 PM
Saturday: 9:00 AM – 10:00 PM
Sunday: 9:30 AM – 7:00 PM",,,,,,,,,,,,,,,,,,,,,,,,,,,,,
718,Bird & Pet Clinic of Roseville,(916) 773-6049,3985 Foothills Blvd,Roseville,95747,General Practice,"Tuesday: 8:00 AM – 6:00 PM
Wednesday: 8:00 AM – 6:00 PM
Thursday: 8:00 AM – 6:00 PM
Friday: 8:00 AM – 6:00 PM
Saturday: 8:00 AM – 6:00 PM",,,,,,,,,,,,,,,,,,,,,,,,,,,,,
719,Blue Oaks Veterinary Clinic,(916) 771-6930,1426 Blue Oaks Blvd #160,Roseville,95747,General Practice,"Tuesday: 8:00 AM – 6:00 PM
Wednesday: 8:00 AM – 6:00 PM
Thursday: 8:00 AM – 6:00 PM
Friday: 8:00 AM – 6:00 PM
Saturday: 8:00 AM – 6:00 PM",,,,,,,,,,,,,,,,,,,,,,,,,,,,,
720,Cirby Ridge Animal Hospital,(916) 789-0123,1801 Cirby Way # 1,Roseville,95661,General Practice,"Tuesday: 8:30 AM – 5:30 PM
Wednesday: 8:30 AM – 5:30 PM
Thursday: 8:30 AM – 5:30 PM
Friday: 8:30 AM – 5:30 PM
Saturday: 8:30 AM – 5:30 PM",,,,,,,,,,,,,,,,,,,,,,,,,,,,,
721,Douglas Boulevard Veterinary Clinic,(916) 791-1111,3970 Douglas Blvd,Roseville,95661,General Practice,"Tuesday: 8:00 AM – 6:30 PM
Wednesday: 8:00 AM – 6:30 PM
Thursday: 8:00 AM – 6:30 PM
Friday: 8:00 AM – 6:30 PM
Saturday: 8:00 AM – 6:30 PM",,,,,,,,,,,,,,,,,,,,,,,,,,,,,
722,"Dry Creek Veterinary Center OPEN 7 DAYS, URGENT AND WELLNESS CLINIC",(916) 781-0110,1090 Pleasant Grove Blvd STE 130,Roseville,95678,General Practice,"Monday: 8:00 AM – 4:00 PM
Tuesday: 9:00 AM – 6:00 PM
Wednesday: 8:00 AM – 6:00 PM
Thursday: 8:00 AM – 6:00 PM
Friday: 8:00 AM – 8:00 PM
Saturday: 8:00 AM – 8:00 PM
Sunday: 8:00 AM – 8:00 PM",,,,,,,,,,,,,,,,,,,,,,,,,,,,,
723,Heartfelt Animal Care,(916) 587-2202,2340 Pleasant Grove Blvd Suite 140,Roseville,95747,General Practice,"Tuesday: 8:00 AM – 7:00 PM
Wednesday: 8:00 AM – 7:00 PM
Thursday: 8:00 AM – 7:00 PM
Friday: 8:00 AM – 7:00 PM
Saturday: 8:00 AM – 7:00 PM
Sunday: 9:00 AM – 6:00 PM",,,,,,,,,,,,,,,,,,,,,,,,,,,,,
724,Livewell Animal Hospital of Roseville,(916) 365-8141,4180 Thrive Dr. Ste. 140,Roseville,95678,General Practice,"Tuesday: 8:00 AM – 6:00 PM
Thursday: 8:00 AM – 6:00 PM
Friday: 8:00 AM – 6:00 PM
Saturday: 8:00 AM – 6:00 PM
Sunday: 8:00 AM – 6:00 PM",,,,,,,,,,,,,,,,,,,,,,,,,,,,,
725,MarQueen Pet Emergency & Specialty,(916) 757-6600,9205 Sierra College Blvd #120,Roseville,95661,General Practice,Monday: Open 24 hours,,,,,,,,,,,,,,,,,,,,,,,,,,,,,
726,PetCare Veterinary Clinic,(916) 791-9599,1022 Douglas Blvd,Roseville,95678,General Practice,"Tuesday: 9:00 AM – 5:30 PM
Wednesday: 9:00 AM – 5:30 PM
Thursday: 9:00 AM – 5:30 PM
Friday: 9:00 AM – 5:30 PM
Saturday: 9:00 AM – 5:30 PM",,,,,,,,,,,,,,,,,,,,,,,,,,,,,
727,Roseville Animal Hospital,(916) 954-2100,1101 Smith Ln,Roseville,95661,General Practice,"Tuesday: 8:00 AM – 7:00 PM
Wednesday: 8:00 AM – 7:00 PM
Thursday: 8:00 AM – 7:00 PM
Friday: 8:00 AM – 7:00 PM
Saturday: 8:00 AM – 7:00 PM
Sunday: 8:00 AM – 5:00 PM",,,,,,,,,,,,,,,,,,,,,,,,,,,,,
728,Roseville Animal Medical Center,(916) 270-2911,112 Harding Blvd,Roseville,95678,General Practice,"Tuesday: 8:00 AM – 6:00 PM
Wednesday: 8:00 AM – 6:00 PM
Thursday: 8:00 AM – 6:00 PM
Friday: 8:00 AM – 6:00 PM
Saturday: 8:00 AM – 6:00 PM
Sunday: 9:00 AM – 5:00 PM",,,,,,,,,,,,,,,,,,,,,,,,,,,,,
729,Sheldon Family Veterinary,(916) 633-1092,1079 Sunrise Ave,Roseville,95661,General Practice,"Tuesday: 8:00 AM – 5:00 PM
Wednesday: 8:00 AM – 5:00 PM
Thursday: 8:00 AM – 5:00 PM
Friday: 8:00 AM – 5:00 PM
Saturday: 8:00 AM – 5:00 PM",,,,,,,,,,,,,,,,,,,,,,,,,,,,,
730,Sierra Ranch Veterinary Clinic & Pet Rehabilitation Center,(916) 774-6630,8711 Sierra College Blvd #1,Roseville,95661,General Practice,"Tuesday: 8:00 AM – 7:00 PM
Wednesday: 8:00 AM – 7:00 PM
Thursday: 8:00 AM – 7:00 PM
Friday: 8:00 AM – 7:00 PM
Saturday: 8:00 AM – 7:00 PM
Sunday: 8:00 AM – 2:00 PM",,,,,,,,,,,,,,,,,,,,,,,,,,,,,
731,Stonebridge Veterinary Wellness,(916) 409-7557,254 Gibson Dr,Roseville,95678,General Practice,"Tuesday: 8:00 AM – 6:00 PM
Wednesday: 8:00 AM – 6:00 PM
Thursday: 9:00 AM – 4:00 PM
Friday: 8:00 AM – 6:00 PM
Saturday: 8:00 AM – 6:00 PM
Sunday: 9:00 AM – 2:00 PM",,,,,,,,,,,,,,,,,,,,,,,,,,,,,
732,Veterinary Specialty Hospital Roseville,(916) 783-4655,1901 Douglas Blvd,Roseville,95661,General Practice,Monday: Open 24 hours,,,,,,,,,,,,,,,,,,,,,,,,,,,,,
733,West Roseville Veterinary Hospital,(916) 773-3451,7631 Galilee Rd #100,Roseville,95678,General Practice,"Tuesday: 8:00 AM – 6:00 PM
Wednesday: 8:00 AM – 6:00 PM
Thursday: 8:00 AM – 6:00 PM
Friday: 8:00 AM – 6:00 PM
Saturday: 8:00 AM – 4:00 PM
Sunday: 9:00 AM – 12:00 PM",,,,,,,,,,,,,,,,,,,,,,,,,,,,,
734,Arc Animal Hospital,(626) 581-0100,17831 Colima Rd,Rowland Heights,91748,General Practice,"Tuesday: 9:00 AM – 6:00 PM
Wednesday: 9:00 AM – 6:00 PM
Thursday: 9:00 AM – 6:00 PM
Friday: 9:00 AM – 6:00 PM
Saturday: 9:00 AM – 6:00 PM
Sunday: 9:00 AM – 5:00 PM",,,,,,,,,,,,,,,,,,,,,,,,,,,,,
735,Arden Animal Hospital,(916) 485-5412,1823 Fulton Ave,Sacramento,95825,General Practice,"Tuesday: 8:00 AM – 6:00 PM
Wednesday: 8:00 AM – 6:00 PM
Thursday: 8:00 AM – 6:00 PM
Friday: 8:00 AM – 6:00 PM
Saturday: 8:00 AM – 6:00 PM
Sunday: 8:30 AM – 5:00 PM",,,,,,,,,,,,,,,,,,,,,,,,,,,,,
736,Broadway Veterinary Hospital,(916) 890-2601,1632 Broadway,Sacramento,95818,General Practice,"Tuesday: 8:00 AM – 12:00 PM
Tuesday: 1:00 PM – 9:00 PM
Wednesday: 8:00 AM – 12:00 PM
Wednesday: 1:00 PM – 9:00 PM
Thursday: 8:00 AM – 12:00 PM
Thursday: 1:00 PM – 9:00 PM
Friday: 8:00 AM – 12:00 PM
Friday: 1:00 PM – 9:00 PM
Saturday: 8:00 AM – 12:00 PM
Saturday: 1:00 PM – 9:00 PM
Sunday: 8:00 AM – 3:00 PM",,,,,,,,,,,,,,,,,,,,,,,,,,,,,
737,Campus Commons Pet Hospital,(916) 485-5274,2373 Fair Oaks Blvd,Sacramento,95825,General Practice,"Tuesday: 8:00 AM – 5:00 PM
Wednesday: 8:00 AM – 5:00 PM
Thursday: 8:00 AM – 5:00 PM
Friday: 8:00 AM – 5:00 PM
Saturday: 8:00 AM – 5:00 PM",,,,,,,,,,,,,,,,,,,,,,,,,,,,,
738,Capital Pets Animal Hospital - Sacramento,(916) 682-3382,7911 Bruceville Rd,Sacramento,95823,General Practice,"Tuesday: 8:30 AM – 6:30 PM
Wednesday: 8:30 AM – 6:30 PM
Thursday: 8:30 AM – 6:30 PM
Friday: 8:30 AM – 6:30 PM
Saturday: 8:30 AM – 6:30 PM
Sunday: 8:30 AM – 4:00 PM",,,,,,,,,,,,,,,,,,,,,,,,,,,,,
739,Del Paso Veterinary Clinic,(916) 925-2107,924 Del Paso Blvd,Sacramento,95815,General Practice,"Tuesday: 8:00 AM – 5:30 PM
Wednesday: 8:00 AM – 5:30 PM
Thursday: 8:00 AM – 8:00 PM
Friday: 8:00 AM – 5:30 PM
Saturday: 8:00 AM – 5:30 PM
Sunday: 8:00 AM – 12:00 PM",,,,,,,,,,,,,,,,,,,,,,,,,,,,,
740,Discovery Animal Hospital,(916) 920-1555,615 Northfield Dr,Sacramento,95833,General Practice,"Tuesday: 8:00 AM – 6:00 PM
Wednesday: 8:00 AM – 6:00 PM
Thursday: 8:00 AM – 6:00 PM
Friday: 9:00 AM – 1:00 PM
Saturday: 8:00 AM – 6:00 PM
Sunday: 9:00 AM – 1:00 PM",,,,,,,,,,,,,,,,,,,,,,,,,,,,,
741,East Sacramento Veterinary Center,(916) 737-5670,2112 Alhambra Blvd,Sacramento,95817,General Practice,"Tuesday: 8:00 AM – 6:00 PM
Wednesday: 8:00 AM – 6:00 PM
Thursday: 8:00 AM – 6:00 PM
Friday: 8:00 AM – 6:00 PM
Saturday: 8:00 AM – 6:00 PM",,,,,,,,,,,,,,,,,,,,,,,,,,,,,
742,El Camino Veterinary Hospital,(916) 488-6878,4000 El Camino Ave #100,Sacramento,95821,General Practice,"Tuesday: 8:00 AM – 5:00 PM
Wednesday: 8:00 AM – 5:00 PM
Thursday: 8:00 AM – 5:00 PM
Friday: 8:00 AM – 5:00 PM
Saturday: 8:00 AM – 5:00 PM",,,,,,,,,,,,,,,,,,,,,,,,,,,,,
743,Foothill Farms Veterinary Hospital,(916) 964-6556,4325 Auburn Blvd,Sacramento,95841,General Practice,"Monday: 8:30 AM – 5:30 PM
Tuesday: 8:00 AM – 6:00 PM
Wednesday: 8:00 AM – 6:00 PM
Thursday: 8:00 AM – 6:00 PM
Friday: 8:00 AM – 6:00 PM
Saturday: 8:00 AM – 6:00 PM
Sunday: 8:30 AM – 5:30 PM",,,,,,,,,,,,,,,,,,,,,,,,,,,,,
744,Hillsdale Animal Hospital,(916) 349-1113,5222 Hillsdale Blvd #5,Sacramento,95842,General Practice,"Tuesday: 8:00 AM – 6:00 PM
Wednesday: 8:00 AM – 6:00 PM
Thursday: 8:00 AM – 6:00 PM
Friday: 8:00 AM – 6:00 PM
Saturday: 8:00 AM – 6:00 PM
Sunday: 8:00 AM – 4:00 PM",,,,,,,,,,,,,,,,,,,,,,,,,,,,,
745,Land Park Veterinary Hospital,(916) 452-5261,4227 Freeport Blvd,Sacramento,95822,General Practice,"Tuesday: 9:00 AM – 12:00 PM
Tuesday: 2:00 PM – 6:00 PM
Wednesday: 9:00 AM – 12:00 PM
Wednesday: 2:00 PM – 6:00 PM
Thursday: 9:00 AM – 12:00 PM
Thursday: 2:00 PM – 6:00 PM
Friday: 9:00 AM – 12:00 PM
Friday: 2:00 PM – 6:00 PM
Saturday: 9:00 AM – 12:00 PM
Saturday: 2:00 PM – 6:00 PM
Sunday: 9:00 AM – 1:00 PM",,,,,,,,,,,,,,,,,,,,,,,,,,,,,
746,Midtown Animal Hospital,(916) 446-7788,1917 P St,Sacramento,95811,General Practice,"Tuesday: 9:00 AM – 6:00 PM
Wednesday: 9:00 AM – 6:00 PM
Thursday: 9:00 AM – 6:00 PM
Friday: 9:00 AM – 6:00 PM
Saturday: 9:00 AM – 6:00 PM
Sunday: 9:00 AM – 5:00 PM",,,,,,,,,,,,,,,,,,,,,,,,,,,,,
747,Natomas Veterinary Hospital,(916) 925-3535,4551 Gateway Park Blvd #2,Sacramento,95834,General Practice,"Tuesday: 8:00 AM – 5:00 PM
Wednesday: 8:00 AM – 5:00 PM
Thursday: 8:00 AM – 5:00 PM
Friday: 8:00 AM – 5:00 PM
Saturday: 8:00 AM – 5:00 PM
Sunday: 8:00 AM – 5:00 PM",,,,,,,,,,,,,,,,,,,,,,,,,,,,,
748,Northgate Pet Hospital,(916) 924-1329,3046 Northgate Blvd,Sacramento,95833,General Practice,"Tuesday: 7:00 AM – 3:00 PM
Wednesday: 7:00 AM – 4:30 PM
Thursday: 7:00 AM – 3:00 PM
Friday: 7:00 AM – 4:30 PM
Saturday: 7:00 AM – 3:00 PM",,,,,,,,,,,,,,,,,,,,,,,,,,,,,
749,River City Cat Clinic,(916) 441-4727,2617 Riverside Blvd,Sacramento,95818,General Practice,"Tuesday: 8:00 AM – 12:30 PM
Tuesday: 1:30 PM – 6:00 PM
Wednesday: 8:00 AM – 12:30 PM
Wednesday: 1:30 PM – 6:00 PM
Thursday: 8:00 AM – 12:30 PM
Thursday: 1:30 PM – 6:00 PM
Friday: 8:00 AM – 12:30 PM
Friday: 1:30 PM – 6:00 PM
Saturday: 8:00 AM – 12:30 PM
Saturday: 1:30 PM – 6:00 PM",,,,,,,,,,,,,,,,,,,,,,,,,,,,,
750,Sac Pet vet,(916) 332-0700,4336 Watt Ave,Sacramento,95821,General Practice,"Tuesday: 8:00 AM – 7:00 PM
Wednesday: 8:00 AM – 7:00 PM
Thursday: 8:00 AM – 7:00 PM
Friday: 8:00 AM – 7:00 PM
Saturday: 8:00 AM – 7:00 PM
Sunday: 9:00 AM – 4:00 PM",,,,,,,,,,,,,,,,,,,,,,,,,,,,,
751,Sacramento Animal Hospital,(916) 451-7213,5701 H St,Sacramento,95819,General Practice,"Tuesday: 8:00 AM – 6:00 PM
Wednesday: 8:00 AM – 6:00 PM
Thursday: 8:00 AM – 6:00 PM
Friday: 8:00 AM – 6:00 PM
Saturday: 8:00 AM – 6:00 PM
Sunday: 8:00 AM – 5:00 PM",,,,,,,,,,,,,,,,,,,,,,,,,,,,,
752,Sactown Vet,(916) 538-5380,1900 S St #150,Sacramento,95811,General Practice,"Tuesday: 8:00 AM – 6:00 PM
Wednesday: 8:00 AM – 6:00 PM
Thursday: 8:00 AM – 6:00 PM
Friday: 9:00 AM – 6:00 PM
Saturday: 8:00 AM – 6:00 PM",,,,,,,,,,,,,,,,,,,,,,,,,,,,,
753,South Sacramento Pet Hospital,(916) 421-0619,5651 Franklin Blvd,Sacramento,95824,General Practice,"Tuesday: 8:00 AM – 1:00 PM
Tuesday: 2:00 PM – 6:00 PM
Wednesday: 8:00 AM – 1:00 PM
Wednesday: 2:00 PM – 6:00 PM
Thursday: 8:00 AM – 1:00 PM
Thursday: 2:00 PM – 6:00 PM
Friday: 8:00 AM – 1:00 PM
Friday: 2:00 PM – 6:00 PM
Saturday: 8:00 AM – 1:00 PM
Saturday: 2:00 PM – 6:00 PM",,,,,,,,,,,,,,,,,,,,,,,,,,,,,
754,Southgate Veterinary Hospital,(916) 428-6298,6844 Franklin Blvd,Sacramento,95823,General Practice,"Tuesday: 8:00 AM – 12:00 PM
Tuesday: 2:00 PM – 5:00 PM
Thursday: 8:00 AM – 12:00 PM
Thursday: 2:00 PM – 5:00 PM
Saturday: 8:00 AM – 12:00 PM
Saturday: 2:00 PM – 5:00 PM
Sunday: 8:00 AM – 12:00 PM",,,,,,,,,,,,,,,,,,,,,,,,,,,,,
755,VCA All Our Pets Animal Hospital,(916) 452-2685,1413 60th St,Sacramento,95819,General Practice,"Tuesday: 7:30 AM – 6:00 PM
Wednesday: 7:30 AM – 6:00 PM
Thursday: 7:30 AM – 6:00 PM
Friday: 7:30 AM – 6:00 PM
Saturday: 7:30 AM – 6:00 PM",,,,,,,,,,,,,,,,,,,,,,,,,,,,,
756,VCA Country Oaks Animal Hospital,(916) 485-2777,4636 Fair Oaks Blvd,Sacramento,95864,General Practice,"Monday: 7:00 AM – 5:00 PM
Tuesday: 7:00 AM – 6:00 PM
Wednesday: 7:00 AM – 6:00 PM
Thursday: 7:00 AM – 6:00 PM
Friday: 7:00 AM – 6:00 PM
Saturday: 7:00 AM – 6:00 PM
Sunday: 7:00 AM – 5:00 PM",,,,,,,,,,,,,,,,,,,,,,,,,,,,,
757,VCA Greenhaven Pocket Animal Hospital,(916) 391-3677,1 Valine Ct,Sacramento,95831,General Practice,"Tuesday: 7:30 AM – 6:00 PM
Wednesday: 7:30 AM – 6:00 PM
Thursday: 7:30 AM – 6:00 PM
Friday: 7:30 AM – 6:00 PM
Saturday: 7:30 AM – 6:00 PM
Sunday: 8:00 AM – 6:00 PM",,,,,,,,,,,,,,,,,,,,,,,,,,,,,
758,VCA Mueller Pet Medical Center,(916) 428-9202,7625 Freeport Blvd,Sacramento,95832,General Practice,Monday: Open 24 hours,,,,,,,,,,,,,,,,,,,,,,,,,,,,,
759,VCA Natomas Animal Medical Center,(916) 925-6138,1936 Del Paso Rd,Sacramento,95834,General Practice,"Monday: 9:00 AM – 5:00 PM
Tuesday: 7:30 AM – 6:00 PM
Wednesday: 7:30 AM – 6:00 PM
Thursday: 7:30 AM – 6:00 PM
Friday: 7:30 AM – 6:00 PM
Saturday: 7:30 AM – 6:00 PM
Sunday: 9:00 AM – 5:00 PM",,,,,,,,,,,,,,,,,,,,,,,,,,,,,
760,VCA Sacramento Veterinary Referral Center,(916) 362-3111,9801 Old Winery Pl,Sacramento,95827,General Practice,"Monday: 6:00 AM – 12:00 AM
Tuesday: 6:00 AM – 12:00 AM
Wednesday: 6:00 AM – 12:00 AM
Thursday: 6:00 AM – 12:00 AM
Friday: 6:00 AM – 12:00 AM
Saturday: 6:00 AM – 12:00 AM
Sunday: 6:00 AM – 12:00 AM",,,,,,,,,,,,,,,,,,,,,,,,,,,,,
761,Veterinary Medical Center,(916) 222-3220,2765 Del Paso Rd #120,Sacramento,95835,General Practice,"Monday: 10:00 AM – 8:30 PM
Tuesday: 8:45 AM – 8:30 PM
Wednesday: 8:45 AM – 8:30 PM
Thursday: 10:00 AM – 8:30 PM
Friday: 8:45 AM – 8:30 PM
Saturday: 8:45 AM – 8:30 PM
Sunday: 8:45 AM – 8:30 PM",,,,,,,,,,,,,,,,,,,,,,,,,,,,,
762,Vintage Park Veterinary Clinic,(916) 688-5486,8876 Vintage Park Dr #116,Sacramento,95828,General Practice,"Tuesday: 9:00 AM – 6:00 PM
Wednesday: 9:00 AM – 6:00 PM
Thursday: 9:00 AM – 6:00 PM
Saturday: 9:00 AM – 6:00 PM
Sunday: 9:00 AM – 1:00 PM",,,,,,,,,,,,,,,,,,,,,,,,,,,,,
763,Vista Veterinary Specialists,(916) 231-4445,8299 E Stockton Blvd,Sacramento,95828,General Practice,Monday: Open 24 hours,,,,,,,,,,,,,,,,,,,,,,,,,,,,,
764,SISK VETERINARY HOSPITAL,(209) 846-9870,4566 Salida Blvd,Salida,95368,General Practice,"Monday: 1:00 PM – 10:00 PM
Tuesday: 9:00 AM – 10:00 PM
Wednesday: 9:00 AM – 10:00 PM
Thursday: 9:00 AM – 10:00 PM
Friday: 9:00 AM – 10:00 PM
Saturday: 9:00 AM – 10:00 PM
Sunday: 9:00 AM – 5:00 PM",,,,,,,,,,,,,,,,,,,,,,,,,,,,,
765,Ross Valley Veterinary Hospital,(415) 453-7372,190 Sir Francis Drake Blvd,San Anselmo,94960,General Practice,"Monday: 8:00 AM – 6:00 PM
Tuesday: 8:00 AM – 6:00 PM
Wednesday: 8:00 AM – 6:00 PM
Thursday: 8:00 AM – 6:00 PM
Friday: 8:00 AM – 6:00 PM
Saturday: Closed
Sunday: Closed",,,,,,,,,,,,,,,,,,,,,,,,,,,,,
766,Masson Veterinary Hospital,(650) 952-6454,805 Masson Ave,San Bruno,94066,General Practice,"Monday: 8:00 AM – 6:00 PM
Tuesday: 8:00 AM – 6:00 PM
Wednesday: 8:00 AM – 6:00 PM
Thursday: 8:00 AM – 6:00 PM
Friday: 8:00 AM – 6:00 PM
Saturday: 8:00 AM – 5:00 PM
Sunday: Closed",,,,,,,,,,,,,,,,,,,,,,,,,,,,,
767,San Bruno Pet Hospital,(650) 583-5039,1111 El Camino Real,San Bruno,94066,General Practice,"Monday: 8:00 AM – 6:00 PM
Tuesday: 8:00 AM – 6:00 PM
Wednesday: 8:00 AM – 6:00 PM
Thursday: 8:00 AM – 6:00 PM
Friday: 8:00 AM – 6:00 PM
Saturday: 8:00 AM – 5:00 PM
Sunday: Closed",,,,,,,,,,,,,,,,,,,,,,,,,,,,,
768,Animal Dental Clinic,(650) 610-9501,987 Laurel St,San Carlos,94070,General Practice,"Monday: 7:30 AM – 4:00 PM
Tuesday: 7:30 AM – 4:00 PM
Wednesday: 7:30 AM – 4:00 PM
Thursday: 7:30 AM – 4:00 PM
Friday: Closed
Saturday: Closed
Sunday: Closed",,,,,,,,,,,,,,,,,,,,,,,,,,,,,
769,Holly Street Pet Hospital: Blasier Megan DVM,(650) 631-7400,501 Laurel St,San Carlos,94070,General Practice,"Monday: 8:00 AM – 7:00 PM
Tuesday: 8:00 AM – 7:00 PM
Wednesday: 8:00 AM – 7:00 PM
Thursday: 8:00 AM – 7:00 PM
Friday: 8:00 AM – 7:00 PM
Saturday: 8:00 AM – 5:00 PM
Sunday: 8:00 AM – 5:00 PM",,,,,,,,,,,,,,,,,,,,,,,,,,,,,
770,Revive Veterinary Care,(650) 750-0777,718 El Camino Real,San Carlos,94070,General Practice,"Monday: 9:00 AM – 5:00 PM
Tuesday: 9:00 AM – 5:00 PM
Wednesday: 9:00 AM – 5:00 PM
Thursday: 9:00 AM – 5:00 PM
Friday: 9:00 AM – 5:00 PM
Saturday: Closed
Sunday: Closed",,,,,,,,,,,,,,,,,,,,,,,,,,,,,
771,Sequoia Veterinary Hospital,(650) 369-7326,255 Old County Rd,San Carlos,94070,General Practice,"Monday: 7:30 AM – 7:00 PM
Tuesday: 7:30 AM – 7:00 PM
Wednesday: 7:30 AM – 7:00 PM
Thursday: 7:30 AM – 7:00 PM
Friday: 7:30 AM – 7:00 PM
Saturday: Closed
Sunday: Closed",,,,,,,,,,,,,,,,,,,,,,,,,,,,,
772,Smilin Dogs,(650) 592-3997,251 Old County Rd,San Carlos,94070,General Practice,"Monday: 7:30 AM – 7:00 PM
Tuesday: 7:30 AM – 7:00 PM
Wednesday: 7:30 AM – 7:00 PM
Thursday: 7:30 AM – 7:00 PM
Friday: 7:30 AM – 7:00 PM
Saturday: 9:00 – 11:00 AM
Sunday: 4:00 – 7:00 PM",,,,,,,,,,,,,,,,,,,,,,,,,,,,,
773,VCA San Carlos Animal Hospital,(650) 591-5718,360 Industrial Rd,San Carlos,94070,General Practice,"Monday: 8:00 AM – 8:00 PM
Tuesday: 8:00 AM – 8:00 PM
Wednesday: 8:00 AM – 8:00 PM
Thursday: 8:00 AM – 8:00 PM
Friday: 8:00 AM – 8:00 PM
Saturday: 8:00 AM – 7:00 PM
Sunday: Closed",,,,,,,,,,,,,,,,,,,,,,,,,,,,,
774,SoMa Animal Hospital,(415) 727-9116,1110 4th St,San Francisco,94158,General Practice,"Tuesday: 7:00 AM – 7:00 PM
Wednesday: 7:00 AM – 7:00 PM
Thursday: 7:00 AM – 7:00 PM
Friday: 7:00 AM – 7:00 PM
Saturday: 7:00 AM – 7:00 PM
Sunday: 8:00 AM – 4:00 PM",,,,,,,,,,,,,,,,,,,,,,,,,,,,,
775,Haven Animal Hospital,(951) 654-7396,601 S State St,San Jacinto,92583,General Practice,"Wednesday: 7:00 AM – 6:00 PM
Thursday: 7:00 AM – 6:00 PM
Friday: 7:00 AM – 6:00 PM
Saturday: 7:00 AM – 6:00 PM
Sunday: 7:00 AM – 2:00 PM",,,,,,,,,,,,,,,,,,,,,,,,,,,,,
776,Headley Dusty DVM,(951) 654-4444,1230 S State St Ste A,San Jacinto,92583,General Practice,"Tuesday: 7:30 AM – 5:00 PM
Wednesday: 7:30 AM – 5:00 PM
Thursday: 7:30 AM – 5:00 PM
Friday: 7:30 AM – 5:00 PM
Saturday: 7:30 AM – 4:00 PM
Sunday: 8:00 AM – 11:00 AM",,,,,,,,,,,,,,,,,,,,,,,,,,,,,
777,Aborn Pet Clinic,(408) 270-4600,2525 Aborn Rd,San Jose,95148,General Practice,"Tuesday: 8:00 AM – 5:00 PM
Wednesday: 8:00 AM – 5:00 PM
Thursday: 8:00 AM – 5:00 PM
Friday: 8:00 AM – 5:00 PM
Saturday: 8:00 AM – 2:00 PM",,,,,,,,,,,,,,,,,,,,,,,,,,,,,
778,Acacia Pet Clinic San Jose,(408) 264-6354,4486 Pearl Ave,San Jose,95136,General Practice,"Monday: 8:00 AM – 5:00 PM
Tuesday: 8:00 AM – 5:00 PM
Wednesday: 8:00 AM – 5:00 PM
Thursday: 8:00 AM – 5:00 PM
Friday: 8:00 AM – 5:00 PM
Saturday: Closed
Sunday: Closed",,,,,,,,,,,,,,,,,,,,,,,,,,,,,
779,Alpha Animal Hospital,(408) 559-7700,3177 S Bascom Ave,San Jose,95008,General Practice,"Monday: 8:00 AM – 6:00 PM
Tuesday: 8:00 AM – 6:00 PM
Wednesday: 8:00 AM – 6:00 PM
Thursday: 8:00 AM – 6:00 PM
Friday: 8:00 AM – 6:00 PM
Saturday: 8:00 AM – 3:00 PM
Sunday: Closed",,,,,,,,,,,,,,,,,,,,,,,,,,,,,
780,Alum Rock Animal Hospital,(408) 258-2735,2810 Alum Rock Ave,San Jose,95127,General Practice,"Monday: 8:00 AM – 7:00 PM
Tuesday: 8:00 AM – 7:00 PM
Wednesday: 8:00 AM – 7:00 PM
Thursday: 8:00 AM – 7:00 PM
Friday: 8:00 AM – 7:00 PM
Saturday: 8:00 AM – 6:00 PM
Sunday: 9:00 AM – 5:00 PM",,,,,,,,,,,,,,,,,,,,,,,,,,,,,
781,Animal Eye Specialists,(408) 871-2100,903 Dell Ave,San Jose,95008,General Practice,"Monday: 8:00 AM – 6:00 PM
Tuesday: 8:00 AM – 6:00 PM
Wednesday: 8:00 AM – 6:00 PM
Thursday: 8:00 AM – 6:00 PM
Friday: 8:00 AM – 5:30 PM
Saturday: Closed
Sunday: Closed",,,,,,,,,,,,,,,,,,,,,,,,,,,,,
782,Animal Health Center of Santa Clara,(408) 249-1315,2078 El Camino Real A,San Jose,95050,General Practice,"Monday: 9:00 AM – 9:00 PM
Tuesday: 9:00 AM – 9:00 PM
Wednesday: 9:00 AM – 9:00 PM
Thursday: 9:00 AM – 9:00 PM
Friday: 9:00 AM – 8:00 PM
Saturday: 9:00 AM – 9:00 PM
Sunday: 10:00 AM – 6:00 PM",,,,,,,,,,,,,,,,,,,,,,,,,,,,,
783,Animal Medical Center | San Jose,(408) 267-7387,1820 Hillsdale Ave,San Jose,95124,General Practice,"Monday: 8:30 AM – 6:00 PM
Tuesday: 8:30 AM – 6:00 PM
Wednesday: 8:30 AM – 6:00 PM
Thursday: 8:30 AM – 6:00 PM
Friday: 8:30 AM – 6:00 PM
Saturday: 9:00 AM – 2:00 PM
Sunday: Closed",,,,,,,,,,,,,,,,,,,,,,,,,,,,,
784,ARCHVET Emergency Hospital,(669) 230-5034,824 N Winchester Blvd,San Jose,95128,General Practice,"Monday: 8:00 AM – 10:00 PM
Tuesday: 8:00 AM – 10:00 PM
Wednesday: 8:00 AM – 10:00 PM
Thursday: 8:00 AM – 10:00 PM
Friday: 8:00 AM – 10:00 PM
Saturday: 8:00 AM – 10:00 PM
Sunday: 8:00 AM – 10:00 PM",,,,,,,,,,,,,,,,,,,,,,,,,,,,,
785,Ark Veterinary Care,(408) 956-6122,295 N 10th St,San Jose,95112,General Practice,"Monday: 9:00 AM – 9:00 PM
Tuesday: 9:00 AM – 9:00 PM
Wednesday: 9:00 AM – 9:00 PM
Thursday: 9:00 AM – 9:00 PM
Friday: 9:00 AM – 9:00 PM
Saturday: 9:00 AM – 9:00 PM
Sunday: 9:00 AM – 9:00 PM",,,,,,,,,,,,,,,,,,,,,,,,,,,,,
786,Bascom Veterinarian Center,(408) 677-2246,511 S Bascom Ave,San Jose,95128,General Practice,"Monday: 7:00 AM – 10:00 PM
Tuesday: 7:00 AM – 10:00 PM
Wednesday: 7:00 AM – 10:00 PM
Thursday: 7:00 AM – 10:00 PM
Friday: 7:00 AM – 10:00 PM
Saturday: 7:00 AM – 10:00 PM
Sunday: 7:00 AM – 10:00 PM",,,,,,,,,,,,,,,,,,,,,,,,,,,,,
787,Bloom Plaza Animal Hospital,(408) 972-2000,5647 Snell Ave,San Jose,95123,General Practice,"Monday: 8:00 AM – 7:00 PM
Tuesday: 8:00 AM – 7:00 PM
Wednesday: 8:00 AM – 7:00 PM
Thursday: 8:00 AM – 7:00 PM
Friday: 8:00 AM – 7:00 PM
Saturday: Closed
Sunday: Closed",,,,,,,,,,,,,,,,,,,,,,,,,,,,,
788,Burbank Pet Hospital,(408) 271-7875,1819 W San Carlos St,San Jose,95128,General Practice,"Monday: 8:00 AM – 5:00 PM
Tuesday: 8:00 AM – 5:00 PM
Wednesday: 8:00 AM – 5:00 PM
Thursday: 8:00 AM – 5:00 PM
Friday: 8:00 AM – 5:00 PM
Saturday: Closed
Sunday: Closed",,,,,,,,,,,,,,,,,,,,,,,,,,,,,
789,Camden Pet Hospital,(408) 265-2200,4960 Camden Ave,San Jose,95124,General Practice,"Monday: 8:00 AM – 5:00 PM
Tuesday: 8:00 AM – 5:00 PM
Wednesday: 8:00 AM – 5:00 PM
Thursday: 8:00 AM – 5:00 PM
Friday: 8:00 AM – 5:00 PM
Saturday: Closed
Sunday: Closed",,,,,,,,,,,,,,,,,,,,,,,,,,,,,
790,"Canyon Creek Pet Hospital, A Thrive Pet Healthcare Partner",(408) 270-7500,5617 Silver Creek Valley Rd,San Jose,95138,General Practice,"Monday: 9:00 AM – 5:00 PM
Tuesday: 9:00 AM – 5:00 PM
Wednesday: 9:00 AM – 5:00 PM
Thursday: 9:00 AM – 5:00 PM
Friday: 9:00 AM – 5:00 PM
Saturday: Closed
Sunday: Closed",,,,,,,,,,,,,,,,,,,,,,,,,,,,,
791,Central Animal Hospital,(408) 377-4043,971 E Hamilton Ave,San Jose,95008,General Practice,"Monday: 7:00 AM – 6:00 PM
Tuesday: 7:00 AM – 6:00 PM
Wednesday: 7:00 AM – 6:00 PM
Thursday: 7:00 AM – 6:00 PM
Friday: 7:00 AM – 6:00 PM
Saturday: 7:00 AM – 5:00 PM
Sunday: Closed",,,,,,,,,,,,,,,,,,,,,,,,,,,,,
792,Community Pet Clinic,(408) 942-3005,3463 McKee Rd,San Jose,95127,General Practice,"Monday: 7:00 AM – 4:00 PM
Tuesday: Closed
Wednesday: 9:00 AM – 4:00 PM
Thursday: Closed
Friday: Closed
Saturday: Closed
Sunday: Closed",,,,,,,,,,,,,,,,,,,,,,,,,,,,,
793,Curtner Pet Clinic & Hospital,(408) 297-7387,189 Curtner Ave Ste 50,San Jose,95125,General Practice,"Monday: 8:00 AM – 7:00 PM
Tuesday: 8:00 AM – 7:00 PM
Wednesday: 8:00 AM – 7:00 PM
Thursday: 8:00 AM – 7:00 PM
Friday: 8:00 AM – 7:00 PM
Saturday: 8:00 AM – 7:00 PM
Sunday: Closed",,,,,,,,,,,,,,,,,,,,,,,,,,,,,
794,DeAnza Veterinary Clinic,(408) 996-1411,7325 Fallenleaf Ln,San Jose,95014,General Practice,"Monday: 9:00 AM – 5:30 PM
Tuesday: 9:00 AM – 5:30 PM
Wednesday: Closed
Thursday: 9:00 AM – 5:30 PM
Friday: 9:00 AM – 5:30 PM
Saturday: 8:00 AM – 12:00 PM
Sunday: Closed",,,,,,,,,,,,,,,,,,,,,,,,,,,,,
795,Dermatology for Animals - Campbell,(408) 871-3800,106 E Campbell Ave,San Jose,95008,General Practice,"Monday: 8:00 AM – 5:00 PM
Tuesday: 8:00 AM – 5:00 PM
Wednesday: 8:00 AM – 5:00 PM
Thursday: 8:00 AM – 5:00 PM
Friday: Closed
Saturday: Closed
Sunday: Closed",,,,,,,,,,,,,,,,,,,,,,,,,,,,,
796,Dry Creek Animal Hospital,(408) 560-2882,2020 S Bascom Ave #E,San Jose,95008,General Practice,"Monday: 8:00 AM – 6:00 PM
Tuesday: 8:00 AM – 6:00 PM
Wednesday: 8:00 AM – 6:00 PM
Thursday: 8:00 AM – 6:00 PM
Friday: 8:00 AM – 6:00 PM
Saturday: 9:00 AM – 4:00 PM
Sunday: Closed",,,,,,,,,,,,,,,,,,,,,,,,,,,,,
797,East Hills Veterinary Clinic,(408) 259-7600,2745 Story Rd,San Jose,95127,General Practice,"Monday: 9:30 AM – 12:00 PM, 3:00 – 5:00 PM
Tuesday: 9:30 AM – 12:00 PM, 3:00 – 5:00 PM
Wednesday: 9:30 AM – 12:00 PM, 3:00 – 5:00 PM
Thursday: 9:30 AM – 12:00 PM, 3:00 – 5:00 PM
Friday: 9:00 AM – 12:00 PM, 3:00 – 5:00 PM
Saturday: Closed
Sunday: Closed",,,,,,,,,,,,,,,,,,,,,,,,,,,,,
798,Evergreen Veterinary Clinic,(408) 238-0690,1611 E Capitol Expy Ste 205,San Jose,95121,General Practice,"Monday: 8:00 AM – 6:00 PM
Tuesday: 8:00 AM – 6:00 PM
Wednesday: 8:00 AM – 6:00 PM
Thursday: 8:00 AM – 6:00 PM
Friday: 8:00 AM – 6:00 PM
Saturday: Closed
Sunday: 10:00 AM – 4:00 PM",,,,,,,,,,,,,,,,,,,,,,,,,,,,,
799,Happy Valley Pet Hospital,(408) 796-7057,3265 S Winchester Blvd,San Jose,95008,General Practice,"Monday: 9:00 AM – 1:00 PM, 2:00 – 6:00 PM
Tuesday: 9:00 AM – 1:00 PM, 2:00 – 6:00 PM
Wednesday: 9:00 AM – 1:00 PM, 2:00 – 6:00 PM
Thursday: 9:00 AM – 1:00 PM, 2:00 – 6:00 PM
Friday: 9:00 AM – 1:00 PM, 2:00 – 6:00 PM
Saturday: 9:00 AM – 1:00 PM, 2:00 – 6:00 PM
Sunday: 9:00 AM – 1:00 PM, 2:00 – 6:00 PM",,,,,,,,,,,,,,,,,,,,,,,,,,,,,
800,Kirkwood Animal Hospital,(408) 374-5850,1820 W Campbell Ave # A,San Jose,95008,General Practice,"Monday: 8:00 AM – 6:00 PM
Tuesday: 8:00 AM – 6:00 PM
Wednesday: 8:00 AM – 6:00 PM
Thursday: 8:00 AM – 6:00 PM
Friday: 8:00 AM – 6:00 PM
Saturday: Closed
Sunday: Closed",,,,,,,,,,,,,,,,,,,,,,,,,,,,,
801,Lincoln Avenue Veterinary Clinic,(408) 293-3448,699 Lincoln Ave #3795,San Jose,95126,General Practice,"Monday: 7:00 AM – 6:00 PM
Tuesday: 7:00 AM – 6:00 PM
Wednesday: 7:00 AM – 6:00 PM
Thursday: 7:00 AM – 6:00 PM
Friday: 7:00 AM – 6:00 PM
Saturday: Closed
Sunday: Closed",,,,,,,,,,,,,,,,,,,,,,,,,,,,,
802,MedVet Campbell,(408) 371-6252,905 Dell Ave,San Jose,95008,General Practice,"Monday: Open 24 hours
Tuesday: Open 24 hours
Wednesday: Open 24 hours
Thursday: Open 24 hours
Friday: Open 24 hours
Saturday: Open 24 hours
Sunday: Open 24 hours",,,,,,,,,,,,,,,,,,,,,,,,,,,,,
803,MedVet Silicon Valley,(408) 649-7070,7090 Santa Teresa Blvd,San Jose,95139,General Practice,"Monday: Open 24 hours
Tuesday: Open 24 hours
Wednesday: Open 24 hours
Thursday: Open 24 hours
Friday: Open 24 hours
Saturday: Open 24 hours
Sunday: Open 24 hours",,,,,,,,,,,,,,,,,,,,,,,,,,,,,
804,Oak Grove Veterinary Hospital,(408) 227-1661,512 Giuffrida Ave,San Jose,95123,General Practice,"Monday: 9:00 AM – 6:00 PM
Tuesday: 9:00 AM – 6:00 PM
Wednesday: 9:00 AM – 6:00 PM
Thursday: 9:00 AM – 6:00 PM
Friday: 9:00 AM – 6:00 PM
Saturday: 9:00 AM – 5:00 PM
Sunday: 9:00 AM – 5:00 PM",,,,,,,,,,,,,,,,,,,,,,,,,,,,,
805,Oakridge Veterinary Clinic,(408) 419-9238,5440 Thornwood Dr E,San Jose,95123,General Practice,"Monday: 8:00 AM – 6:00 PM
Tuesday: 8:00 AM – 6:00 PM
Wednesday: 8:00 AM – 6:00 PM
Thursday: 8:00 AM – 6:00 PM
Friday: 8:00 AM – 6:00 PM
Saturday: 8:00 AM – 6:00 PM
Sunday: Closed",,,,,,,,,,,,,,,,,,,,,,,,,,,,,
806,Pet Care Animal Hospital,(408) 352-5095,700 S Winchester Blvd #10,San Jose,95128,General Practice,"Monday: 9:00 AM – 6:00 PM
Tuesday: 9:00 AM – 6:00 PM
Wednesday: 9:00 AM – 6:00 PM
Thursday: 9:00 AM – 6:00 PM
Friday: 9:00 AM – 6:00 PM
Saturday: 9:00 AM – 3:00 PM
Sunday: Closed",,,,,,,,,,,,,,,,,,,,,,,,,,,,,
807,Piedmont Hills Animal Hospital,(408) 929-6767,1265 Piedmont Rd,San Jose,95132,General Practice,"Monday: 9:00 AM – 6:00 PM
Tuesday: 9:00 AM – 6:00 PM
Wednesday: 9:00 AM – 6:00 PM
Thursday: 9:00 AM – 6:00 PM
Friday: 9:00 AM – 6:00 PM
Saturday: 9:00 AM – 5:00 PM
Sunday: 10:00 AM – 4:00 PM",,,,,,,,,,,,,,,,,,,,,,,,,,,,,
808,Princeton Veterinary Clinic,(408) 264-3550,1378 Blossom Hill Rd,San Jose,95118,General Practice,"Monday: 8:00 AM – 6:00 PM
Tuesday: 8:00 AM – 6:00 PM
Wednesday: 8:00 AM – 6:00 PM
Thursday: 8:00 AM – 6:00 PM
Friday: 8:00 AM – 6:00 PM
Saturday: 8:30 AM – 3:00 PM
Sunday: Closed",,,,,,,,,,,,,,,,,,,,,,,,,,,,,
809,Quito Veterinary Hospital,(408) 253-4707,1105 Saratoga Ave,San Jose,95129,General Practice,"Monday: 9:00 AM – 7:00 PM
Tuesday: 9:00 AM – 7:00 PM
Wednesday: 9:00 AM – 7:00 PM
Thursday: 9:00 AM – 7:00 PM
Friday: 9:00 AM – 7:00 PM
Saturday: 9:00 AM – 5:00 PM
Sunday: Closed",,,,,,,,,,,,,,,,,,,,,,,,,,,,,
810,Reed Animal Hospital,(408) 369-1788,1657 S Bascom Ave,San Jose,95008,General Practice,"Monday: 8:00 AM – 6:00 PM
Tuesday: 8:00 AM – 6:00 PM
Wednesday: 8:00 AM – 6:00 PM
Thursday: 8:00 AM – 6:00 PM
Friday: 8:00 AM – 6:00 PM
Saturday: 8:00 AM – 5:00 PM
Sunday: 8:00 AM – 5:00 PM",,,,,,,,,,,,,,,,,,,,,,,,,,,,,
811,SAGE Veterinary Centers - Campbell,(408) 343-7243,907 Dell Ave,San Jose,95008,General Practice,"Monday: Open 24 hours
Tuesday: Open 24 hours
Wednesday: Open 24 hours
Thursday: Open 24 hours
Friday: Open 24 hours
Saturday: Open 24 hours
Sunday: Open 24 hours",,,,,,,,,,,,,,,,,,,,,,,,,,,,,
812,"San Jose Animal Hospital, A Thrive Pet Healthcare Partner",(408) 453-2524,940 Berryessa Rd,San Jose,95133,General Practice,"Monday: 8:00 AM – 5:00 PM
Tuesday: 8:00 AM – 5:00 PM
Wednesday: 8:00 AM – 5:00 PM
Thursday: 8:00 AM – 5:00 PM
Friday: 8:00 AM – 5:00 PM
Saturday: Closed
Sunday: Closed",,,,,,,,,,,,,,,,,,,,,,,,,,,,,
813,Santa Clara Pet Hospital,(408) 296-5857,830 Kiely Blvd UNIT 107,San Jose,95051,General Practice,"Monday: 7:30 AM – 6:30 PM
Tuesday: 7:30 AM – 6:30 PM
Wednesday: 7:30 AM – 6:30 PM
Thursday: 7:30 AM – 6:30 PM
Friday: 7:30 AM – 6:30 PM
Saturday: 8:00 AM – 2:00 PM
Sunday: Closed",,,,,,,,,,,,,,,,,,,,,,,,,,,,,
814,Silicon Valley Pet Clinic,(408) 248-3844,3100 El Camino Real,San Jose,95051,General Practice,"Monday: 10:00 AM – 10:00 PM
Tuesday: 10:00 AM – 10:00 PM
Wednesday: 10:00 AM – 10:00 PM
Thursday: 10:00 AM – 10:00 PM
Friday: 10:00 AM – 10:00 PM
Saturday: 10:00 AM – 10:00 PM
Sunday: 10:00 AM – 10:00 PM",,,,,,,,,,,,,,,,,,,,,,,,,,,,,
815,South Bay Animal Hospital & Emergency,(408) 899-4791,5188 Moorpark Ave,San Jose,95129,General Practice,"Monday: 7:00 AM – 7:00 PM
Tuesday: 7:00 AM – 7:00 PM
Wednesday: 7:00 AM – 7:00 PM
Thursday: 7:00 AM – 7:00 PM
Friday: 7:00 AM – 7:00 PM
Saturday: 7:00 AM – 7:00 PM
Sunday: 7:00 AM – 7:00 PM",,,,,,,,,,,,,,,,,,,,,,,,,,,,,
816,Story Road Animal Hospital,(408) 292-6600,1241 Story Rd,San Jose,95122,General Practice,"Monday: 8:30 AM – 5:00 PM
Tuesday: 8:30 AM – 4:30 PM
Wednesday: 8:30 AM – 4:30 PM
Thursday: 8:30 AM – 5:00 PM
Friday: 8:00 AM – 4:00 PM
Saturday: Closed
Sunday: Closed",,,,,,,,,,,,,,,,,,,,,,,,,,,,,
817,The Cat Hospital,(408) 866-6188,137 E Hamilton Ave,San Jose,95008,General Practice,"Monday: 7:00 AM – 12:00 PM, 1:00 – 5:30 PM
Tuesday: 7:00 AM – 12:00 PM, 1:00 – 5:30 PM
Wednesday: 7:00 AM – 12:00 PM, 1:00 – 5:30 PM
Thursday: 7:00 AM – 12:00 PM, 1:00 – 5:30 PM
Friday: 7:00 AM – 12:00 PM, 1:00 – 5:30 PM
Saturday: Closed
Sunday: Closed",,,,,,,,,,,,,,,,,,,,,,,,,,,,,
818,Thornwood Pet Care,(408) 889-1889,5406 Thornwood Dr #190,San Jose,95123,General Practice,"Monday: 11:00 AM – 7:00 PM
Tuesday: Closed
Wednesday: 11:00 AM – 7:00 PM
Thursday: Closed
Friday: 11:00 AM – 8:00 PM
Saturday: 11:00 AM – 8:00 PM
Sunday: 11:00 AM – 8:00 PM",,,,,,,,,,,,,,,,,,,,,,,,,,,,,
819,UNI Pet Clinic - San Jose,(408) 294-8887,595 N First St,San Jose,95112,General Practice,"Monday: 9:00 AM – 6:00 PM
Tuesday: 9:00 AM – 6:00 PM
Wednesday: 9:00 AM – 6:00 PM
Thursday: 9:00 AM – 6:00 PM
Friday: 9:00 AM – 6:00 PM
Saturday: Closed
Sunday: Closed",,,,,,,,,,,,,,,,,,,,,,,,,,,,,
820,VCA Blossom Hill Animal Hospital,(408) 227-3717,1010 Blossom Hill Rd,San Jose,95123,General Practice,"Monday: 7:00 AM – 6:00 PM
Tuesday: 7:00 AM – 6:00 PM
Wednesday: 7:00 AM – 6:00 PM
Thursday: 7:00 AM – 6:00 PM
Friday: 7:00 AM – 6:00 PM
Saturday: 8:00 AM – 4:00 PM
Sunday: Closed",,,,,,,,,,,,,,,,,,,,,,,,,,,,,
821,VCA Crocker Animal Hospital,(408) 272-1330,475 N Jackson Ave,San Jose,95133,General Practice,"Monday: 7:00 AM – 6:00 PM
Tuesday: 7:00 AM – 6:00 PM
Wednesday: 7:00 AM – 6:00 PM
Thursday: 7:00 AM – 6:00 PM
Friday: 7:00 AM – 6:00 PM
Saturday: Closed
Sunday: 9:00 AM – 5:00 PM",,,,,,,,,,,,,,,,,,,,,,,,,,,,,
822,VCA Lawrence Animal Hospital,(408) 296-3300,771 Lawrence Expy,San Jose,95051,General Practice,"Monday: 7:00 AM – 6:00 PM
Tuesday: 7:00 AM – 6:00 PM
Wednesday: 7:00 AM – 6:00 PM
Thursday: 7:00 AM – 6:00 PM
Friday: 7:00 AM – 6:00 PM
Saturday: Closed
Sunday: 9:00 AM – 4:00 PM",,,,,,,,,,,,,,,,,,,,,,,,,,,,,
823,VCA Orchard Plaza Animal Hospital,(408) 227-9110,5841 Cottle Rd,San Jose,95123,General Practice,"Monday: 7:00 AM – 6:00 PM
Tuesday: 7:00 AM – 6:00 PM
Wednesday: 7:00 AM – 6:00 PM
Thursday: 7:00 AM – 6:00 PM
Friday: 7:00 AM – 6:00 PM
Saturday: 7:30 AM – 4:00 PM
Sunday: Closed",,,,,,,,,,,,,,,,,,,,,,,,,,,,,
824,VCA Pinnacle Animal Hospital,(408) 264-9400,4724 Meridian Ave,San Jose,95118,General Practice,"Monday: 7:00 AM – 6:00 PM
Tuesday: 7:00 AM – 6:00 PM
Wednesday: 7:00 AM – 6:00 PM
Thursday: 7:00 AM – 6:00 PM
Friday: 8:00 AM – 6:00 PM
Saturday: 8:00 AM – 4:00 PM
Sunday: Closed",,,,,,,,,,,,,,,,,,,,,,,,,,,,,
825,VCA Vets & Pets Animal Hospital,(408) 246-1893,3345 El Camino Real,San Jose,95051,General Practice,"Monday: 7:00 AM – 6:00 PM
Tuesday: 7:00 AM – 6:00 PM
Wednesday: 7:00 AM – 6:00 PM
Thursday: 7:00 AM – 6:00 PM
Friday: 7:00 AM – 5:00 PM
Saturday: 8:00 AM – 5:00 PM
Sunday: Closed",,,,,,,,,,,,,,,,,,,,,,,,,,,,,
826,VCA Winchester Animal Hospital,(408) 378-4380,2110 S Winchester Blvd,San Jose,95008,General Practice,"Monday: 8:00 AM – 6:00 PM
Tuesday: 8:00 AM – 6:00 PM
Wednesday: 8:00 AM – 6:00 PM
Thursday: 8:00 AM – 6:00 PM
Friday: 8:00 AM – 6:00 PM
Saturday: Closed
Sunday: Closed",,,,,,,,,,,,,,,,,,,,,,,,,,,,,
827,Wag Hotels - Santa Clara,(888) 924-5463,2000 Duane Ave,San Jose,95054,General Practice,"Monday: Open 24 hours
Tuesday: Open 24 hours
Wednesday: Open 24 hours
Thursday: Open 24 hours
Friday: Open 24 hours
Saturday: Open 24 hours
Sunday: Open 24 hours",,,,,,,,,,,,,,,,,,,,,,,,,,,,,
828,West Valley Pet Clinic,(408) 996-1155,1360 S De Anza Blvd,San Jose,95129,General Practice,"Monday: 8:00 AM – 6:00 PM
Tuesday: 8:00 AM – 6:00 PM
Wednesday: 8:00 AM – 6:00 PM
Thursday: 8:00 AM – 6:00 PM
Friday: 8:00 AM – 6:00 PM
Saturday: 9:00 AM – 2:00 PM
Sunday: Closed",,,,,,,,,,,,,,,,,,,,,,,,,,,,,
829,Willow Glen Pet Hospital,(669) 342-7472,1033 Willow St,San Jose,95125,General Practice,"Monday: 8:00 AM – 6:00 PM
Tuesday: 8:00 AM – 6:00 PM
Wednesday: 8:00 AM – 6:00 PM
Thursday: 8:00 AM – 6:00 PM
Friday: 8:00 AM – 6:00 PM
Saturday: 8:00 AM – 6:00 PM
Sunday: Closed",,,,,,,,,,,,,,,,,,,,,,,,,,,,,
830,Blue Cross Veterinary Clinic,(510) 276-8770,1510 150th Ave,San Leandro,94578,General Practice,"Monday: 10:30 – 11:30 AM, 4:00 – 5:00 PM
Tuesday: 10:30 – 11:30 AM, 4:00 – 5:00 PM
Wednesday: 10:30 – 11:30 AM, 4:00 – 5:00 PM
Thursday: 10:30 – 11:30 AM, 4:00 – 5:00 PM
Friday: 10:30 – 11:30 AM, 4:00 – 5:00 PM
Saturday: 10:30 – 11:30 AM, 4:00 – 5:00 PM
Sunday: 10:30 – 11:30 AM, 4:00 – 5:00 PM",,,,,,,,,,,,,,,,,,,,,,,,,,,,,
831,Good Samaritan Veterinary Hospital,(510) 357-8574,14100 E 14th St,San Leandro,94578,General Practice,"Tuesday: 8:00 AM – 6:00 PM
Wednesday: 8:00 AM – 6:00 PM
Thursday: 8:00 AM – 6:00 PM
Friday: 8:00 AM – 6:00 PM
Saturday: 8:00 AM – 6:00 PM
Sunday: 8:00 AM – 1:00 PM",,,,,,,,,,,,,,,,,,,,,,,,,,,,,
832,Mike's Feed & Pets,(510) 638-2005,685 E 14th St,San Leandro,94577,General Practice,"Monday: 9:30 AM – 6:00 PM
Tuesday: 9:30 AM – 6:00 PM
Wednesday: 9:30 AM – 6:00 PM
Thursday: 9:30 AM – 6:00 PM
Friday: 9:30 AM – 6:00 PM
Saturday: 9:30 AM – 6:00 PM
Sunday: 10:00 AM – 6:00 PM",,,,,,,,,,,,,,,,,,,,,,,,,,,,,
833,VCA Lewelling Animal Hospital,(510) 357-4227,525 Lewelling Blvd,San Leandro,94579,General Practice,"Monday: 8:00 AM – 6:00 PM
Tuesday: 8:00 AM – 6:00 PM
Wednesday: 8:00 AM – 6:00 PM
Thursday: 8:00 AM – 6:00 PM
Friday: 8:00 AM – 6:00 PM
Saturday: 8:00 AM – 5:00 PM
Sunday: Closed",,,,,,,,,,,,,,,,,,,,,,,,,,,,,
834,Arroyo Veterinary Clinic,(510) 278-8440,15775 Washington Ave,San Lorenzo,94580,General Practice,"Tuesday: 7:00 AM – 6:00 PM
Wednesday: 7:00 AM – 6:00 PM
Thursday: 7:00 AM – 6:00 PM
Friday: 7:00 AM – 6:00 PM
Saturday: 7:00 AM – 6:00 PM
Sunday: 8:30 AM – 2:00 PM",,,,,,,,,,,,,,,,,,,,,,,,,,,,,
835,San Lorenzo Veterinary Hospital,(510) 276-7234,17500 Hesperian Blvd,San Lorenzo,94580,General Practice,"Tuesday: 9:00 AM – 12:00 PM
Tuesday: 1:30 PM – 5:00 PM
Wednesday: 9:00 AM – 12:00 PM
Wednesday: 1:30 PM – 5:00 PM
Thursday: 9:00 AM – 12:00 PM
Thursday: 1:30 PM – 5:00 PM
Friday: 9:00 AM – 12:00 PM
Friday: 1:30 PM – 5:00 PM
Saturday: 9:00 AM – 12:00 PM
Saturday: 1:30 PM – 5:00 PM",,,,,,,,,,,,,,,,,,,,,,,,,,,,,
836,Animal Care Clinic SLO,(805) 545-8212,162 Cross St,San Luis Obispo,93401,General Practice,"Tuesday: 7:30 AM – 6:00 PM
Wednesday: 7:30 AM – 6:00 PM
Thursday: 7:30 AM – 8:30 AM
Thursday: 10:30 AM – 6:00 PM
Friday: 7:30 AM – 6:00 PM
Saturday: 7:30 AM – 6:00 PM",,,,,,,,,,,,,,,,,,,,,,,,,,,,,
837,Animal Hospital of San Luis Obispo,(805) 543-0985,642 California Blvd,San Luis Obispo,93401,General Practice,"Tuesday: 8:00 AM – 5:30 PM
Wednesday: 8:00 AM – 5:30 PM
Thursday: 8:00 AM – 5:30 PM
Friday: 8:00 AM – 5:30 PM
Saturday: 8:00 AM – 5:30 PM
Sunday: 8:00 AM – 1:00 PM",,,,,,,,,,,,,,,,,,,,,,,,,,,,,
838,Central Coast Veterinary Services,(805) 316-0517,3536 S Higuera St,San Luis Obispo,93401,General Practice,"Tuesday: 9:00 AM – 4:30 PM
Wednesday: 9:00 AM – 4:30 PM
Thursday: 9:00 AM – 4:30 PM
Friday: 9:00 AM – 4:30 PM
Saturday: 9:00 AM – 4:30 PM",,,,,,,,,,,,,,,,,,,,,,,,,,,,,
839,Cerro Alto Veterinary Specialty and Emergency Hospital,(805) 457-8724,2640 Broad St,San Luis Obispo,93401,General Practice,Monday: Open 24 hours,,,,,,,,,,,,,,,,,,,,,,,,,,,,,
840,Cuesta Park Animal Hospital,(805) 543-0956,2404 Loomis St,San Luis Obispo,93405,General Practice,"Tuesday: 8:00 AM – 5:00 PM
Wednesday: 8:00 AM – 5:00 PM
Thursday: 8:00 AM – 5:00 PM
Friday: 8:00 AM – 5:00 PM
Saturday: 8:00 AM – 5:00 PM",,,,,,,,,,,,,,,,,,,,,,,,,,,,,
841,Edna Valley Veterinary Clinic,(805) 541-8246,4860 Davenport Creek Rd,San Luis Obispo,93401,General Practice,"Tuesday: 8:00 AM – 5:00 PM
Wednesday: 8:00 AM – 5:00 PM
Thursday: 8:00 AM – 5:00 PM
Friday: 8:00 AM – 5:00 PM
Saturday: 8:00 AM – 5:00 PM
Sunday: 8:00 AM – 5:00 PM",,,,,,,,,,,,,,,,,,,,,,,,,,,,,
842,Laguna Veterinary Care,(805) 439-3737,1450 Madonna Rd,San Luis Obispo,93405,General Practice,"Tuesday: 8:30 AM – 6:00 PM
Wednesday: 8:30 AM – 6:00 PM
Thursday: 8:30 AM – 6:00 PM
Friday: 8:30 AM – 6:00 PM
Saturday: 8:30 AM – 6:00 PM",,,,,,,,,,,,,,,,,,,,,,,,,,,,,
843,"Mission Animal Hospital, A Thrive Pet Healthcare Partner",(805) 781-8888,3973 S Higuera St #130,San Luis Obispo,93401,General Practice,"Tuesday: 8:00 AM – 6:00 PM
Wednesday: 8:00 AM – 6:00 PM
Thursday: 8:00 AM – 6:00 PM
Friday: 8:00 AM – 6:00 PM
Saturday: 8:00 AM – 6:00 PM",,,,,,,,,,,,,,,,,,,,,,,,,,,,,
844,PetMed Veterinary Urgent Care,(805) 912-5669,3940 Broad St Suite 6,San Luis Obispo,93401,General Practice,"Tuesday: 8:00 AM – 5:00 PM
Wednesday: 8:00 AM – 5:00 PM
Thursday: 8:00 AM – 5:00 PM
Friday: 8:00 AM – 5:00 PM
Saturday: 8:00 AM – 5:00 PM",,,,,,,,,,,,,,,,,,,,,,,,,,,,,
845,San Luis Obispo Equine Medical Center,(805) 541-6367,4870 Davenport Creek Rd,San Luis Obispo,93401,General Practice,"Tuesday: 8:30 AM – 5:00 PM
Wednesday: 8:30 AM – 5:00 PM
Thursday: 8:30 AM – 5:00 PM
Friday: 8:30 AM – 5:00 PM
Saturday: 8:30 AM – 5:00 PM",,,,,,,,,,,,,,,,,,,,,,,,,,,,,
846,Stenner Creek Animal Hospital,(805) 543-2500,191 Santa Rosa St,San Luis Obispo,93405,General Practice,"Tuesday: 8:00 AM – 5:00 PM
Wednesday: 8:00 AM – 5:00 PM
Thursday: 8:00 AM – 5:00 PM
Friday: 8:00 AM – 5:00 PM
Saturday: 8:00 AM – 5:00 PM
Sunday: 9:00 AM – 1:00 PM",,,,,,,,,,,,,,,,,,,,,,,,,,,,,
847,Vetama Central Coast,(805) 316-1990,3536 S Higuera St #220,San Luis Obispo,93401,General Practice,"Tuesday: 9:00 AM – 4:30 PM
Wednesday: 9:00 AM – 4:30 PM
Thursday: 9:00 AM – 4:30 PM
Friday: 9:00 AM – 4:30 PM
Saturday: 9:00 AM – 4:30 PM",,,,,,,,,,,,,,,,,,,,,,,,,,,,,
848,Woods Humane Society,(805) 543-9316,875 Oklahoma Ave,San Luis Obispo,93405,General Practice,"Monday: 12:00 PM – 5:00 PM
Tuesday: 12:00 PM – 5:00 PM
Wednesday: 12:00 PM – 5:00 PM
Thursday: 12:00 PM – 5:00 PM
Friday: 12:00 PM – 5:00 PM
Saturday: 12:00 PM – 5:00 PM
Sunday: 12:00 PM – 5:00 PM",,,,,,,,,,,,,,,,,,,,,,,,,,,,,
849,San Marino Veterinary Clinic,(626) 286-7387,2374 Huntington Dr,San Marino,91108,General Practice,"Tuesday: 9:00 AM – 5:00 PM
Wednesday: 9:00 AM – 5:00 PM
Friday: 9:00 AM – 5:00 PM
Saturday: 9:00 AM – 5:00 PM",,,,,,,,,,,,,,,,,,,,,,,,,,,,,
850,VCA San Martin Animal Hospital,(408) 683-4777,12955 Monterey Rd,San Martin,95046,General Practice,"Tuesday: 7:00 AM – 7:00 PM
Wednesday: 7:00 AM – 7:00 PM
Thursday: 7:00 AM – 7:00 PM
Friday: 7:00 AM – 7:00 PM
Saturday: 7:00 AM – 7:00 PM
Sunday: 8:00 AM – 5:00 PM",,,,,,,,,,,,,,,,,,,,,,,,,,,,,
851,5 Direction Integrative Veterinary Care,(415) 418-4550,1800 Nash Dr,San Mateo,94401,General Practice,"Monday: Closed
Tuesday: 9:00 AM – 4:00 PM
Wednesday: 9:00 AM – 4:00 PM
Thursday: 9:00 AM – 4:00 PM
Friday: Closed
Saturday: 9:00 AM – 4:00 PM
Sunday: Closed",,,,,,,,,,,,,,,,,,,,,,,,,,,,,
852,Aragon Veterinary Clinic Inc,(650) 342-7282,819 S B St,San Mateo,94401,General Practice,"Monday: 8:00 AM – 5:00 PM
Tuesday: 8:00 AM – 5:00 PM
Wednesday: 8:00 AM – 5:00 PM
Thursday: 8:00 AM – 5:00 PM
Friday: 8:00 AM – 5:00 PM
Saturday: Closed
Sunday: Closed",,,,,,,,,,,,,,,,,,,,,,,,,,,,,
853,Bay Area Vet MRI,(650) 437-2042,263 N Amphlett Blvd,San Mateo,94401,General Practice,"Monday: 9:00 AM – 5:00 PM
Tuesday: 9:00 AM – 5:00 PM
Wednesday: 9:00 AM – 5:00 PM
Thursday: 9:00 AM – 5:00 PM
Friday: Closed
Saturday: Closed
Sunday: Closed",,,,,,,,,,,,,,,,,,,,,,,,,,,,,
854,Crystal Springs Pet Hospital,(650) 341-3438,122 De Anza Blvd,San Mateo,94402,General Practice,"Monday: 8:00 AM – 6:00 PM
Tuesday: 8:00 AM – 6:00 PM
Wednesday: 8:00 AM – 6:00 PM
Thursday: 8:00 AM – 6:00 PM
Friday: 8:00 AM – 6:00 PM
Saturday: 9:00 AM – 6:00 PM
Sunday: 9:00 AM – 6:00 PM",,,,,,,,,,,,,,,,,,,,,,,,,,,,,
855,Laurelwood Veterinary Clinic,(650) 341-7741,1334 W Hillsdale Blvd,San Mateo,94403,General Practice,"Monday: Closed
Tuesday: 8:00 AM – 12:00 PM, 2:00 – 6:00 PM
Wednesday: 8:00 AM – 12:00 PM
Thursday: 8:00 AM – 12:00 PM, 2:00 – 6:00 PM
Friday: 8:00 AM – 12:00 PM, 2:00 – 6:00 PM
Saturday: 8:00 AM – 12:00 PM
Sunday: Closed",,,,,,,,,,,,,,,,,,,,,,,,,,,,,
856,Lenity Vet Specialists + Emergency Care,(650) 513-6660,257 N Amphlett Blvd,San Mateo,94401,General Practice,"Monday: Open 24 hours
Tuesday: Open 24 hours
Wednesday: Open 24 hours
Thursday: Open 24 hours
Friday: Open 24 hours
Saturday: Open 24 hours
Sunday: Open 24 hours",,,,,,,,,,,,,,,,,,,,,,,,,,,,,
857,North Peninsula Veterinary Emergency Clinic,(650) 348-2575,227 N Amphlett Blvd,San Mateo,94401,General Practice,"Monday: Open 24 hours
Tuesday: Open 24 hours
Wednesday: Open 24 hours
Thursday: Open 24 hours
Friday: Open 24 hours
Saturday: Open 24 hours
Sunday: Open 24 hours",,,,,,,,,,,,,,,,,,,,,,,,,,,,,
858,Omega Veterinary Group,(650) 781-4239,251 N Amphlett Blvd,San Mateo,94401,General Practice,"Monday: Open 24 hours
Tuesday: Open 24 hours
Wednesday: Open 24 hours
Thursday: Open 24 hours
Friday: Open 24 hours
Saturday: Open 24 hours
Sunday: Open 24 hours",,,,,,,,,,,,,,,,,,,,,,,,,,,,,
859,Peninsula Avenue Veterinary Clinic,(650) 348-8022,440 Peninsula Ave,San Mateo,94401,General Practice,"Monday: 9:00 AM – 6:00 PM
Tuesday: 9:00 AM – 6:00 PM
Wednesday: 9:00 AM – 6:00 PM
Thursday: 9:00 AM – 6:00 PM
Friday: 9:00 AM – 6:00 PM
Saturday: 8:30 AM – 12:30 PM
Sunday: Closed",,,,,,,,,,,,,,,,,,,,,,,,,,,,,
860,Peninsula Humane Society & SPCA,(650) 340-7022,12 Airport Blvd.,San Mateo,94401,General Practice,"Monday: 11:00 AM – 7:00 PM
Tuesday: 11:00 AM – 7:00 PM
Wednesday: 11:00 AM – 7:00 PM
Thursday: 11:00 AM – 7:00 PM
Friday: 11:00 AM – 7:00 PM
Saturday: 11:00 AM – 6:00 PM
Sunday: 11:00 AM – 6:00 PM",,,,,,,,,,,,,,,,,,,,,,,,,,,,,
861,Scout's House Inc,(650) 328-1430,257 N Amphlett Blvd,San Mateo,94401,General Practice,"Tuesday: 8:00 AM – 5:00 PM
Wednesday: 8:00 AM – 5:00 PM
Friday: 8:00 AM – 5:00 PM
Saturday: 8:00 AM – 5:00 PM",,,,,,,,,,,,,,,,,,,,,,,,,,,,,
862,South Hillsdale Animal Hospital,(650) 571-0377,15 37th Ave,San Mateo,94403,General Practice,"Monday: 8:00 AM – 5:00 PM
Tuesday: 8:00 AM – 5:00 PM
Wednesday: 8:00 AM – 5:00 PM
Thursday: 8:00 AM – 5:00 PM
Friday: 8:00 AM – 5:00 PM
Saturday: Closed
Sunday: Closed",,,,,,,,,,,,,,,,,,,,,,,,,,,,,
863,Spay/Neuter Clinic,null,12 Airport Blvd.,San Mateo,94401,General Practice,,,,,,,,,,,,,,,,,,,,,,,,,,,,,,
864,VCA San Mateo Animal Hospital,(650) 345-1655,2320 Palm Ave,San Mateo,94403,General Practice,"Monday: 8:00 AM – 6:00 PM
Tuesday: 8:00 AM – 6:00 PM
Wednesday: 8:00 AM – 6:00 PM
Thursday: 8:00 AM – 6:00 PM
Friday: 8:00 AM – 6:00 PM
Saturday: 8:00 AM – 5:00 PM
Sunday: Closed",,,,,,,,,,,,,,,,,,,,,,,,,,,,,
865,Adobe Veterinary Hospital,(805) 237-0214,7625 Estrella Rd,San Miguel,93451,General Practice,,,,,,,,,,,,,,,,,,,,,,,,,,,,,,
866,Evergreen Pet Clinic,(510) 215-9980,601 San Pablo Towne Center,San Pablo,94806,General Practice,"Monday: 8:30 AM – 6:00 PM
Tuesday: 8:30 AM – 6:00 PM
Wednesday: 8:30 AM – 6:00 PM
Thursday: 8:30 AM – 6:00 PM
Friday: 8:30 AM – 6:00 PM
Saturday: 8:30 AM – 6:00 PM
Sunday: Closed",,,,,,,,,,,,,,,,,,,,,,,,,,,,,
867,Animal Medical Center San Rafael,(415) 499-8387,4140 Redwood Hwy,San Rafael,94903,General Practice,"Monday: 9:00 AM – 6:00 PM
Tuesday: 9:00 AM – 6:00 PM
Wednesday: 9:00 AM – 6:00 PM
Thursday: 9:00 AM – 6:00 PM
Friday: 9:00 AM – 6:00 PM
Saturday: 9:00 AM – 6:00 PM
Sunday: Closed",,,,,,,,,,,,,,,,,,,,,,,,,,,,,
868,East San Rafael Veterinary Clinic,(415) 456-4463,820 D St,San Rafael,94901,General Practice,"Monday: 7:30 AM – 6:00 PM
Tuesday: 7:30 AM – 6:00 PM
Wednesday: 7:30 AM – 6:00 PM
Thursday: 7:30 AM – 6:00 PM
Friday: 7:30 AM – 6:00 PM
Saturday: 8:00 AM – 3:00 PM
Sunday: Closed",,,,,,,,,,,,,,,,,,,,,,,,,,,,,
869,"Golden Gate Veterinary Specialists - Veterinary Dermatology, Surgery, Oncology and Internal Medicine",(415) 726-2458,4460 Redwood Hwy Suite 11,San Rafael,94903,General Practice,"Monday: 8:30 AM – 5:30 PM
Tuesday: 8:30 AM – 5:30 PM
Wednesday: 8:30 AM – 5:30 PM
Thursday: 8:30 AM – 5:30 PM
Friday: 8:30 AM – 5:30 PM
Saturday: Closed
Sunday: Closed",,,,,,,,,,,,,,,,,,,,,,,,,,,,,
870,Holistic Animal Clinic,(415) 233-8348,1660 Second St,San Rafael,94901,General Practice,"Monday: Closed
Tuesday: Closed
Wednesday: 10:00 AM – 6:00 PM
Thursday: Closed
Friday: Closed
Saturday: 10:00 AM – 5:00 PM
Sunday: Closed",,,,,,,,,,,,,,,,,,,,,,,,,,,,,
871,Marin Pet Hospital,(415) 454-4414,840 Francisco Blvd W,San Rafael,94901,General Practice,"Monday: 8:00 AM – 6:00 PM
Tuesday: 8:00 AM – 6:00 PM
Wednesday: 8:00 AM – 6:00 PM
Thursday: 8:00 AM – 6:00 PM
Friday: 8:00 AM – 6:00 PM
Saturday: Closed
Sunday: Closed",,,,,,,,,,,,,,,,,,,,,,,,,,,,,
872,Pet Emergency & Specialty Center of Marin,(415) 456-7372,1 Thorndale Dr,San Rafael,94903,General Practice,"Monday: Open 24 hours
Tuesday: Open 24 hours
Wednesday: Open 24 hours
Thursday: Open 24 hours
Friday: Open 24 hours
Saturday: Open 24 hours
Sunday: Open 24 hours",,,,,,,,,,,,,,,,,,,,,,,,,,,,,
873,San Anselmo Animal Hospital,(415) 453-2080,2060 4th St,San Rafael,94901,General Practice,"Monday: 8:00 AM – 5:00 PM
Tuesday: 8:00 AM – 5:00 PM
Wednesday: 8:00 AM – 5:00 PM
Thursday: 8:00 AM – 5:00 PM
Friday: 8:00 AM – 5:00 PM
Saturday: 9:00 AM – 2:00 PM
Sunday: Closed",,,,,,,,,,,,,,,,,,,,,,,,,,,,,
874,San Rafael Animal Hospital,(415) 453-2004,419 Irwin St,San Rafael,94901,General Practice,"Monday: 8:00 AM – 6:00 PM
Tuesday: 8:00 AM – 6:00 PM
Wednesday: 8:00 AM – 6:00 PM
Thursday: 8:00 AM – 6:00 PM
Friday: 8:00 AM – 6:00 PM
Saturday: 8:00 AM – 3:00 PM
Sunday: Closed",,,,,,,,,,,,,,,,,,,,,,,,,,,,,
875,Tails of Terra Linda Pet Resort,(415) 785-4987,4232 Redwood Hwy,San Rafael,94903,General Practice,"Monday: 7:00 AM – 7:00 PM
Tuesday: 7:00 AM – 7:00 PM
Wednesday: 7:00 AM – 7:00 PM
Thursday: 7:00 AM – 7:00 PM
Friday: 7:00 AM – 7:00 PM
Saturday: 8:00 AM – 6:00 PM
Sunday: 8:00 AM – 6:00 PM",,,,,,,,,,,,,,,,,,,,,,,,,,,,,
876,Terra Linda Veterinary Hospital,(415) 479-8535,4230 Redwood Hwy,San Rafael,94903,General Practice,"Monday: 8:00 AM – 5:00 PM
Tuesday: 8:00 AM – 5:00 PM
Wednesday: 8:00 AM – 5:00 PM
Thursday: 8:00 AM – 5:00 PM
Friday: 8:00 AM – 5:00 PM
Saturday: Closed
Sunday: Closed",,,,,,,,,,,,,,,,,,,,,,,,,,,,,
877,VCA Animal Wellness Center of Marin,(415) 456-4471,506 4th St,San Rafael,94901,General Practice,"Monday: 8:00 AM – 6:00 PM
Tuesday: 8:00 AM – 6:00 PM
Wednesday: 8:00 AM – 6:00 PM
Thursday: 8:00 AM – 6:00 PM
Friday: 8:00 AM – 6:00 PM
Saturday: Closed
Sunday: Closed",,,,,,,,,,,,,,,,,,,,,,,,,,,,,
878,West End Animal Center,(415) 721-7494,1660 Second St,San Rafael,94901,General Practice,"Monday: 8:00 AM – 5:30 PM
Tuesday: 8:00 AM – 5:30 PM
Wednesday: 8:00 AM – 2:00 PM
Thursday: 8:00 AM – 5:30 PM
Friday: 8:00 AM – 5:30 PM
Saturday: Closed
Sunday: Closed",,,,,,,,,,,,,,,,,,,,,,,,,,,,,
879,ABC Pet Clinic,(925) 855-8195,2259 San Ramon Valley Blvd,San Ramon,94583,General Practice,"Tuesday: 8:00 AM – 6:00 PM
Wednesday: 8:00 AM – 6:00 PM
Thursday: 8:00 AM – 5:00 PM
Friday: 8:00 AM – 6:00 PM
Saturday: 8:00 AM – 5:00 PM
Sunday: 9:00 AM – 2:00 PM",,,,,,,,,,,,,,,,,,,,,,,,,,,,,
880,Bishop Ranch Veterinary Center & Urgent Care,(925) 866-8387,2000 Bishop Dr,San Ramon,94583,General Practice,"Tuesday: 6:30 AM – 9:00 PM
Wednesday: 6:30 AM – 9:00 PM
Thursday: 6:30 AM – 9:00 PM
Friday: 6:30 AM – 9:00 PM
Saturday: 6:30 AM – 9:00 PM
Sunday: 7:00 AM – 6:00 PM",,,,,,,,,,,,,,,,,,,,,,,,,,,,,
881,Bollinger Canyon Animal Hospital,(925) 866-8500,400 Montgomery St,San Ramon,94583,General Practice,"Tuesday: 8:00 AM – 6:00 PM
Wednesday: 8:00 AM – 6:00 PM
Thursday: 8:00 AM – 6:00 PM
Friday: 8:00 AM – 6:00 PM
Saturday: 8:00 AM – 6:00 PM",,,,,,,,,,,,,,,,,,,,,,,,,,,,,
882,Gateway Pet Hospital,(925) 560-9622,21001 San Ramon Valley Blvd Suite A2,San Ramon,94583,General Practice,"Tuesday: 8:00 AM – 4:30 PM
Wednesday: 8:00 AM – 4:30 PM
Thursday: 8:00 AM – 4:30 PM
Friday: 8:00 AM – 4:30 PM
Saturday: 8:00 AM – 4:30 PM
Sunday: 10:00 AM – 5:00 PM",,,,,,,,,,,,,,,,,,,,,,,,,,,,,
883,Pet Care Depot,(925) 328-0372,2004 Bishop Dr,San Ramon,94583,General Practice,"Monday: 10:00 AM – 4:00 PM
Tuesday: 9:00 AM – 7:00 PM
Wednesday: 9:00 AM – 7:00 PM
Thursday: 9:00 AM – 7:00 PM
Friday: 9:00 AM – 7:00 PM
Saturday: 9:00 AM – 7:00 PM
Sunday: 9:00 AM – 5:00 PM",,,,,,,,,,,,,,,,,,,,,,,,,,,,,
884,San Ramon Veterinary Hospital,(925) 837-0526,2480 San Ramon Valley Blvd,San Ramon,94583,General Practice,"Tuesday: 7:30 AM – 7:00 PM
Wednesday: 7:30 AM – 7:00 PM
Thursday: 7:30 AM – 7:00 PM
Friday: 7:30 AM – 7:00 PM
Saturday: 7:30 AM – 7:00 PM
Sunday: 8:30 AM – 4:00 PM",,,,,,,,,,,,,,,,,,,,,,,,,,,,,
885,Animal Hospital Santa Fe,(562) 926-8060,13451 Rosecrans Ave,Santa Fe Springs,90670,General Practice,"Tuesday: 9:00 AM – 5:00 PM
Wednesday: 9:00 AM – 5:00 PM
Thursday: 9:00 AM – 5:00 PM
Friday: 9:00 AM – 5:00 PM
Saturday: 9:00 AM – 5:00 PM
Sunday: 9:00 AM – 1:00 PM",,,,,,,,,,,,,,,,,,,,,,,,,,,,,
886,Ohana Pet Hospital of Santa Paula,(805) 946-2308,957 Faulkner Rd # 101,Santa Paula,93060,General Practice,"Tuesday: 8:00 AM – 6:00 PM
Wednesday: 8:00 AM – 6:00 PM
Thursday: 8:00 AM – 6:00 PM
Friday: 8:00 AM – 6:00 PM
Saturday: 8:00 AM – 6:00 PM
Sunday: 8:00 AM – 5:00 PM",,,,,,,,,,,,,,,,,,,,,,,,,,,,,
887,Alderbrook Pet Hospital,(707) 542-7387,1533 4th St,Santa Rosa,95404,General Practice,"Monday: 8:30 AM – 5:30 PM
Tuesday: 8:30 AM – 5:30 PM
Wednesday: 8:30 AM – 5:30 PM
Thursday: 8:30 AM – 5:30 PM
Friday: 8:30 AM – 5:30 PM
Saturday: Closed
Sunday: Closed",,,,,,,,,,,,,,,,,,,,,,,,,,,,,
888,All Tails Wagging Veterinary Clinic,(707) 525-9445,4750 Hoen Ave Ste A,Santa Rosa,95405,General Practice,"Monday: 9:00 AM – 5:00 PM
Tuesday: 9:00 AM – 5:00 PM
Wednesday: 9:00 AM – 5:00 PM
Thursday: 9:00 AM – 5:00 PM
Friday: 9:00 AM – 5:00 PM
Saturday: Closed
Sunday: Closed",,,,,,,,,,,,,,,,,,,,,,,,,,,,,
889,Canyon Large Animal Clinic,(707) 792-4335,4901 Sunland Ave,Santa Rosa,95407,General Practice,"Monday: 8:00 AM – 5:00 PM
Tuesday: 8:00 AM – 5:00 PM
Wednesday: 8:00 AM – 5:00 PM
Thursday: 8:00 AM – 5:00 PM
Friday: 8:00 AM – 5:00 PM
Saturday: Closed
Sunday: Closed",,,,,,,,,,,,,,,,,,,,,,,,,,,,,
890,Community Veterinary Clinic,(707) 284-1198,5345 Highway 12 West,Santa Rosa,95407,General Practice,"Monday: 8:00 AM – 6:00 PM
Tuesday: 8:00 AM – 6:00 PM
Wednesday: 8:00 AM – 6:00 PM
Thursday: 8:00 AM – 6:00 PM
Friday: 8:00 AM – 6:00 PM
Saturday: Closed
Sunday: Closed",,,,,,,,,,,,,,,,,,,,,,,,,,,,,
891,Heritage Veterinary Hospital,(707) 576-0764,1425 W Steele Ln,Santa Rosa,95403,General Practice,"Monday: 8:00 AM – 5:30 PM
Tuesday: 8:00 AM – 5:30 PM
Wednesday: 8:00 AM – 5:30 PM
Thursday: 8:00 AM – 5:30 PM
Friday: 8:00 AM – 5:30 PM
Saturday: Closed
Sunday: Closed",,,,,,,,,,,,,,,,,,,,,,,,,,,,,
892,Laguna Veterinary Hospital,(707) 528-1448,5341 CA-12,Santa Rosa,95407,General Practice,"Monday: 8:30 AM – 4:00 PM
Tuesday: 8:30 AM – 4:00 PM
Wednesday: 8:30 AM – 4:00 PM
Thursday: 8:30 AM – 4:00 PM
Friday: 8:30 AM – 4:00 PM
Saturday: Closed
Sunday: Closed",,,,,,,,,,,,,,,,,,,,,,,,,,,,,
893,Lakeside Pet Hospital,(707) 539-3393,4331 Montgomery Dr,Santa Rosa,95405,General Practice,"Monday: 9:00 AM – 6:00 PM
Tuesday: 9:00 AM – 6:00 PM
Wednesday: 9:00 AM – 6:00 PM
Thursday: 9:00 AM – 6:00 PM
Friday: 9:00 AM – 6:00 AM
Saturday: 9:00 AM – 12:00 PM
Sunday: Closed",,,,,,,,,,,,,,,,,,,,,,,,,,,,,
894,Low Cost Spay/Neuter Clinic,(707) 284-3499,5345 Highway 12 West,Santa Rosa,95407,General Practice,"Monday: 9:00 AM – 5:00 PM
Tuesday: 9:00 AM – 5:00 PM
Wednesday: 9:00 AM – 5:00 PM
Thursday: 9:00 AM – 5:00 PM
Friday: 9:00 AM – 5:00 PM
Saturday: Closed
Sunday: Closed",,,,,,,,,,,,,,,,,,,,,,,,,,,,,
895,Montgomery Village Veterinary Clinic,(707) 527-9330,4735 Sonoma Hwy,Santa Rosa,95405,General Practice,"Monday: 9:00 AM – 5:00 PM
Tuesday: 9:00 AM – 5:00 PM
Wednesday: 9:00 AM – 5:00 PM
Thursday: 9:00 AM – 5:00 PM
Friday: 9:00 AM – 5:00 PM
Saturday: Closed
Sunday: Closed",,,,,,,,,,,,,,,,,,,,,,,,,,,,,
896,Northtown Guardian Pet Hospital,(707) 546-6355,3881 Old Redwood Hwy,Santa Rosa,95403,General Practice,"Monday: 7:30 AM – 6:00 PM
Tuesday: 7:30 AM – 6:00 PM
Wednesday: 7:30 AM – 6:00 PM
Thursday: 7:30 AM – 6:00 PM
Friday: 7:30 AM – 6:00 PM
Saturday: 8:00 AM – 5:30 PM
Sunday: Closed",,,,,,,,,,,,,,,,,,,,,,,,,,,,,
897,Redwood Veterinary Clinic,(707) 542-4012,1946 Santa Rosa Ave,Santa Rosa,95407,General Practice,"Monday: 8:00 AM – 6:00 PM
Tuesday: 8:00 AM – 6:00 PM
Wednesday: 8:00 AM – 6:00 PM
Thursday: 8:00 AM – 6:00 PM
Friday: 8:00 AM – 6:00 PM
Saturday: 8:00 AM – 12:00 PM
Sunday: Closed",,,,,,,,,,,,,,,,,,,,,,,,,,,,,
898,Russian River Veterinary Surgical Service,(707) 909-7420,730 Bennett Valley Rd,Santa Rosa,95404,General Practice,"Monday: 7:00 AM – 6:00 PM
Tuesday: 7:00 AM – 6:00 PM
Wednesday: 7:00 AM – 6:00 PM
Thursday: Closed
Friday: Closed
Saturday: Closed
Sunday: Closed",,,,,,,,,,,,,,,,,,,,,,,,,,,,,
899,Santa Rosa Veterinary Hospital,(707) 890-6082,2002 4th St,Santa Rosa,95404,General Practice,"Monday: 8:00 AM – 6:00 PM
Tuesday: 8:00 AM – 6:00 PM
Wednesday: 8:00 AM – 6:00 PM
Thursday: 8:00 AM – 6:00 PM
Friday: 8:00 AM – 6:00 PM
Saturday: Closed
Sunday: Closed",,,,,,,,,,,,,,,,,,,,,,,,,,,,,
900,VCA Devotion Animal Hospital,(707) 546-1277,4382 Occidental Rd,Santa Rosa,95401,General Practice,"Tuesday: 8:00 AM – 6:00 PM
Wednesday: 8:00 AM – 6:00 PM
Thursday: 8:00 AM – 6:00 PM
Friday: 8:00 AM – 6:00 PM
Saturday: 8:00 AM – 6:00 PM",,,,,,,,,,,,,,,,,,,,,,,,,,,,,
901,VCA PetCare East Veterinary Hospital,(707) 579-3900,2425 Mendocino Ave,Santa Rosa,95403,General Practice,"Monday: Open 24 hours
Tuesday: Open 24 hours
Wednesday: Open 24 hours
Thursday: Open 24 hours
Friday: Open 24 hours
Saturday: Open 24 hours
Sunday: Open 24 hours",,,,,,,,,,,,,,,,,,,,,,,,,,,,,
902,VCA PetCare West Veterinary Hospital,(707) 579-5900,1370 Fulton Rd,Santa Rosa,95401,General Practice,"Monday: 7:00 AM – 6:00 PM
Tuesday: 7:00 AM – 6:00 PM
Wednesday: 7:00 AM – 6:00 PM
Thursday: 7:00 AM – 6:00 PM
Friday: 7:00 AM – 6:00 PM
Saturday: 8:00 AM – 6:00 PM
Sunday: Closed",,,,,,,,,,,,,,,,,,,,,,,,,,,,,
903,VCA Sequoia Valley Animal Hospital,(707) 545-7387,604 Elsa Dr,Santa Rosa,95407,General Practice,"Monday: 8:00 AM – 6:00 PM
Tuesday: 8:00 AM – 6:00 PM
Wednesday: 8:00 AM – 6:00 PM
Thursday: 8:00 AM – 6:00 PM
Friday: 8:00 AM – 6:00 PM
Saturday: Closed
Sunday: Closed",,,,,,,,,,,,,,,,,,,,,,,,,,,,,
904,VCA Westside Animal Hospital,(707) 545-1622,900 Fresno Ave,Santa Rosa,95407,General Practice,"Monday: Closed
Tuesday: 8:00 AM – 5:30 PM
Wednesday: 8:00 AM – 5:30 PM
Thursday: 8:00 AM – 5:30 PM
Friday: 8:00 AM – 5:30 PM
Saturday: 8:00 AM – 4:00 PM
Sunday: Closed",,,,,,,,,,,,,,,,,,,,,,,,,,,,,
905,VCA Windsor Animal Hospital,(707) 838-3031,6422 Old Redwood Hwy,Santa Rosa,95403,General Practice,"Monday: 8:00 AM – 6:00 PM
Tuesday: 8:00 AM – 6:00 PM
Wednesday: 8:00 AM – 6:00 PM
Thursday: 8:00 AM – 6:00 PM
Friday: 8:00 AM – 6:00 PM
Saturday: 8:00 AM – 6:00 PM
Sunday: Closed",,,,,,,,,,,,,,,,,,,,,,,,,,,,,
906,Veterinary Medical Center of Santa Rosa,(707) 584-8273,4122 S Moorland Ave,Santa Rosa,95407,General Practice,"Monday: 9:00 AM – 5:00 PM
Tuesday: 9:00 AM – 6:00 PM
Wednesday: 9:00 AM – 6:00 PM
Thursday: 9:00 AM – 6:00 PM
Friday: 9:00 AM – 6:00 PM
Saturday: 9:00 AM – 4:30 PM
Sunday: Closed",,,,,,,,,,,,,,,,,,,,,,,,,,,,,
907,Wikiup Veterinary Hospital,(707) 573-8252,130 Wikiup Dr,Santa Rosa,95403,General Practice,"Monday: 8:00 AM – 5:30 PM
Tuesday: 8:00 AM – 5:30 PM
Wednesday: 8:00 AM – 5:30 PM
Thursday: 8:00 AM – 5:30 PM
Friday: 8:00 AM – 5:30 PM
Saturday: Closed
Sunday: Closed",,,,,,,,,,,,,,,,,,,,,,,,,,,,,
908,Wise & Wonderful Integrative Veterinary Center,(707) 546-4646,2210 County Center Dr,Santa Rosa,95403,General Practice,"Monday: 8:00 AM – 6:00 PM
Tuesday: 8:00 AM – 6:00 PM
Wednesday: 8:00 AM – 6:00 PM
Thursday: 8:00 AM – 6:00 PM
Friday: 9:00 AM – 1:00 PM
Saturday: Closed
Sunday: Closed",,,,,,,,,,,,,,,,,,,,,,,,,,,,,
909,Apex Veterinary Specialists,(408) 214-1597,19100 Cox Ave,Saratoga,95070,General Practice,"Tuesday: 8:00 AM – 5:00 PM
Wednesday: 8:00 AM – 5:00 PM
Thursday: 8:00 AM – 5:00 PM
Friday: 8:00 AM – 5:00 PM",,,,,,,,,,,,,,,,,,,,,,,,,,,,,
910,Reed Animal Hospital Saratoga,(408) 647-2906,12840 Saratoga Sunnyvale Rd # 600,Saratoga,95070,General Practice,"Monday: 8:00 AM – 5:00 PM
Tuesday: 8:00 AM – 7:00 PM
Wednesday: 8:00 AM – 7:00 PM
Thursday: 8:00 AM – 7:00 PM
Friday: 8:00 AM – 7:00 PM
Saturday: 8:00 AM – 7:00 PM
Sunday: 8:00 AM – 5:00 PM",,,,,,,,,,,,,,,,,,,,,,,,,,,,,
911,Saratoga Veterinary Hospital,(408) 252-5252,12297 Saratoga Sunnyvale Rd #100,Saratoga,95070,General Practice,"Tuesday: 8:00 AM – 6:00 PM
Wednesday: 8:00 AM – 6:00 PM
Thursday: 8:00 AM – 6:00 PM
Friday: 8:00 AM – 6:00 PM
Saturday: 8:00 AM – 6:00 PM",,,,,,,,,,,,,,,,,,,,,,,,,,,,,
912,Marin City Animal Hospital,(415) 855-0504,160 Donahue St Suite I,Sausalito,94965,General Practice,"Monday: 8:00 AM – 7:00 PM
Tuesday: 8:00 AM – 7:00 PM
Wednesday: 8:00 AM – 7:00 PM
Thursday: 8:00 AM – 7:00 PM
Friday: 8:00 AM – 7:00 PM
Saturday: 8:00 AM – 4:00 PM
Sunday: 8:00 AM – 4:00 PM",,,,,,,,,,,,,,,,,,,,,,,,,,,,,
913,Sausalito Animal Hospital: Deiter Raymond L DVM,(415) 332-2212,1309 Bridgeway,Sausalito,94965,General Practice,"Monday: Closed
Tuesday: 8:00 AM – 5:00 PM
Wednesday: 8:00 AM – 5:00 PM
Thursday: 8:00 AM – 5:00 PM
Friday: 9:00 AM – 4:00 PM
Saturday: 8:00 AM – 1:00 PM
Sunday: Closed",,,,,,,,,,,,,,,,,,,,,,,,,,,,,
914,Analy Veterinary Hospital,(707) 823-7614,900 Gravenstein Hwy N,Sebastopol,95472,General Practice,"Monday: 8:00 AM – 5:30 PM
Tuesday: 8:00 AM – 5:30 PM
Wednesday: 8:00 AM – 5:30 PM
Thursday: 8:00 AM – 5:30 PM
Friday: 8:00 AM – 5:30 PM
Saturday: Closed
Sunday: Closed",,,,,,,,,,,,,,,,,,,,,,,,,,,,,
915,Animal Hospital of Sebastopol,(707) 917-7793,1010 CA-116,Sebastopol,95472,General Practice,"Monday: 7:30 AM – 6:00 PM
Tuesday: 7:30 AM – 6:00 PM
Wednesday: 7:30 AM – 6:00 PM
Thursday: 7:30 AM – 6:00 PM
Friday: 7:30 AM – 6:00 PM
Saturday: 8:00 AM – 4:00 PM
Sunday: Closed",,,,,,,,,,,,,,,,,,,,,,,,,,,,,
916,"Animal Hospital of Sebastopol: Dr. Nicole Canon, DVM",(707) 823-3250,1010 Gravenstein Hwy S,Sebastopol,95472,General Practice,"Monday: 7:30 AM – 6:00 PM
Tuesday: 7:30 AM – 6:00 PM
Wednesday: 7:30 AM – 6:00 PM
Thursday: 7:30 AM – 6:00 PM
Friday: 7:30 AM – 6:00 PM
Saturday: 8:00 AM – 4:00 PM
Sunday: Closed",,,,,,,,,,,,,,,,,,,,,,,,,,,,,
917,Animal Kingdom Veterinary Hospital,(707) 823-5337,6742 Sebastopol Ave,Sebastopol,95472,General Practice,"Monday: 8:00 AM – 5:30 PM
Tuesday: 8:00 AM – 5:30 PM
Wednesday: 8:00 AM – 5:30 PM
Thursday: 8:00 AM – 5:30 PM
Friday: 8:00 AM – 5:30 PM
Saturday: Closed
Sunday: Closed",,,,,,,,,,,,,,,,,,,,,,,,,,,,,
918,Gold Coast Equine,(707) 779-8129,4175 Hessel Rd,Sebastopol,95472,General Practice,"Monday: 9:00 AM – 5:00 PM
Tuesday: 9:00 AM – 5:00 PM
Wednesday: 9:00 AM – 5:00 PM
Thursday: 9:00 AM – 5:00 PM
Friday: 9:00 AM – 5:00 PM
Saturday: Closed
Sunday: Closed",,,,,,,,,,,,,,,,,,,,,,,,,,,,,
919,VCA Forestville Animal Hospital,(707) 887-2261,5033 CA-116,Sebastopol,95472,General Practice,"Monday: 8:00 AM – 6:00 PM
Tuesday: 8:00 AM – 6:00 PM
Wednesday: 8:00 AM – 6:00 PM
Thursday: 8:00 AM – 6:00 PM
Friday: 8:00 AM – 6:00 PM
Saturday: 8:00 AM – 6:00 PM
Sunday: Closed",,,,,,,,,,,,,,,,,,,,,,,,,,,,,
920,Shasta Lake Veterinary Clinic,(530) 275-8871,4522 Shasta Dam Blvd,Shasta Lake,96019,General Practice,"Tuesday: 8:00 AM – 12:30 PM
Tuesday: 1:30 PM – 5:00 PM
Wednesday: 8:00 AM – 12:30 PM
Wednesday: 1:30 PM – 5:00 PM
Thursday: 8:00 AM – 12:30 PM
Thursday: 1:30 PM – 5:00 PM
Friday: 8:00 AM – 12:30 PM
Friday: 1:30 PM – 5:00 PM
Saturday: 8:00 AM – 12:30 PM
Saturday: 1:30 PM – 5:00 PM",,,,,,,,,,,,,,,,,,,,,,,,,,,,,
921,Shingle Springs Veterinary Clinic,(530) 677-0390,4211 Sunset Ln Ste 101,Shingle Springs,95682,General Practice,"Monday: 12:00 AM – 10:00 PM
Tuesday: 12:00 AM – 10:00 PM
Wednesday: 12:00 AM – 10:00 PM
Thursday: 12:00 AM – 10:00 PM
Friday: 12:00 AM – 10:00 PM
Saturday: 12:00 AM – 10:00 PM
Sunday: 12:00 AM – 10:00 PM",,,,,,,,,,,,,,,,,,,,,,,,,,,,,
922,Shingletown Animal Clinic,(530) 420-3822,7355 Black Butte Rd Bldg. #3,Shingletown,96088,General Practice,"Tuesday: 7:30 AM – 6:00 PM
Wednesday: 7:30 AM – 6:00 PM
Thursday: 7:30 AM – 6:00 PM
Friday: 7:30 AM – 6:00 PM
Saturday: 7:30 AM – 6:00 PM
Sunday: 8:00 AM – 2:00 PM",,,,,,,,,,,,,,,,,,,,,,,,,,,,,
923,Free Animal Doctor,(626) 325-6296,70 E Montecito Ave,Sierra Madre,91024,General Practice,"Tuesday: 9:00 AM – 5:00 PM
Wednesday: 9:00 AM – 5:00 PM
Thursday: 9:00 AM – 5:00 PM
Friday: 9:00 AM – 5:00 PM
Saturday: 9:00 AM – 5:00 PM",,,,,,,,,,,,,,,,,,,,,,,,,,,,,
924,Humphrey Giacopuzzi & Associates Equine Hospital,(805) 386-4291,4774 Donlon Rd,Somis,93066,General Practice,Monday: Open 24 hours,,,,,,,,,,,,,,,,,,,,,,,,,,,,,
925,Somis Veterinary Hospital,(805) 386-4143,5375 Bell St,Somis,93066,General Practice,"Tuesday: 8:00 AM – 2:00 PM
Wednesday: 8:00 AM – 2:00 PM
Friday: 8:00 AM – 2:00 PM
Saturday: 8:00 AM – 2:00 PM
Sunday: 9:00 AM – 11:00 AM",,,,,,,,,,,,,,,,,,,,,,,,,,,,,
926,Alta Equine,(707) 593-6336,579 1st St W,Sonoma,95476,General Practice,"Tuesday: 9:00 AM – 5:00 PM
Wednesday: 9:00 AM – 5:00 PM
Thursday: 9:00 AM – 5:00 PM
Friday: 9:00 AM – 5:00 PM
Saturday: 9:00 AM – 5:00 PM",,,,,,,,,,,,,,,,,,,,,,,,,,,,,
927,Arroyo Veterinary Hospital,(707) 996-1054,18501 CA-12,Sonoma,95476,General Practice,"Tuesday: 8:00 AM – 6:00 PM
Wednesday: 8:00 AM – 6:00 PM
Thursday: 8:00 AM – 6:00 PM
Friday: 8:00 AM – 6:00 PM
Saturday: 8:00 AM – 6:00 PM",,,,,,,,,,,,,,,,,,,,,,,,,,,,,
928,Sonoma Valley Pet Clinic,(707) 938-8198,19275 Arnold Dr,Sonoma,95476,General Practice,"Tuesday: 9:00 AM – 5:00 PM
Wednesday: 9:00 AM – 5:00 PM
Thursday: 9:00 AM – 5:00 PM
Friday: 9:00 AM – 5:00 PM
Saturday: 9:00 AM – 5:00 PM",,,,,,,,,,,,,,,,,,,,,,,,,,,,,
929,Sonoma Veterinary Clinic,(707) 938-4455,21003 Broadway,Sonoma,95476,General Practice,"Tuesday: 9:00 AM – 12:00 PM
Tuesday: 2:00 PM – 5:30 PM
Wednesday: 9:00 AM – 12:00 PM
Wednesday: 2:00 PM – 5:30 PM
Thursday: 9:00 AM – 12:00 PM
Thursday: 2:00 PM – 5:30 PM
Friday: 9:00 AM – 12:00 PM
Friday: 2:00 PM – 5:30 PM
Saturday: 9:00 AM – 12:00 PM
Saturday: 2:00 PM – 5:30 PM",,,,,,,,,,,,,,,,,,,,,,,,,,,,,
930,Valley of the Moon Vet Hospital,(707) 939-9957,975 Boyes Blvd,Sonoma,95476,General Practice,"Monday: 8:00 AM – 5:00 PM
Tuesday: 8:00 AM – 5:00 PM
Wednesday: 8:00 AM – 5:00 PM
Thursday: 8:00 AM – 5:00 PM
Friday: 8:00 AM – 5:00 PM
Saturday: Closed
Sunday: Closed",,,,,,,,,,,,,,,,,,,,,,,,,,,,,
931,VCA TLC Pasadena Veterinary Specialty and Emergency,(626) 441-8555,1412 Huntington Dr,South Pasadena,91030,General Practice,Monday: Open 24 hours,,,,,,,,,,,,,,,,,,,,,,,,,,,,,
932,Vet Villa Animal Hospital,(626) 799-5900,2140 Huntington Dr,South Pasadena,91030,General Practice,"Tuesday: 8:00 AM – 6:00 PM
Wednesday: 8:00 AM – 6:00 PM
Thursday: 8:00 AM – 6:00 PM
Friday: 8:00 AM – 6:00 PM
Saturday: 8:00 AM – 6:00 PM
Sunday: 8:00 AM – 6:00 PM",,,,,,,,,,,,,,,,,,,,,,,,,,,,,
933,Animal Surgical Center of South San Francisco,(415) 609-4403,135 S Spruce Ave,South San Francisco,94080,General Practice,,,,,,,,,,,,,,,,,,,,,,,,,,,,,,
934,Westborough Pet Hospital,(650) 588-1195,45 Chestnut Ave,South San Francisco,94080,General Practice,"Monday: 8:00 AM – 6:00 PM
Tuesday: 8:00 AM – 6:00 PM
Wednesday: 8:00 AM – 6:00 PM
Thursday: 8:00 AM – 6:00 PM
Friday: 8:00 AM – 6:00 PM
Saturday: 8:00 AM – 2:00 PM
Sunday: Closed",,,,,,,,,,,,,,,,,,,,,,,,,,,,,
935,Carmen & Sophie,(707) 963-2673,1314 Spring St,St. Helena,94574,General Practice,,,,,,,,,,,,,,,,,,,,,,,,,,,,,,
936,St Helena Veterinary Hospital,(707) 963-3094,584 Main St,St. Helena,94574,General Practice,"Monday: 9:00 AM – 5:00 PM
Tuesday: 7:30 AM – 5:00 PM
Wednesday: 9:00 AM – 5:00 PM
Thursday: 7:30 AM – 5:00 PM
Friday: 9:00 AM – 5:00 PM
Saturday: Closed
Sunday: Closed",,,,,,,,,,,,,,,,,,,,,,,,,,,,,
937,Upper Valley Animal Clinic,(707) 963-7161,1161 Ehlers Ln,St. Helena,94574,General Practice,"Monday: 8:30 AM – 5:30 PM
Tuesday: 8:30 AM – 5:30 PM
Wednesday: 8:30 AM – 5:30 PM
Thursday: 8:30 AM – 5:30 PM
Friday: 8:30 AM – 5:30 PM
Saturday: 8:30 AM – 1:00 PM
Sunday: Closed",,,,,,,,,,,,,,,,,,,,,,,,,,,,,
938,Stevenson Ranch Veterinary Center,(661) 799-0655,25832 Hemingway Ave,Stevenson Ranch,91381,General Practice,"Tuesday: 8:00 AM – 6:00 PM
Wednesday: 8:00 AM – 6:00 PM
Thursday: 8:00 AM – 6:00 PM
Friday: 8:00 AM – 6:00 PM
Saturday: 8:00 AM – 6:00 PM",,,,,,,,,,,,,,,,,,,,,,,,,,,,,
939,The Old Road Veterinary Center,(661) 347-1000,25269 The Old Rd #G,Stevenson Ranch,91381,General Practice,"Tuesday: 9:00 AM – 6:00 PM
Wednesday: 9:00 AM – 6:00 PM
Friday: 9:00 AM – 6:00 PM
Saturday: 9:00 AM – 6:00 PM
Sunday: 9:00 AM – 2:00 PM",,,,,,,,,,,,,,,,,,,,,,,,,,,,,
940,Loving Kindness Veterinary Clinic,(415) 868-9090,3615 Shoreline Hwy,Stinson Beach,94970,General Practice,,,,,,,,,,,,,,,,,,,,,,,,,,,,,,
941,ACT Spay/Neuter Clinic,(209) 462-7729,327 E Alpine Ave,Stockton,95204,General Practice,"Tuesday: 8:00 AM – 5:00 PM
Wednesday: 8:00 AM – 5:00 PM
Thursday: 8:00 AM – 5:00 PM
Friday: 8:00 AM – 5:00 PM
Saturday: 8:00 AM – 5:00 PM",,,,,,,,,,,,,,,,,,,,,,,,,,,,,
942,All Creatures Veterinary Emergency Clinic | Stockton,(209) 472-7387,7707 West Ln A,Stockton,95210,General Practice,"Tuesday: 6:00 PM – 8:00 AM
Wednesday: 6:00 PM – 8:00 AM
Thursday: 6:00 PM – 8:00 AM
Friday: 6:00 PM – 8:00 AM
Saturday: 6:00 PM – 12:00 AM",,,,,,,,,,,,,,,,,,,,,,,,,,,,,
943,Animal Care Clinic Stockton,(209) 844-7387,7575 Pacific Ave,Stockton,95207,General Practice,"Tuesday: 8:00 AM – 1:30 PM
Tuesday: 3:00 PM – 6:30 PM
Wednesday: 8:00 AM – 1:30 PM
Wednesday: 3:00 PM – 6:30 PM
Thursday: 8:00 AM – 1:30 PM
Thursday: 3:00 PM – 6:00 PM
Friday: 8:00 AM – 1:30 PM
Friday: 3:00 PM – 6:30 PM
Saturday: 8:00 AM – 1:30 PM
Saturday: 3:00 PM – 6:00 PM
Sunday: 8:00 AM – 1:00 PM
Sunday: 2:30 PM – 6:00 PM",,,,,,,,,,,,,,,,,,,,,,,,,,,,,
944,Bear Creek Veterinary Hospital,(209) 951-8911,9317 Thornton Rd,Stockton,95209,General Practice,"Tuesday: 8:00 AM – 5:00 PM
Wednesday: 8:00 AM – 5:00 PM
Thursday: 8:00 AM – 5:00 PM
Friday: 8:00 AM – 5:00 PM
Saturday: 8:00 AM – 5:00 PM",,,,,,,,,,,,,,,,,,,,,,,,,,,,,
945,California Dog & Cat Hospital,(209) 465-5726,848 S California St,Stockton,95206,General Practice,"Tuesday: 9:00 AM – 5:00 PM
Wednesday: 9:00 AM – 5:00 PM
Friday: 9:00 AM – 5:00 PM
Saturday: 9:00 AM – 5:00 PM",,,,,,,,,,,,,,,,,,,,,,,,,,,,,
946,Fremont Animal Clinic,(209) 465-7291,2223 E Fremont St,Stockton,95205,General Practice,"Tuesday: 8:00 AM – 6:00 PM
Wednesday: 8:00 AM – 6:00 PM
Thursday: 8:00 AM – 6:00 PM
Friday: 8:00 AM – 6:00 PM
Saturday: 8:00 AM – 6:00 PM
Sunday: 9:00 AM – 6:00 PM",,,,,,,,,,,,,,,,,,,,,,,,,,,,,
947,Geisert Animal Hospital,(209) 464-8379,1827 S El Dorado St,Stockton,95206,General Practice,"Monday: 8:30 AM – 6:00 PM
Wednesday: 8:30 AM – 6:00 PM
Thursday: 8:30 AM – 6:00 PM
Friday: 8:30 AM – 6:00 PM
Saturday: 8:30 AM – 6:00 PM
Sunday: 8:30 AM – 6:00 PM",,,,,,,,,,,,,,,,,,,,,,,,,,,,,
948,Hammer Lane Veterinary Hospital,(209) 354-8387,3158 E Hammer Ln,Stockton,95212,General Practice,"Monday: 9:00 AM – 7:00 PM
Tuesday: 7:00 AM – 7:00 PM
Wednesday: 7:00 AM – 7:00 PM
Thursday: 7:00 AM – 7:00 PM
Friday: 7:00 AM – 7:00 PM
Saturday: 7:00 AM – 7:00 PM
Sunday: 8:00 AM – 7:00 PM",,,,,,,,,,,,,,,,,,,,,,,,,,,,,
949,Hardin Animal Hospital,(209) 464-4521,336 E Lafayette St,Stockton,95203,General Practice,"Tuesday: 8:00 AM – 5:00 PM
Wednesday: 8:00 AM – 5:00 PM
Thursday: 8:00 AM – 5:00 PM
Friday: 8:00 AM – 5:00 PM
Saturday: 8:00 AM – 5:00 PM",,,,,,,,,,,,,,,,,,,,,,,,,,,,,
950,Pacific Veterinary Hospital Stockton,(209) 474-2444,6828 Pacific Ave,Stockton,95207,General Practice,"Monday: 8:30 AM – 8:00 PM
Tuesday: 8:30 AM – 8:00 PM
Wednesday: 8:30 AM – 8:00 PM
Thursday: 8:30 AM – 8:00 PM
Friday: 8:30 AM – 8:00 PM
Saturday: 8:30 AM – 8:00 PM
Sunday: 8:30 AM – 8:00 PM",,,,,,,,,,,,,,,,,,,,,,,,,,,,,
951,Sierra Veterinary Hospital,(209) 477-4841,711 W Hammer Ln,Stockton,95210,General Practice,"Tuesday: 7:00 AM – 5:00 PM
Wednesday: 7:00 AM – 5:00 PM
Thursday: 7:00 AM – 5:00 PM
Friday: 7:00 AM – 5:00 PM
Saturday: 7:00 AM – 5:00 PM",,,,,,,,,,,,,,,,,,,,,,,,,,,,,
952,Stockton Animal Wellness & Adoption Center,null,1661 W Fremont St,Stockton,95203,General Practice,,,,,,,,,,,,,,,,,,,,,,,,,,,,,,
953,Venetian Pet Hospital,(209) 682-0240,6610 Gettysburg Pl,Stockton,95207,General Practice,"Tuesday: 8:00 AM – 5:00 PM
Wednesday: 8:00 AM – 9:00 PM
Thursday: 8:00 AM – 9:00 PM
Friday: 8:00 AM – 9:00 PM
Saturday: 8:00 AM – 5:00 PM
Sunday: 8:00 AM – 3:00 PM",,,,,,,,,,,,,,,,,,,,,,,,,,,,,
954,Village Veterinary Hospital,(209) 951-5180,3125 W Benjamin Holt Dr,Stockton,95219,General Practice,"Tuesday: 8:00 AM – 5:30 PM
Wednesday: 8:00 AM – 5:30 PM
Thursday: 8:00 AM – 5:30 PM
Friday: 8:00 AM – 5:30 PM
Saturday: 8:00 AM – 5:30 PM",,,,,,,,,,,,,,,,,,,,,,,,,,,,,
955,Walker Veterinary Hospital,(209) 478-8883,7600 West Ln,Stockton,95210,General Practice,"Tuesday: 7:00 AM – 7:00 PM
Wednesday: 7:00 AM – 7:00 PM
Thursday: 7:00 AM – 7:00 PM
Friday: 7:00 AM – 7:00 PM
Saturday: 7:00 AM – 7:00 PM
Sunday: 8:00 AM – 3:00 PM",,,,,,,,,,,,,,,,,,,,,,,,,,,,,
956,West Lane Pet Hospital,(209) 465-5414,3150 West Ln,Stockton,95204,General Practice,"Tuesday: 8:30 AM – 5:30 PM
Wednesday: 8:30 AM – 5:30 PM
Thursday: 8:30 AM – 5:30 PM
Friday: 8:30 AM – 5:30 PM
Saturday: 8:30 AM – 5:30 PM
Sunday: 9:00 AM – 12:00 PM",,,,,,,,,,,,,,,,,,,,,,,,,,,,,
957,All 4 Paws Veterinary Hospital,(707) 207-4242,141 Sunset Ave Suite G,Suisun City,94585,General Practice,"Monday: 8:00 AM – 6:00 PM
Tuesday: 8:00 AM – 6:00 PM
Wednesday: 8:00 AM – 6:00 PM
Thursday: 8:00 AM – 6:00 PM
Friday: 8:00 AM – 6:00 PM
Saturday: 9:00 AM – 5:00 PM
Sunday: 9:00 AM – 5:00 PM",,,,,,,,,,,,,,,,,,,,,,,,,,,,,
958,Pinnacle Animal Hospital,(707) 426-2924,102 Railroad Ave,Suisun City,94585,General Practice,"Monday: 9:00 AM – 7:00 PM
Tuesday: 9:00 AM – 7:00 PM
Wednesday: 9:00 AM – 7:00 PM
Thursday: 9:00 AM – 7:00 PM
Friday: 9:00 AM – 7:00 PM
Saturday: 9:00 AM – 7:00 PM
Sunday: 9:00 AM – 6:00 PM",,,,,,,,,,,,,,,,,,,,,,,,,,,,,
959,Arroyo Animal Clinic,(408) 241-4450,1211 Sycamore Terrace,Sunnyvale,94086,General Practice,"Monday: Closed
Tuesday: 8:30 AM – 5:30 PM
Wednesday: 8:30 AM – 5:30 PM
Thursday: 8:30 AM – 5:30 PM
Friday: 8:30 AM – 5:30 PM
Saturday: Closed
Sunday: Closed",,,,,,,,,,,,,,,,,,,,,,,,,,,,,
960,Cameron Veterinary Hospital,(408) 733-7501,1285 S Mary Ave,Sunnyvale,94087,General Practice,"Monday: 9:00 AM – 6:00 PM
Tuesday: 9:00 AM – 6:00 PM
Wednesday: 9:00 AM – 6:00 PM
Thursday: 9:00 AM – 6:00 PM
Friday: 9:00 AM – 6:00 PM
Saturday: 9:00 AM – 2:00 PM
Sunday: Closed",,,,,,,,,,,,,,,,,,,,,,,,,,,,,
961,Cherry Chase Pet Hospital,(650) 961-4550,1297 W El Camino Real ste d,Sunnyvale,94087,General Practice,"Monday: 8:30 AM – 6:00 PM
Tuesday: 8:30 AM – 6:00 PM
Wednesday: 8:30 AM – 6:00 PM
Thursday: 8:30 AM – 6:00 PM
Friday: 8:30 AM – 6:00 PM
Saturday: Closed
Sunday: Closed",,,,,,,,,,,,,,,,,,,,,,,,,,,,,
962,ELC Veterinary Clinic,(408) 737-2333,832 E Fremont Ave,Sunnyvale,94087,General Practice,"Monday: 8:00 AM – 6:00 PM
Tuesday: 8:00 AM – 6:00 PM
Wednesday: 8:00 AM – 8:00 PM
Thursday: 8:00 AM – 6:00 PM
Friday: 8:00 AM – 6:00 PM
Saturday: 8:00 AM – 4:00 PM
Sunday: Closed",,,,,,,,,,,,,,,,,,,,,,,,,,,,,
963,Murphy Pet Hospital,(408) 733-7387,241 S Taaffe St #170,Sunnyvale,94086,General Practice,"Monday: 8:00 AM – 6:00 PM
Tuesday: 8:00 AM – 6:00 PM
Wednesday: 8:00 AM – 6:00 PM
Thursday: 8:00 AM – 6:00 PM
Friday: 8:00 AM – 6:00 PM
Saturday: 8:00 AM – 4:00 PM
Sunday: Closed",,,,,,,,,,,,,,,,,,,,,,,,,,,,,
964,Pet's Friend Animal Clinic,(408) 739-2688,158 San Lazaro Ave,Sunnyvale,94086,General Practice,"Monday: 7:30 AM – 6:00 PM
Tuesday: 7:30 AM – 6:00 PM
Wednesday: 7:30 AM – 6:00 PM
Thursday: 7:30 AM – 6:00 PM
Friday: 7:30 AM – 6:00 PM
Saturday: 8:30 AM – 4:00 PM
Sunday: Closed",,,,,,,,,,,,,,,,,,,,,,,,,,,,,
965,Serra Veterinary Hospital,(408) 739-3545,520 W Fremont Ave,Sunnyvale,94087,General Practice,"Monday: 9:00 AM – 7:00 PM
Tuesday: 9:00 AM – 7:00 PM
Wednesday: 9:00 AM – 7:00 PM
Thursday: 9:00 AM – 7:00 PM
Friday: 9:00 AM – 7:00 PM
Saturday: Closed
Sunday: Closed",,,,,,,,,,,,,,,,,,,,,,,,,,,,,
966,Sunnyvale Veterinary Clinic,(408) 736-8296,1036 W El Camino Real,Sunnyvale,94087,General Practice,"Monday: 8:00 AM – 6:00 PM
Tuesday: 8:00 AM – 6:00 PM
Wednesday: 8:00 AM – 6:00 PM
Thursday: 8:00 AM – 6:00 PM
Friday: 8:00 AM – 6:00 PM
Saturday: 8:00 AM – 6:00 PM
Sunday: Closed",,,,,,,,,,,,,,,,,,,,,,,,,,,,,
967,Creekside Veterinary Hospital,(805) 712-1155,1075 Rossi Rd ste a,Templeton,93465,General Practice,"Tuesday: 8:00 AM – 5:30 PM
Wednesday: 8:00 AM – 5:30 PM
Thursday: 8:00 AM – 5:30 PM
Friday: 8:00 AM – 5:30 PM
Saturday: 8:00 AM – 5:30 PM",,,,,,,,,,,,,,,,,,,,,,,,,,,,,
968,Las Tablas Animal Hospital,(805) 369-2222,959 Las Tablas Rd Suite A1,Templeton,93465,General Practice,"Tuesday: 8:00 AM – 5:30 PM
Wednesday: 8:00 AM – 5:30 PM
Thursday: 8:00 AM – 5:30 PM
Friday: 8:00 AM – 5:30 PM
Saturday: 8:00 AM – 5:30 PM
Sunday: 8:00 AM – 5:30 PM",,,,,,,,,,,,,,,,,,,,,,,,,,,,,
969,Main Street Small Animal Hospital,(805) 434-2002,80 S Main St,Templeton,93465,General Practice,"Tuesday: 7:30 AM – 6:00 PM
Wednesday: 7:30 AM – 6:00 PM
Thursday: 7:30 AM – 6:00 PM
Friday: 7:30 AM – 6:00 PM
Saturday: 7:30 AM – 6:00 PM
Sunday: 8:00 AM – 12:00 PM",,,,,,,,,,,,,,,,,,,,,,,,,,,,,
970,Posada Veterinary Hospital and Surgery Center,(805) 776-3353,292 Posada Ln STE D,Templeton,93465,General Practice,"Tuesday: 7:00 AM – 6:00 PM
Wednesday: 7:00 AM – 6:00 PM
Thursday: 7:00 AM – 6:00 PM
Friday: 7:00 AM – 6:00 PM
Saturday: 7:00 AM – 6:00 PM
Sunday: 9:00 AM – 12:00 PM",,,,,,,,,,,,,,,,,,,,,,,,,,,,,
971,Templeton Veterinary Clinic,(805) 434-1115,1485 Eureka Ln,Templeton,93465,General Practice,"Tuesday: 8:00 AM – 5:00 PM
Wednesday: 8:00 AM – 5:00 PM
Thursday: 8:00 AM – 5:00 PM
Friday: 8:00 AM – 5:00 PM
Saturday: 8:00 AM – 5:00 PM
Sunday: 8:00 AM – 12:00 PM",,,,,,,,,,,,,,,,,,,,,,,,,,,,,
972,Animal Samaritans - Thousand Palms Veterinary Clinic,(760) 343-3477,72120 Pet Land Pl,Thousand Palms,92276,General Practice,"Monday: 8:00 AM – 5:00 PM
Tuesday: 8:00 AM – 5:00 PM
Wednesday: 8:00 AM – 5:00 PM
Thursday: 8:00 AM – 5:00 PM
Friday: 8:00 AM – 5:00 PM
Saturday: 8:00 AM – 5:00 PM
Sunday: 8:00 AM – 5:00 PM",,,,,,,,,,,,,,,,,,,,,,,,,,,,,
973,Cross Street Small Animal Veterinary Hospital,(559) 688-0631,400 E Cross Ave,Tulare,93274,General Practice,"Tuesday: 8:00 AM – 5:00 PM
Wednesday: 8:00 AM – 5:00 PM
Thursday: 8:00 AM – 5:00 PM
Friday: 8:00 AM – 5:00 PM
Saturday: 8:00 AM – 5:00 PM",,,,,,,,,,,,,,,,,,,,,,,,,,,,,
974,HMS Veterinary Development,(559) 686-8827,3346 Ave 248,Tulare,93274,General Practice,"Monday: 7:00 AM – 5:00 PM
Tuesday: 7:00 AM – 5:00 PM
Wednesday: 7:00 AM – 5:00 PM
Thursday: 7:00 AM – 5:00 PM
Friday: 7:00 AM – 5:00 PM
Saturday: 7:00 AM – 5:00 PM
Sunday: 7:00 AM – 5:00 PM",,,,,,,,,,,,,,,,,,,,,,,,,,,,,
975,Mid-Valley Equine,(559) 799-8789,"Tulare, CA 93275, USA",Tulare,93275,General Practice,,,,,,,,,,,,,,,,,,,,,,,,,,,,,,
976,"Sequoia Animal Hospital, Inc.",(559) 366-7125,26357 Rd 108,Tulare,93274,General Practice,"Tuesday: 9:00 AM – 5:00 PM
Wednesday: 9:00 AM – 5:00 PM
Thursday: 9:00 AM – 5:00 PM
Friday: 9:00 AM – 5:00 PM
Saturday: 9:00 AM – 5:00 PM",,,,,,,,,,,,,,,,,,,,,,,,,,,,,
977,Tulare Veterinary Hospital,(559) 686-8544,861 N Blackstone St,Tulare,93274,General Practice,"Tuesday: 8:00 AM – 7:00 PM
Wednesday: 7:00 AM – 7:00 PM
Thursday: 6:00 AM – 4:00 PM
Friday: 8:00 AM – 7:00 PM
Saturday: 6:00 AM – 4:00 PM",,,,,,,,,,,,,,,,,,,,,,,,,,,,,
978,Azores Veterinary Practice,(209) 245-7477,11910 Youngstown Rd,Turlock,95380,General Practice,"Tuesday: 7:30 AM – 5:00 PM
Wednesday: 7:30 AM – 5:00 PM
Thursday: 7:30 AM – 5:00 PM
Friday: 7:30 AM – 5:00 PM
Saturday: 7:30 AM – 5:00 PM",,,,,,,,,,,,,,,,,,,,,,,,,,,,,
979,Canal Veterinary Hospital,(209) 668-1807,2040 E Canal Dr,Turlock,95380,General Practice,"Tuesday: 8:00 AM – 5:00 PM
Wednesday: 8:00 AM – 5:00 PM
Thursday: 9:30 AM – 5:00 PM
Friday: 8:00 AM – 5:00 PM
Saturday: 8:00 AM – 5:00 PM
Sunday: 8:00 AM – 12:00 PM",,,,,,,,,,,,,,,,,,,,,,,,,,,,,
980,Lander Veterinary Clinic,(209) 634-5801,4512 S Walnut Rd,Turlock,95380,General Practice,"Tuesday: 7:30 AM – 5:00 PM
Wednesday: 7:30 AM – 5:00 PM
Thursday: 7:30 AM – 5:00 PM
Friday: 7:30 AM – 5:00 PM
Saturday: 7:30 AM – 5:00 PM",,,,,,,,,,,,,,,,,,,,,,,,,,,,,
981,Mid Valley Large Animal Services,(209) 669-9864,4509 W Taylor Rd,Turlock,95380,General Practice,"Tuesday: 7:00 AM – 5:30 PM
Wednesday: 7:00 AM – 5:30 PM
Thursday: 7:00 AM – 5:30 PM
Friday: 7:00 AM – 5:30 PM
Saturday: 7:00 AM – 5:30 PM",,,,,,,,,,,,,,,,,,,,,,,,,,,,,
982,Monte Vista Small Animal Hospital,(209) 634-0023,901 E Monte Vista Ave,Turlock,95382,General Practice,"Monday: 8:00 AM – 6:00 PM
Tuesday: 7:00 AM – 7:00 PM
Wednesday: 7:00 AM – 7:00 PM
Thursday: 7:00 AM – 7:00 PM
Friday: 7:00 AM – 7:00 PM
Saturday: 7:00 AM – 6:00 PM
Sunday: 8:00 AM – 6:00 PM",,,,,,,,,,,,,,,,,,,,,,,,,,,,,
983,Taylor Veterinary Emergency,(209) 669-8600,1231 W Taylor Rd,Turlock,95382,General Practice,Monday: Open 24 hours,,,,,,,,,,,,,,,,,,,,,,,,,,,,,
984,Turlock Spay & Neuter Clinic,(209) 634-5665,351 N Walnut Rd Unit 15,Turlock,95380,General Practice,"Tuesday: 9:00 AM – 5:00 PM
Wednesday: 9:00 AM – 5:00 PM
Thursday: 9:00 AM – 5:00 PM
Friday: 9:00 AM – 5:00 PM",,,,,,,,,,,,,,,,,,,,,,,,,,,,,
985,UNI Pet Clinic - Union City,(510) 477-8887,32280 Alvarado Blvd,Union City,94587,General Practice,"Tuesday: 9:00 AM – 6:00 PM
Wednesday: 9:00 AM – 6:00 PM
Thursday: 9:00 AM – 6:00 PM
Friday: 9:00 AM – 6:00 PM
Saturday: 9:00 AM – 6:00 PM",,,,,,,,,,,,,,,,,,,,,,,,,,,,,
986,VCA All About Pets Animal Hospital,(510) 475-7387,34664 Alvarado-Niles Rd,Union City,94587,General Practice,"Tuesday: 8:00 AM – 7:00 PM
Wednesday: 8:00 AM – 7:00 PM
Thursday: 8:00 AM – 7:00 PM
Friday: 8:00 AM – 7:00 PM
Saturday: 8:00 AM – 7:00 PM
Sunday: 8:00 AM – 7:00 PM",,,,,,,,,,,,,,,,,,,,,,,,,,,,,
987,Veterinary Medical Center Union City,(510) 441-8500,33663 Mission Blvd,Union City,94587,General Practice,"Tuesday: 9:00 AM – 5:00 PM
Wednesday: 8:00 AM – 7:00 PM
Thursday: 8:00 AM – 7:00 PM
Friday: 8:00 AM – 7:00 PM
Saturday: 8:00 AM – 7:00 PM
Sunday: 8:00 AM – 7:00 PM",,,,,,,,,,,,,,,,,,,,,,,,,,,,,
988,Animal Ophthalmology Services,(707) 449-8093,825 Davis St A,Vacaville,95687,General Practice,"Tuesday: 8:00 AM – 5:00 PM
Wednesday: 8:00 AM – 5:00 PM
Thursday: 8:00 AM – 5:00 PM
Friday: 8:00 AM – 4:00 PM
Saturday: 8:00 AM – 12:00 PM",,,,,,,,,,,,,,,,,,,,,,,,,,,,,
989,Family Pet Hospital,(707) 448-1648,500 Elmira Rd F,Vacaville,95687,General Practice,"Tuesday: 8:30 AM – 5:30 PM
Wednesday: 8:30 AM – 5:30 PM
Thursday: 8:30 AM – 5:30 PM
Friday: 8:30 AM – 5:30 PM
Saturday: 8:30 AM – 5:30 PM",,,,,,,,,,,,,,,,,,,,,,,,,,,,,
990,Happy Tails Animal Hospital,(707) 635-6170,617 Elmira Rd,Vacaville,95687,General Practice,"Tuesday: 8:00 AM – 6:00 PM
Wednesday: 8:00 AM – 8:00 PM
Thursday: 8:00 AM – 8:00 PM
Friday: 8:00 AM – 8:00 PM
Saturday: 8:00 AM – 6:00 PM",,,,,,,,,,,,,,,,,,,,,,,,,,,,,
991,Oak Animal Hospital,(707) 447-5044,2020 Peabody Rd Suite 200,Vacaville,95687,General Practice,"Tuesday: 8:00 AM – 6:00 PM
Wednesday: 8:00 AM – 6:00 PM
Thursday: 8:00 AM – 6:00 PM
Friday: 8:00 AM – 6:00 PM
Saturday: 8:00 AM – 6:00 PM",,,,,,,,,,,,,,,,,,,,,,,,,,,,,
992,Pawsh Place | Veterinary Center & Boutique,(707) 451-0571,218 Dobbins St,Vacaville,95688,General Practice,"Tuesday: 8:00 AM – 6:00 PM
Wednesday: 8:00 AM – 6:00 PM
Thursday: 8:00 AM – 6:00 PM
Friday: 8:00 AM – 6:00 PM
Saturday: 8:00 AM – 6:00 PM
Sunday: 8:00 AM – 6:00 PM",,,,,,,,,,,,,,,,,,,,,,,,,,,,,
993,Vaca Valley Veterinary Hospital,(707) 446-0466,851 Alamo Dr,Vacaville,95688,General Practice,"Tuesday: 8:00 AM – 5:00 PM
Wednesday: 8:00 AM – 5:00 PM
Thursday: 8:00 AM – 5:00 PM
Friday: 8:00 AM – 5:00 PM
Saturday: 8:00 AM – 5:00 PM",,,,,,,,,,,,,,,,,,,,,,,,,,,,,
994,Vacaville Animal Care Center,(707) 448-6275,201 Bella Vista Rd,Vacaville,95687,General Practice,"Tuesday: 8:00 AM – 5:00 PM
Wednesday: 8:00 AM – 5:00 PM
Thursday: 8:00 AM – 5:00 PM
Friday: 8:00 AM – 5:00 PM
Saturday: 8:00 AM – 5:00 PM",,,,,,,,,,,,,,,,,,,,,,,,,,,,,
995,"Vacaville Pet Vet Clinic, Inc.",(707) 455-8383,1909 Peabody Rd APT 1,Vacaville,95687,General Practice,"Tuesday: 9:00 AM – 7:00 PM
Wednesday: 9:00 AM – 7:00 PM
Thursday: 9:00 AM – 7:00 PM
Friday: 9:00 AM – 7:00 PM
Saturday: 9:00 AM – 7:00 PM
Sunday: 9:00 AM – 12:30 PM",,,,,,,,,,,,,,,,,,,,,,,,,,,,,
996,Animal Advocates Veterinary Hospital,(707) 552-1947,3899 Sonoma Blvd,Vallejo,94589,General Practice,"Monday: 9:00 AM – 5:00 PM
Tuesday: 9:00 AM – 5:00 PM
Wednesday: 9:00 AM – 5:00 PM
Thursday: 9:00 AM – 5:00 PM
Friday: 9:00 AM – 5:00 PM
Saturday: 8:30 AM – 3:30 PM
Sunday: Closed",,,,,,,,,,,,,,,,,,,,,,,,,,,,,
997,Bayside Veterinary Hospital,(707) 553-8363,235 Tennessee St,Vallejo,94590,General Practice,"Monday: 8:00 AM – 4:00 PM
Tuesday: 8:00 AM – 4:00 PM
Wednesday: 8:00 AM – 4:00 PM
Thursday: 8:00 AM – 4:00 PM
Friday: 8:00 AM – 4:00 PM
Saturday: Closed
Sunday: Closed",,,,,,,,,,,,,,,,,,,,,,,,,,,,,
998,Broadway Pet Hospital,(707) 642-0633,1000 Broadway,Vallejo,94590,General Practice,"Monday: 8:00 AM – 6:00 PM
Tuesday: 8:00 AM – 6:00 PM
Wednesday: 8:00 AM – 6:00 PM
Thursday: 8:00 AM – 6:00 PM
Friday: 8:00 AM – 6:00 PM
Saturday: 8:00 AM – 2:00 PM
Sunday: Closed",,,,,,,,,,,,,,,,,,,,,,,,,,,,,
999,"Dr. Jeannie Grijalva, DVM - Veterinarian",(855) 373-8824,113 Muller St,Vallejo,94590,General Practice,"Monday: 8:00 AM – 10:00 PM
Tuesday: 8:00 AM – 10:00 PM
Wednesday: 8:00 AM – 10:00 PM
Thursday: 8:00 AM – 10:00 PM
Friday: 8:00 AM – 10:00 PM
Saturday: 8:00 AM – 10:00 PM
Sunday: 8:00 AM – 10:00 PM",,,,,,,,,,,,,,,,,,,,,,,,,,,,,
1000,New All Creatures Veterinary Hospital,(707) 666-0147,509 Benicia Rd,Vallejo,94590,General Practice,"Monday: 9:00 AM – 7:00 PM
Tuesday: 9:00 AM – 7:00 PM
Wednesday: 9:00 AM – 7:00 PM
Thursday: 9:00 AM – 7:00 PM
Friday: 9:00 AM – 7:00 PM
Saturday: Closed
Sunday: Closed",,,,,,,,,,,,,,,,,,,,,,,,,,,,,
1001,Redwood Veterinary Hospital,(707) 553-1400,731 Admiral Callaghan Ln,Vallejo,94591,General Practice,"Monday: 8:00 AM – 5:30 PM
Tuesday: 8:00 AM – 5:30 PM
Wednesday: 8:00 AM – 5:30 PM
Thursday: 8:00 AM – 5:30 PM
Friday: 8:00 AM – 5:30 PM
Saturday: Closed
Sunday: Closed",,,,,,,,,,,,,,,,,,,,,,,,,,,,,
1002,Springs Veterinary Clinic,(707) 552-4811,1912 Springs Rd,Vallejo,94591,General Practice,"Monday: 9:00 AM – 1:00 PM, 3:00 – 5:00 PM
Tuesday: 9:00 AM – 1:00 PM, 3:00 – 5:00 PM
Wednesday: 9:00 AM – 1:00 PM, 3:00 – 5:00 PM
Thursday: Closed
Friday: 9:00 AM – 1:00 PM, 3:00 – 5:00 PM
Saturday: 9:00 AM – 12:00 PM
Sunday: Closed",,,,,,,,,,,,,,,,,,,,,,,,,,,,,
1003,A Cat's View Veterinary,(760) 749-0099,29115 Valley Center Rd suite a&b,Valley Center,92082,General Practice,"Tuesday: 8:00 AM – 6:00 PM
Wednesday: 8:00 AM – 6:00 PM
Thursday: 8:00 AM – 6:00 PM
Friday: 8:00 AM – 6:00 PM
Saturday: 8:00 AM – 6:00 PM
Sunday: 9:00 AM – 3:00 PM",,,,,,,,,,,,,,,,,,,,,,,,,,,,,
1004,Countryside Veterinary Hospital,(760) 749-3656,29209 Cole Grade Rd,Valley Center,92082,General Practice,"Tuesday: 7:30 AM – 6:00 PM
Wednesday: 7:30 AM – 6:00 PM
Thursday: 7:30 AM – 6:00 PM
Friday: 7:30 AM – 6:00 PM
Saturday: 7:30 AM – 6:00 PM
Sunday: 7:30 AM – 6:00 PM",,,,,,,,,,,,,,,,,,,,,,,,,,,,,
1005,Valley Center Veterinary Clinic,(760) 749-0560,14219 Cool Valley Rd,Valley Center,92082,General Practice,"Tuesday: 8:00 AM – 6:00 PM
Wednesday: 8:00 AM – 6:00 PM
Thursday: 8:00 AM – 6:00 PM
Friday: 8:00 AM – 6:00 PM
Saturday: 8:00 AM – 6:00 PM
Sunday: 8:00 AM – 4:00 PM",,,,,,,,,,,,,,,,,,,,,,,,,,,,,
1006,Sky Vet Supply,(888) 680-8080,4825 District Blvd A,Vernon,90058,General Practice,"Tuesday: 8:30 AM – 5:00 PM
Wednesday: 8:30 AM – 5:00 PM
Thursday: 8:30 AM – 5:00 PM
Friday: 8:30 AM – 5:00 PM
Saturday: 8:30 AM – 5:00 PM",,,,,,,,,,,,,,,,,,,,,,,,,,,,,
1007,Caldwell Pet Hospital,(559) 741-7000,3837 W Caldwell Ave Suite F,Visalia,93277,General Practice,"Tuesday: 8:00 AM – 6:00 PM
Wednesday: 8:00 AM – 6:00 PM
Thursday: 8:00 AM – 6:00 PM
Friday: 8:00 AM – 6:00 PM
Saturday: 8:00 AM – 6:00 PM
Sunday: 8:00 AM – 2:00 PM",,,,,,,,,,,,,,,,,,,,,,,,,,,,,
1008,Care At the Courtyard,(559) 732-8651,120 N Akers St,Visalia,93291,General Practice,"Tuesday: 7:30 AM – 5:30 PM
Wednesday: 7:30 AM – 5:30 PM
Thursday: 7:30 AM – 5:30 PM
Friday: 7:30 AM – 5:30 PM
Saturday: 7:30 AM – 5:30 PM
Sunday: 8:00 AM – 1:30 PM",,,,,,,,,,,,,,,,,,,,,,,,,,,,,
1009,Care Veterinary Clinic,(559) 625-8549,1946 W Dorothea Ave,Visalia,93277,General Practice,"Tuesday: 7:30 AM – 5:30 PM
Wednesday: 7:30 AM – 5:30 PM
Thursday: 7:30 AM – 5:30 PM
Friday: 7:30 AM – 5:30 PM
Saturday: 7:30 AM – 5:30 PM
Sunday: 8:00 AM – 1:30 PM",,,,,,,,,,,,,,,,,,,,,,,,,,,,,
1010,Companion Animal Medical Center,(559) 625-9920,5229 W Walnut Ave,Visalia,93277,General Practice,"Tuesday: 8:00 AM – 5:00 PM
Wednesday: 8:00 AM – 5:00 PM
Thursday: 8:00 AM – 12:00 PM
Friday: 8:00 AM – 5:00 PM
Saturday: 8:00 AM – 5:00 PM",,,,,,,,,,,,,,,,,,,,,,,,,,,,,
1011,House of Paws Veterinary Clinic,(559) 608-1584,435 N Burke St,Visalia,93292,General Practice,"Tuesday: 8:30 AM – 5:00 PM
Wednesday: 8:30 AM – 5:00 PM
Thursday: 8:30 AM – 5:00 PM
Friday: 8:30 AM – 5:00 PM
Saturday: 8:30 AM – 5:00 PM",,,,,,,,,,,,,,,,,,,,,,,,,,,,,
1012,Lone Oak Large Animal Vet Services,(559) 732-4810,35505 Rd 132,Visalia,93292,General Practice,"Tuesday: 8:00 AM – 5:30 PM
Wednesday: 8:00 AM – 5:30 PM
Thursday: 8:00 AM – 5:30 PM
Friday: 8:00 AM – 5:30 PM
Saturday: 8:00 AM – 5:30 PM
Sunday: 8:00 AM – 12:00 PM",,,,,,,,,,,,,,,,,,,,,,,,,,,,,
1013,Lone Oak Veterinary Clinic,(559) 732-4818,34775 Rd 132,Visalia,93292,General Practice,"Tuesday: 7:30 AM – 5:00 PM
Wednesday: 7:30 AM – 5:00 PM
Thursday: 7:30 AM – 5:00 PM
Friday: 7:30 AM – 5:00 PM
Saturday: 7:30 AM – 5:00 PM",,,,,,,,,,,,,,,,,,,,,,,,,,,,,
1014,Mill Creek Veterinary Services,(559) 651-1525,834 N Century St,Visalia,93291,General Practice,"Tuesday: 8:00 AM – 4:00 PM
Wednesday: 8:00 AM – 4:00 PM
Thursday: 8:00 AM – 4:00 PM
Friday: 8:00 AM – 4:00 PM
Saturday: 8:00 AM – 4:00 PM",,,,,,,,,,,,,,,,,,,,,,,,,,,,,
1015,Shafer Cecile DVM,(559) 733-2703,1727 E Mineral King Ave,Visalia,93292,General Practice,,,,,,,,,,,,,,,,,,,,,,,,,,,,,,
1016,Tulare-Kings Veterinary Emergency Services,(559) 372-3250,4240 W Mineral King Ave,Visalia,93291,General Practice,"Tuesday: 5:00 PM – 7:00 AM
Wednesday: 5:00 PM – 7:00 AM
Thursday: 5:00 PM – 7:00 AM
Friday: 5:00 PM – 7:00 AM",,,,,,,,,,,,,,,,,,,,,,,,,,,,,
1017,Valley Oak SPCA Vet Clinic,(559) 741-1121,9405 W Goshen Ave,Visalia,93291,General Practice,"Tuesday: 8:00 AM – 4:00 PM
Wednesday: 8:00 AM – 4:00 PM
Thursday: 8:00 AM – 4:00 PM
Friday: 8:00 AM – 4:00 PM
Saturday: 8:00 AM – 4:00 PM",,,,,,,,,,,,,,,,,,,,,,,,,,,,,
1018,Veterinary Service Inc,(559) 651-1633,1607 N Plaza Dr,Visalia,93291,General Practice,"Tuesday: 8:00 AM – 5:00 PM
Wednesday: 8:00 AM – 5:00 PM
Thursday: 8:00 AM – 5:00 PM
Friday: 8:00 AM – 5:00 PM
Saturday: 8:00 AM – 5:00 PM",,,,,,,,,,,,,,,,,,,,,,,,,,,,,
1019,Animal Hospital of Walnut,(909) 594-1737,"The Terraces, 22039 Valley Blvd suite G",Walnut,91789,General Practice,"Tuesday: 8:00 AM – 6:00 PM
Wednesday: 8:00 AM – 6:00 PM
Thursday: 8:00 AM – 6:00 PM
Friday: 8:00 AM – 6:00 PM
Saturday: 8:00 AM – 6:00 PM
Sunday: 8:00 AM – 6:00 PM",,,,,,,,,,,,,,,,,,,,,,,,,,,,,
1020,Animal Care Hospital of Walnut Creek,(925) 433-5900,130 La Casa Via Suite 103A,Walnut Creek,94598,General Practice,"Monday: 9:00 AM – 7:30 PM
Tuesday: 9:00 AM – 7:30 PM
Wednesday: 9:00 AM – 7:30 PM
Thursday: 9:00 AM – 7:30 PM
Friday: 9:00 AM – 7:30 PM
Saturday: 9:00 AM – 7:30 PM
Sunday: 9:00 AM – 7:30 PM",,,,,,,,,,,,,,,,,,,,,,,,,,,,,
1021,Apollo Veterinary Hospital,(925) 937-8387,1411 Treat Blvd,Walnut Creek,94597,General Practice,"Monday: 7:00 AM – 7:00 PM
Tuesday: 7:00 AM – 7:00 PM
Wednesday: 7:00 AM – 7:00 PM
Thursday: 7:00 AM – 7:00 PM
Friday: 7:00 AM – 7:00 PM
Saturday: 7:00 AM – 7:00 PM
Sunday: 7:00 AM – 7:00 PM",,,,,,,,,,,,,,,,,,,,,,,,,,,,,
1022,Civic Feline Clinic,(925) 930-9226,2030 N Broadway,Walnut Creek,94596,General Practice,"Monday: 8:00 AM – 5:30 PM
Tuesday: 8:00 AM – 5:30 PM
Wednesday: 8:00 AM – 5:30 PM
Thursday: 8:00 AM – 5:30 PM
Friday: 8:00 AM – 5:30 PM
Saturday: 8:00 AM – 2:00 PM
Sunday: Closed",,,,,,,,,,,,,,,,,,,,,,,,,,,,,
1023,Dermatology for Animals - Walnut Creek,(925) 239-2929,2255 Ygnacio Valley Rd Suite F,Walnut Creek,94598,General Practice,"Monday: 8:00 AM – 5:00 PM
Tuesday: 8:00 AM – 5:00 PM
Wednesday: 8:00 AM – 5:00 PM
Thursday: 8:00 AM – 5:00 PM
Friday: Closed
Saturday: Closed
Sunday: Closed",,,,,,,,,,,,,,,,,,,,,,,,,,,,,
1024,Geary Veterinary Hospital,(925) 938-8010,1514 Palos Verdes Mall,Walnut Creek,94597,General Practice,"Monday: 8:00 AM – 5:00 PM
Tuesday: 8:00 AM – 5:00 PM
Wednesday: 8:00 AM – 5:00 PM
Thursday: 8:00 AM – 5:00 PM
Friday: 8:00 AM – 5:00 PM
Saturday: Closed
Sunday: Closed",,,,,,,,,,,,,,,,,,,,,,,,,,,,,
1025,"Hall, Katrina DVM",(925) 937-5001,2803 Ygnacio Valley Rd,Walnut Creek,94598,General Practice,"Monday: Open 24 hours
Tuesday: Open 24 hours
Wednesday: Open 24 hours
Thursday: Open 24 hours
Friday: Open 24 hours
Saturday: Open 24 hours
Sunday: Open 24 hours",,,,,,,,,,,,,,,,,,,,,,,,,,,,,
1026,Lindsay Wildlife Rehabilitation Hospital,(925) 659-8156,1931 1st Ave,Walnut Creek,94597,General Practice,"Monday: 10:00 AM – 4:00 PM
Tuesday: 10:00 AM – 4:00 PM
Wednesday: 10:00 AM – 4:00 PM
Thursday: 10:00 AM – 4:00 PM
Friday: 10:00 AM – 4:00 PM
Saturday: 10:00 AM – 4:00 PM
Sunday: 10:00 AM – 4:00 PM",,,,,,,,,,,,,,,,,,,,,,,,,,,,,
1027,Modern Animal Walnut Creek,(925) 489-2595,1360 Mt Diablo Blvd,Walnut Creek,94596,General Practice,"Monday: 8:00 AM – 6:00 PM
Tuesday: 8:00 AM – 6:00 PM
Wednesday: 8:00 AM – 6:00 PM
Thursday: 8:00 AM – 6:00 PM
Friday: 8:00 AM – 6:00 PM
Saturday: Closed
Sunday: 8:00 AM – 6:00 PM",,,,,,,,,,,,,,,,,,,,,,,,,,,,,
1028,Muller Veterinary Hospital,(925) 934-8042,2735 N Main St,Walnut Creek,94597,General Practice,"Monday: 8:00 AM – 6:00 PM
Tuesday: 8:00 AM – 6:00 PM
Wednesday: 8:00 AM – 6:00 PM
Thursday: 8:00 AM – 6:00 PM
Friday: 8:00 AM – 6:00 PM
Saturday: Closed
Sunday: Closed",,,,,,,,,,,,,,,,,,,,,,,,,,,,,
1029,Oak Hill Veterinary Services,(925) 377-1300,1755 Locust St,Walnut Creek,94596,General Practice,,,,,,,,,,,,,,,,,,,,,,,,,,,,,,
1030,Pets Eternal Rest,(925) 408-5112,1514 3rd Ave,Walnut Creek,94597,General Practice,"Monday: 9:00 AM – 5:00 PM
Tuesday: 9:00 AM – 5:00 PM
Wednesday: 9:00 AM – 5:00 PM
Thursday: 9:00 AM – 5:00 PM
Friday: 9:00 AM – 5:00 PM
Saturday: 9:00 AM – 5:00 PM
Sunday: 9:00 AM – 5:00 PM",,,,,,,,,,,,,,,,,,,,,,,,,,,,,
1031,Rossmoor Pet Hospital,(925) 322-2262,1910 Tice Valley Blvd,Walnut Creek,94595,General Practice,"Monday: 8:00 AM – 7:00 PM
Tuesday: 8:00 AM – 7:00 PM
Wednesday: 8:00 AM – 7:00 PM
Thursday: 8:00 AM – 7:00 PM
Friday: 8:00 AM – 7:00 PM
Saturday: 8:00 AM – 7:00 PM
Sunday: Closed",,,,,,,,,,,,,,,,,,,,,,,,,,,,,
1032,VCA Cottage Animal Hospital,(925) 935-9080,1590 Boulevard Way,Walnut Creek,94595,General Practice,"Monday: 8:00 AM – 6:00 PM
Tuesday: 8:00 AM – 6:00 PM
Wednesday: 8:00 AM – 6:00 PM
Thursday: 8:00 AM – 6:00 PM
Friday: 8:00 AM – 6:00 PM
Saturday: Closed
Sunday: Closed",,,,,,,,,,,,,,,,,,,,,,,,,,,,,
1033,VCA Encina Veterinary Medical Center,(925) 937-5000,2803 Ygnacio Valley Rd,Walnut Creek,94598,General Practice,"Monday: Open 24 hours
Tuesday: Open 24 hours
Wednesday: Open 24 hours
Thursday: Open 24 hours
Friday: Open 24 hours
Saturday: Open 24 hours
Sunday: Open 24 hours",,,,,,,,,,,,,,,,,,,,,,,,,,,,,
1034,Vetco Total Care Animal Hospital,(925) 949-2726,1301 S California Blvd,Walnut Creek,94596,General Practice,"Monday: 8:00 AM – 6:00 PM
Tuesday: 8:00 AM – 6:00 PM
Wednesday: Closed
Thursday: Closed
Friday: 8:00 AM – 6:00 PM
Saturday: 8:00 AM – 6:00 PM
Sunday: Closed",,,,,,,,,,,,,,,,,,,,,,,,,,,,,
1035,Vets Move Junk,(866) 584-7803,1212 Broadway Plaza Suite 2100,Walnut Creek,94596,General Practice,"Monday: 8:00 AM – 8:00 PM
Tuesday: 8:00 AM – 8:00 PM
Wednesday: 8:00 AM – 8:00 PM
Thursday: 8:00 AM – 8:00 PM
Friday: 8:00 AM – 8:00 PM
Saturday: 8:00 AM – 8:00 PM
Sunday: 8:00 AM – 8:00 PM",,,,,,,,,,,,,,,,,,,,,,,,,,,,,
1036,Walnut Creek Veterinary Hospital,(925) 448-2908,540 Lennon Ln,Walnut Creek,94598,General Practice,"Monday: 8:00 AM – 6:00 PM
Tuesday: 8:00 AM – 6:00 PM
Wednesday: 8:00 AM – 6:00 PM
Thursday: 8:00 AM – 6:00 PM
Friday: 8:00 AM – 6:00 PM
Saturday: Closed
Sunday: Closed",,,,,,,,,,,,,,,,,,,,,,,,,,,,,
1037,Ygnacio Animal Hospital,(925) 935-4880,941 Ygnacio Valley Rd,Walnut Creek,94596,General Practice,"Monday: 8:00 AM – 6:00 PM
Tuesday: 8:00 AM – 6:00 PM
Wednesday: 8:00 AM – 6:00 PM
Thursday: 8:00 AM – 6:00 PM
Friday: 8:00 AM – 6:00 PM
Saturday: 9:00 AM – 5:00 PM
Sunday: Closed",,,,,,,,,,,,,,,,,,,,,,,,,,,,,
1038,Waterford Pet Hospital,(209) 874-4482,12130 Yosemite Blvd,Waterford,95386,General Practice,"Tuesday: 8:00 AM – 6:00 PM
Wednesday: 8:00 AM – 6:00 PM
Thursday: 8:30 AM – 1:00 PM
Friday: 8:00 AM – 6:00 PM
Saturday: 8:00 AM – 6:00 PM",,,,,,,,,,,,,,,,,,,,,,,,,,,,,
1039,Animal Hospital of Watsonville,(831) 728-1439,1061 S Green Valley Rd,Watsonville,95076,General Practice,"Tuesday: 8:00 AM – 3:30 PM
Wednesday: 8:00 AM – 3:30 PM
Thursday: 8:00 AM – 3:30 PM
Friday: 8:00 AM – 3:30 PM",,,,,,,,,,,,,,,,,,,,,,,,,,,,,
1040,East Lake Animal Clinic,(831) 724-6391,740 E Lake Ave,Watsonville,95076,General Practice,"Tuesday: 8:00 AM – 6:00 PM
Wednesday: 8:00 AM – 6:00 PM
Thursday: 8:00 AM – 6:00 PM
Friday: 8:00 AM – 6:00 PM
Saturday: 8:00 AM – 6:00 PM
Sunday: 8:00 AM – 5:00 PM",,,,,,,,,,,,,,,,,,,,,,,,,,,,,
1041,Beloved Pet Mobile Vet,(844) 383-2768,2433 Front St,West Sacramento,95691,General Practice,"Monday: 9:00 AM – 5:00 PM
Tuesday: 9:00 AM – 5:00 PM
Friday: 9:00 AM – 5:00 PM
Saturday: 9:00 AM – 5:00 PM
Sunday: 9:00 AM – 5:00 PM",,,,,,,,,,,,,,,,,,,,,,,,,,,,,
1042,Jefferson Park Veterinary Clinic,(916) 371-9400,910 Jefferson Blvd,West Sacramento,95691,General Practice,"Tuesday: 9:30 AM – 6:00 PM
Wednesday: 9:30 AM – 6:00 PM
Thursday: 9:30 AM – 6:00 PM
Friday: 9:30 AM – 6:00 PM
Saturday: 9:30 AM – 6:00 PM",,,,,,,,,,,,,,,,,,,,,,,,,,,,,
1043,Anza Animal Clinic,(805) 495-1059,3575 E Thousand Oaks Blvd,Westlake Village,91362,General Practice,"Tuesday: 8:00 AM – 6:00 PM
Wednesday: 8:00 AM – 6:00 PM
Thursday: 8:00 AM – 6:00 PM
Friday: 8:00 AM – 6:00 PM
Saturday: 8:00 AM – 6:00 PM
Sunday: 8:00 AM – 1:00 PM",,,,,,,,,,,,,,,,,,,,,,,,,,,,,
1044,Slaton Veterinary Hospital,(805) 269-6696,3900 E Thousand Oaks Blvd STE 101,Westlake Village,91362,General Practice,"Tuesday: 8:00 AM – 6:00 PM
Wednesday: 8:00 AM – 6:00 PM
Thursday: 8:00 AM – 6:00 PM
Friday: 8:00 AM – 6:00 PM
Saturday: 8:00 AM – 6:00 PM
Sunday: 8:00 AM – 4:00 PM",,,,,,,,,,,,,,,,,,,,,,,,,,,,,
1045,Townsgate Pet Hospital,(805) 230-1999,2806 Townsgate Rd Suite C,Westlake Village,91361,General Practice,"Tuesday: 8:30 AM – 5:00 PM
Wednesday: 8:30 AM – 5:00 PM
Thursday: 8:30 AM – 5:00 PM
Friday: 8:30 AM – 5:00 PM
Saturday: 8:30 AM – 5:00 PM
Sunday: 9:00 AM – 12:30 PM",,,,,,,,,,,,,,,,,,,,,,,,,,,,,
1046,VCA Westlake Village Animal Hospital,(805) 497-4900,31166 Via Colinas,Westlake Village,91362,General Practice,"Monday: 8:00 AM – 4:00 PM
Tuesday: 8:00 AM – 7:00 PM
Wednesday: 8:00 AM – 7:00 PM
Thursday: 8:00 AM – 7:00 PM
Friday: 8:00 AM – 7:00 PM
Saturday: 8:00 AM – 7:00 PM
Sunday: 8:00 AM – 4:00 PM",,,,,,,,,,,,,,,,,,,,,,,,,,,,,
1047,French Valley Veterinary Hospital,(951) 926-8000,30660 Benton Rd,Winchester,92596,General Practice,"Tuesday: 8:00 AM – 5:00 PM
Wednesday: 8:00 AM – 5:00 PM
Thursday: 8:00 AM – 5:00 PM
Friday: 8:00 AM – 5:00 PM
Saturday: 8:00 AM – 5:00 PM
Sunday: 8:00 AM – 3:00 PM",,,,,,,,,,,,,,,,,,,,,,,,,,,,,
1048,Conde Veterinary Hospital,(707) 837-9745,8063 Conde Ln,Windsor,95492,General Practice,"Tuesday: 9:00 AM – 2:00 PM
Tuesday: 3:00 PM – 6:00 PM
Wednesday: 9:00 AM – 2:00 PM
Wednesday: 3:00 PM – 6:00 PM
Thursday: 9:00 AM – 2:00 PM
Thursday: 3:00 PM – 6:00 PM
Friday: 9:00 AM – 2:00 PM
Friday: 3:00 PM – 6:00 PM
Saturday: 9:00 AM – 2:00 PM
Saturday: 3:00 PM – 6:00 PM",,,,,,,,,,,,,,,,,,,,,,,,,,,,,
1049,North Bay Animal Services,(707) 762-6227,8465 Old Redwood Hwy # 210,Windsor,95492,General Practice,"Monday: 9:00 AM – 6:00 PM
Tuesday: 9:00 AM – 6:00 PM
Wednesday: 9:00 AM – 6:00 PM
Thursday: 9:00 AM – 6:00 PM
Friday: 9:00 AM – 6:00 PM
Saturday: 9:00 AM – 6:00 PM
Sunday: 9:00 AM – 6:00 PM",,,,,,,,,,,,,,,,,,,,,,,,,,,,,
1050,Township Animal Hospital,(707) 838-4364,8465 Old Redwood Hwy #700,Windsor,95492,General Practice,"Tuesday: 8:00 AM – 5:00 PM
Wednesday: 8:00 AM – 5:00 PM
Thursday: 8:00 AM – 5:00 PM
Friday: 8:00 AM – 5:00 PM
Saturday: 8:00 AM – 5:00 PM",,,,,,,,,,,,,,,,,,,,,,,,,,,,,
1051,Windsor Oaks Veterinary Clinic,(707) 837-8101,8888 Lakewood Dr,Windsor,95492,General Practice,"Tuesday: 9:00 AM – 9:00 PM
Wednesday: 9:00 AM – 9:00 PM
Thursday: 9:00 AM – 9:00 PM
Friday: 9:00 AM – 9:00 PM
Saturday: 9:00 AM – 9:00 PM",,,,,,,,,,,,,,,,,,,,,,,,,,,,,
1052,Wine Country Veterinary Hospital,(707) 837-5029,9240 Old Redwood Hwy #104,Windsor,95492,General Practice,"Tuesday: 8:00 AM – 6:00 PM
Wednesday: 8:00 AM – 6:00 PM
Thursday: 8:00 AM – 6:00 PM
Friday: 8:00 AM – 6:00 PM
Saturday: 8:00 AM – 6:00 PM
Sunday: 8:00 AM – 2:00 PM",,,,,,,,,,,,,,,,,,,,,,,,,,,,,
1053,Monticello Veterinary Practice,(530) 212-5161,9253 Johnson Rd,Winters,95694,General Practice,"Tuesday: 8:00 AM – 6:00 PM
Wednesday: 8:00 AM – 6:00 PM
Thursday: 8:00 AM – 6:00 PM
Friday: 8:00 AM – 6:00 PM
Saturday: 10:00 AM – 5:30 PM",,,,,,,,,,,,,,,,,,,,,,,,,,,,,
1054,Ramsey Nancy DVM,(530) 795-5243,PO Box 683,Winters,95694,General Practice,,,,,,,,,,,,,,,,,,,,,,,,,,,,,,
1055,Animal Care Clinic of Woodland,(530) 666-1973,214 5th St,Woodland,95695,General Practice,"Tuesday: 8:00 AM – 5:00 PM
Wednesday: 8:00 AM – 5:00 PM
Thursday: 8:00 AM – 5:00 PM
Friday: 8:00 AM – 5:00 PM
Saturday: 8:00 AM – 5:00 PM",,,,,,,,,,,,,,,,,,,,,,,,,,,,,
1056,Beloved Pet Mobile Vet: Hendrix Lynn DVM,(530) 383-2543,"Woodland, CA 95695, USA",Woodland,95695,General Practice,"Monday: 9:00 AM – 5:00 PM
Tuesday: 9:00 AM – 5:00 PM
Wednesday: 9:00 AM – 5:00 PM
Thursday: 9:00 AM – 5:00 PM
Friday: 9:00 AM – 5:00 PM
Saturday: 9:00 AM – 5:00 PM
Sunday: 9:00 AM – 5:00 PM",,,,,,,,,,,,,,,,,,,,,,,,,,,,,
1057,Tri-County Mobile Vet Services,(530) 666-6171,34077 Co Rd 25,Woodland,95695,General Practice,"Tuesday: 9:00 AM – 5:00 PM
Wednesday: 9:00 AM – 5:00 PM
Thursday: 9:00 AM – 5:00 PM
Friday: 9:00 AM – 5:00 PM
Saturday: 9:00 AM – 5:00 PM
Sunday: 9:00 AM – 5:00 PM",,,,,,,,,,,,,,,,,,,,,,,,,,,,,
1058,Valley Oak Veterinary Hospital,(530) 661-6810,733 East St,Woodland,95776,General Practice,"Tuesday: 8:00 AM – 5:30 PM
Wednesday: 8:00 AM – 5:30 PM
Thursday: 8:00 AM – 5:00 PM
Friday: 8:00 AM – 5:30 PM
Saturday: 8:00 AM – 5:00 PM
Sunday: 8:00 AM – 12:00 PM",,,,,,,,,,,,,,,,,,,,,,,,,,,,,
1059,Willow Oak Equine Clinic,(530) 681-8074,33558 Co Rd 24,Woodland,95695,General Practice,,,,,,,,,,,,,,,,,,,,,,,,,,,,,,
1060,Woodland Veterinary Hospital,(530) 666-2461,445 Matmor Rd,Woodland,95776,General Practice,"Monday: 9:00 AM – 6:00 PM
Tuesday: 7:30 AM – 7:00 PM
Wednesday: 7:30 AM – 7:00 PM
Thursday: 7:30 AM – 7:00 PM
Friday: 7:30 AM – 7:00 PM
Saturday: 7:30 AM – 7:00 PM
Sunday: 8:00 AM – 6:00 PM",,,,,,,,,,,,,,,,,,,,,,,,,,,,,
1061,Yolo Veterinary Clinic,(530) 666-3366,235 W Main St,Woodland,95695,General Practice,"Tuesday: 8:00 AM – 6:00 PM
Wednesday: 8:00 AM – 6:00 PM
Thursday: 8:00 AM – 6:00 PM
Friday: 8:00 AM – 6:00 PM
Saturday: 8:00 AM – 6:00 PM",,,,,,,,,,,,,,,,,,,,,,,,,,,,,
1062,Adobe Animal Hospital & Laser Surgery Center,(530) 673-4744,480 N Palora Ave,Yuba City,95991,General Practice,"Tuesday: 8:00 AM – 5:00 PM
Wednesday: 8:00 AM – 5:00 PM
Thursday: 8:00 AM – 5:00 PM
Saturday: 8:00 AM – 5:00 PM",,,,,,,,,,,,,,,,,,,,,,,,,,,,,
1063,Cassandra Kachulis,(530) 673-8853,1368 Colusa Hwy,Yuba City,959939001,General Practice,,,,,,,,,,,,,,,,,,,,,,,,,,,,,,
1064,Davies Animal Medical Hospital,(530) 671-3014,1630 Sierra Ave #1,Yuba City,95993,General Practice,"Monday: 8:00 AM – 8:00 PM
Tuesday: 8:00 AM – 8:00 PM
Wednesday: 8:00 AM – 8:00 PM
Thursday: 8:00 AM – 8:00 PM
Friday: 8:00 AM – 8:00 PM
Saturday: 8:00 AM – 8:00 PM
Sunday: 8:00 AM – 8:00 PM",,,,,,,,,,,,,,,,,,,,,,,,,,,,,
1065,Menard Paul DVM,(530) 763-0012,1368 Colusa Hwy,Yuba City,95993,General Practice,,,,,,,,,,,,,,,,,,,,,,,,,,,,,,
1066,VCA Northpointe Animal Hospital,(530) 674-8670,880 W Onstott Frontage Rd,Yuba City,95991,General Practice,"Monday: 8:00 AM – 6:00 PM
Tuesday: 8:00 AM – 8:00 PM
Wednesday: 8:00 AM – 8:00 PM
Thursday: 8:00 AM – 8:00 PM
Friday: 8:00 AM – 8:00 PM
Saturday: 8:00 AM – 8:00 PM
Sunday: 8:00 AM – 8:00 PM",,,,,,,,,,,,,,,,,,,,,,,,,,,,,
1067,Companion Animal Clinic,(760) 228-1474,7332 Pioneertown Rd,Yucca Valley,92284,General Practice,"Tuesday: 7:00 AM – 5:00 PM
Wednesday: 7:00 AM – 5:00 PM
Thursday: 7:00 AM – 5:00 PM
Friday: 7:00 AM – 5:00 PM",,,,,,,,,,,,,,,,,,,,,,,,,,,,,