 d,,,,,,,,,,,,,,,,,,,,,,,,,,,,,,,,,,,,
← VET INFO (pre-filled — do not edit),,,,,,,,← CALL OUTCOME (VA fills after each call) →,,,,,,← PRICE ENTRY — fill in prices collected. Leave blank if not given. →,,,,,,,,,,,,,,,,,,,,← FINAL →,,
#,Vet Name,Phone,Address,City,Zip,Vet Type,Hours,"Call
Status","No Prices
Reason","Accepting
New Patients","CareCredit
Accepted","Contact
Name",Call Notes,"Exam
Fee ($)","Vet Tech
Fee (S)","Rabies
($)","DHPP
($)","FVRCP
($)","FeLV
($)","Bordetella
($)","Canine Flu
($)","Lepto
($)","Vaccine Pkg
Dog ($)","Vaccine Pkg
Cat ($)","Spay
($)","Neuter
($)","Dental
Cleaning ($)","Dental No
Anesthesia ($)","X-Ray
($)","Bloodwork
($)","Anesthesia
($)","Emergency
Visit ($)","Urgent
Care ($)","Species
Seen",Notes,"Verified
by Susan"
EX,Example Animal Hospital,(555) 555-0100,123 Main St,Sample City,90001,General Practice,"Mon-Fri: 8am-6pm
Sat: 9am-2pm",Called - Got Prices,,Yes,No,Front Desk,Very friendly,65,,25,45,,,20,,,85,75,350,250,400,,150,120,200,,,Dogs & Cats,Sample note,Pending Review
1,Alhambra Veterinary Hospital,(626) 289-9227,1501 W Mission Rd,Alhambra,91803,General Practice,"Tuesday: 8:00 AM – 6:00 PM
Wednesday: 8:00 AM – 6:00 PM
Thursday: 8:00 AM – 6:00 PM
Friday: 8:00 AM – 6:00 PM
Saturday: 8:00 AM – 6:00 PM",Called - Got Prices,,Yes,Yes,Front Desk,"Was extremely friendly and helpful

They Stated that Urgent care = Emergency care",wellness exam 92,32,36 -46,45,,,"28, 32 yearly",47 (Exact),41 (Exact),,,est 985 - 1575,est 715 -1300,2700 - 3800,900 - 1500,,,,92,Same as Emergency visit,,does this mean they do not have emergency services? confused on dental with no anesthesia,
2,South Pasadena Animal Hospital,(626) 441-1314,3116 W Main St,Alhambra,91801,General Practice,"Tuesday: 8:00 AM – 1:00 PM
Tuesday: 2:00 PM – 6:00 PM
Wednesday: 8:00 AM – 1:00 PM
Wednesday: 2:00 PM – 6:00 PM
Thursday: 8:00 AM – 1:00 PM
Thursday: 2:00 PM – 6:00 PM
Friday: 8:00 AM – 1:00 PM
Friday: 2:00 PM – 6:00 PM
Saturday: 8:00 AM – 1:00 PM
Saturday: 2:00 PM – 6:00 PM",Disconnected,,No,,,They do not accept new clients,,,,,,,,,,,,,,,,,,,,,,,
3,VCA Mission Animal Hospital,(626) 289-3643,25 W Mission Rd,Alhambra,91801,General Practice,"Tuesday: 7:00 AM – 7:00 PM
Wednesday: 7:00 AM – 7:00 PM
Thursday: 7:00 AM – 7:00 PM
Friday: 7:00 AM – 7:00 PM
Saturday: 7:00 AM – 7:00 PM
Sunday: 8:00 AM – 4:00 PM",Called - Got Prices,,Yes,Yes,Front Desk,"They do not have vet tech fees
They also stated that they do not offer emergency or urgent care",100 (Exact),N/A,72 (Exact),72 (Exact),,,72 (Exact),100 (Exact),72 (Exact),,,Start Price -600,Start Price - 600,250 (Starting Price ) + additional fees depending on patient's condtion,N/A,,,,,,,"confused by dental prices, xrays blood work?",
4,Veterinary Eye Clinic Alhambra,(626) 537-1779,3000 W Valley Blvd Suite A,Alhambra,91803,General Practice,"Tuesday: 8:00 AM – 4:00 PM
Wednesday: 8:00 AM – 4:00 PM
Thursday: 8:00 AM – 4:00 PM
Friday: 8:00 AM – 4:00 PM
Saturday: 8:00 AM – 4:00 PM
Sunday: 8:00 AM – 3:00 PM",Called - Got Prices,,Yes,Yes,Front Desk,"The rep was helpful
They are an eye clinic hence don't have any vaccine fees",360 (Exact),40 after first consultation,N/A,N/A,,,N/A,N/A,N/A,,,N/A,N/A,N/A,N/A,,,,At the Doctor's discretion,At the Doctor's discretion,,emergency services after hours? specialty clinic?,
5,West Main Animal Hospital,(626) 282-2179,2216 W Main St,Alhambra,91801,General Practice,"Tuesday: 8:00 AM – 6:30 PM
Wednesday: 8:00 AM – 6:30 PM
Thursday: 8:00 AM – 6:30 PM
Friday: 8:00 AM – 6:30 PM
Saturday: 8:00 AM – 6:30 PM
Sunday: 8:00 AM – 6:30 PM",Called - Got Prices,,Yes,Yes,Front Desk,"The rep was helpful
They stated that the doctor has to do an oral checkin before setting a dental cleaning fee","86.60 for existing clients
Free of charge for new clients",25 (Exact),30 (Exact),31.5 (Exact),,,29.5 (Exact),85 (Exact),33 (Exact),,,820 - 1200,750 -980,An oral check has to be done for doctor to set price,An oral check has to be done before doctor sets price,,,,135,110,,,
6,Aliso Viejo Animal Hospital,(949) 426-7700,23411 Aliso Viejo Pkwy Suite A,Aliso Viejo,92656,General Practice,"Tuesday: 8:00 AM – 9:00 PM
Wednesday: 8:00 AM – 9:00 PM
Thursday: 8:00 AM – 9:00 PM
Friday: 8:00 AM – 9:00 PM
Saturday: 8:00 AM – 9:00 PM
Sunday: 8:00 AM – 6:00 PM",Called - Got Prices,,Yes,Yes,Front Desk,"The rep was helpful
They stated that they do not perform dental care without anaesthesia
They also stated that they do not offer vet tech fees",79 (Exact),N/A,31 (Exact),47 (Exact),,,29 (Exact),47 (Exact),35 (Exact),,,727 - 1250,625 - 1200,700 (Start price),"All dental cleanings are done with anaesthesia
N/A",,,,100,79 (Same as exam fee),,,
7,Affordable Animal Hospital,(714) 772-1611,310 N State College Blvd,Anaheim,92806,General Practice,"Tuesday: 8:00 AM – 5:00 PM
Wednesday: 8:00 AM – 5:00 PM
Thursday: 8:00 AM – 5:00 PM
Friday: 8:00 AM – 1:00 PM
Saturday: 8:00 AM – 5:00 PM
Sunday: 8:00 AM – 1:00 PM",Called - Got Prices,,Yes,Yes,Front Desk,"They do not do dental cleanings without anaesthesia
They also do not give Lepto and Canine Flu vaccines or offer vet tech fees
",65 (Exact),N/A,30 (Exact),42 (Exact),,,31 (Exact),N/A,N/A,,,515 (Exact),475 (Exact),718 (Exact),"All dental cleanings are done with anaesthesia
N/A",,,,189,89,,,
8,Anaheim Animal Care & Pet Hospital,(714) 527-9292,1177 N Magnolia Ave,Anaheim,92801,General Practice,"Tuesday: 9:00 AM – 7:00 PM
Wednesday: 9:00 AM – 7:00 PM
Thursday: 9:00 AM – 7:00 PM
Friday: 9:00 AM – 7:00 PM
Saturday: 9:00 AM – 7:00 PM
Sunday: 9:00 AM – 3:00 PM",Called - Got Prices,,Yes,Yes,Front Desk,"They also do not perform dental cleanings without anaesthesia
They stated that they do not do emergency visits because they are a clinic
New clients walk in fee for exams is $83",73.35,17 (Exact),40 (Exact),40 same as Rabies,,,30 (Exact),58.5 (Exact),52.5 (Exact),,,658 (Exact),622 (Exact),1200 (Exact),"All dental cleanings are done with anaesthesia
N/A",,,,N/A,117,,,
9,Anaheim Canyon Animal Hospital,(714) 637-1000,781 S Weir Canyon Rd # 197,Anaheim,92808,General Practice,"Tuesday: 8:00 AM – 6:00 PM
Wednesday: 8:00 AM – 6:00 PM
Thursday: 8:00 AM – 6:00 PM
Friday: 8:00 AM – 6:00 PM
Saturday: 8:00 AM – 6:00 PM
Sunday: 8:00 AM – 3:00 PM",Called - Got Prices,,Yes,Yes,Front Desk,"The rep was helpful 
They also do not perform dental cleanings without anaesthesia
Their emergency fee is the same as the standard exam fee with additional fees charged based on the pet's needs.
They also do not have vet tech fees",65,N/A,25 (Exact),35 (Exact),,,29 (Exact),43 (Exact),39.50 (Exact),,,545 (Exact),485 (Exact),450 (Exact),"All dental cleanings are done with anaesthesia
N/A",,,,65 + (additional costs based on pet's needs,65 (same as standard exam fees and emergency fees),,what is the difference between urgent care and emergency.  Do they have emergency services?,
10,Anaheim Hills Pet Clinic,(714) 779-2101,5799 E La Palma Ave,Anaheim,92807,General Practice,"Monday: 7:30 AM – 4:00 PM
Tuesday: 7:30 AM – 9:00 PM
Wednesday: 7:30 AM – 9:00 PM
Thursday: 7:30 AM – 9:00 PM
Friday: 7:30 AM – 9:00 PM
Saturday: 7:30 AM – 9:00 PM
Sunday: 7:30 AM – 6:00 PM",Called - Got Prices,,Yes,Yes,Front Desk,"They also do not perform dental cleanings without anaesthesia
Their dental care is $700 + (additional costs depending on extraction
There is a hazardous wave fee of 7.99 for the Rabies Vaccine
",85 (Starting Price),15 (Exact),36 (Exact),35 (Exact),,,30 (Exact),56 (Exact),40 (Exact),,,780 - 1500,730 - 1200,700 (Exact),"All dental cleanings are done with anaesthesia
N/A",,,,160,130,,,
11,Anchor Animal Hospital,(714) 635-7762,1119 W Lincoln Ave,Anaheim,92805,General Practice,"Wednesday: 8:00 AM – 5:00 PM
Thursday: 8:00 AM – 5:00 PM
Friday: 8:00 AM – 5:00 PM
Saturday: 8:00 AM – 5:00 PM
Sunday: 9:00 AM – 1:00 PM",Called - Got Prices,,Yes,Yes,Front Desk,"The Rep was really helpful
The Vet tech fee is based on the vaccine the vet tech would administer as well as service rendered
I called back to get some clarification on the prices I was given last week and another rep (more experienced), clarified that they do not offer emergency services and they refer them out as well as the dental cleanings being 250 + (additional charges)",42,Varies (depending on vaccine and service),17.5 (Exact),20 (Exact),,,17 (Exact),22 (Exact),19.60 (Exact),,,290 (Exact),200 (Exact),285 (Exact),195 (Exact),,,,"They refer their emergency services out
N/A","42 (exam fee by appointment ) + (additional fees based on treatment)
15 (exam fee by appointment ) + (additional fees based on treatment)",,what is the difference between urgent care and emergency? Are spay/neuter/dental exact or starting?,
12,Animal Orthopedic Center,(714) 701-6720,446 N Lakeview Ave,Anaheim,92807,General Practice,"Tuesday: 8:00 AM – 6:00 PM
Wednesday: 8:00 AM – 6:00 PM
Thursday: 8:00 AM – 6:00 PM
Friday: 8:00 AM – 6:00 PM
Saturday: 8:00 AM – 6:00 PM",Called - Refused,Declined to Share,,,Front Desk,They stated that they do not answer any general questions regarding pet care including urgent/emergency care because they are an orthopedic hospital,,,,,,,,,,,,,,,,,,,,,,,
13,Better Health Animal Hospital,(714) 707-5108,100 S Fairmont Blvd,Anaheim,92808,General Practice,"Tuesday: 8:00 AM – 12:00 PM
Tuesday: 1:30 PM – 5:00 PM
Wednesday: 8:00 AM – 12:00 PM
Wednesday: 1:30 PM – 5:00 PM
Thursday: 8:00 AM – 12:00 PM
Thursday: 1:30 PM – 5:00 PM
Friday: 8:00 AM – 12:00 PM
Friday: 1:30 PM – 5:00 PM
Saturday: 8:00 AM – 12:00 PM
Saturday: 1:30 PM – 5:00 PM
Sunday: 8:30 AM – 2:00 PM",Called - Got Prices,,Yes,Yes,Front Desk,"They also do not offer dental care without anaesthesia
They do not offer emergency or urgent care because they are a general practice
They sometimes offer dhpp and lepto together depending on what the client wants
",81 (Exact),31 (Exact),"35
(Exact)",41 (Exact),,,37.50 (Exact),58(Exact),48 (Exact),,,664 - 875,639 - 771,835 (Starting Price),"They do not offer dental care without ansesthesia
N/A",,,,"They don't offer emergency care
N/A","They don't offer urgent care
N/A",,,
14,Brookhurst Animal Medical Center,(714) 776-7387,1301 S Brookhurst St,Anaheim,92804,General Practice,"Monday: 9:00 AM – 5:00 PM
Tuesday: 9:00 AM – 5:00 PM
Wednesday: 9:00 AM – 5:00 PM
Saturday: 9:00 AM – 5:00 PM
Sunday: 9:00 AM – 5:00 PM",Called - Got Prices,,Yes,Yes,Customer Service,"All their vaccines have the same range from 40 - 60
For the dental. spay, neuter, emergency and urgent care visit costs they stated that it depends and I had to bring my pets to the hospital first before providing cost.
","60, 110 (walk in fee)",25.50,40-60,40-60,40-60,40-60,40-60,40-60,40-60,,,"N/A
Requires hospital visit to determine price","N/A
Requires hospital visit to determine price","N/A
Requires hospital visit to determine price","N/A
Requires hospital visit to determine price","N/A
Requires hospital visit to determine price","N/A
Requires hospital visit to determine price","N/A
Requires hospital visit to determine price","N/A
Requires hospital visit to determine price","N/A
Requires hospital visit to determine price",,,
15,CASE Animal Hospital,(657) 999-1150,1400 N Burton Pl,Anaheim,92806,General Practice,Monday: Open 24 hours,Called - Got Prices,,,No,Front Desk,"They are a strictly emergency/urgency care hospital, Only got prices for emergency/urgency care
They do not have an oncology, cardiology or internal medicine department
The price for each specialty is all 195",N/A,N/A,N/A,N/A,N/A,N/A,N/A,N/A,N/A,N/A,N/A,N/A,N/A,N/A,N/A,,,,165,165,,,
16,Cottage Pet Hospital,(714) 535-6714,900 E Broadway,Anaheim,92805,General Practice,"Monday: 10:00 AM – 6:00 PM
Tuesday: 7:30 AM – 7:00 PM
Wednesday: 7:30 AM – 7:00 PM
Thursday: 7:30 AM – 7:00 PM
Friday: 7:30 AM – 7:00 PM
Saturday: 7:30 AM – 7:00 PM
Sunday: 8:00 AM – 4:00 PM",Called - Got Prices,,,Yes,Customer Service,"There is an Osha fee of 13.80 included in the standard exam and vet tech fees
There are an appointment based hospital
Called back Friday 4/17 to clarify and they stated they do not offer dental services without anaesthesia",75 (exam fee) + 13.80 (Osha fee) = 80.80 total fee,18.50 (vet tech fee) + 13.80 osha fee = 32.30 total fee,39.50 (Exact),51.50 (Exact),,,39.50 (Exact),68.50 (Exact),43.50 (Exact),,,596.10 (Exact),662.40 (Exact),1552 - 1700,"They do not offer dental care without ansesthesia
N/A",,,,"500 upfront + additional fees depending on the patient's situation (for pet's that need immediate attention)
198.50 (Emergency exam fee + additional fees depending on pet's situation) for regular emergencies","No Urgent Care
Appointment based",,emergency is $500?,
17,"Equine Veterinary Associates, Inc.",(714) 777-3942,1250 N Lakeview Ave Suite L,Anaheim,92807,General Practice,"Tuesday: 8:00 AM – 4:00 PM
Wednesday: 8:00 AM – 4:00 PM
Thursday: 8:00 AM – 4:00 PM
Friday: 8:00 AM – 4:00 PM
Saturday: 8:00 AM – 12:00 PM",Wrong Specialty,,,,Customer Service,They specialize in horses only,,,,,,,,,,,,,,,,,,,,,,,
18,Family Pet Clinic,(714) 282-1111,5557 E Santa Ana Canyon Rd #103,Anaheim,92807,General Practice,"Tuesday: 8:30 AM – 6:00 PM
Wednesday: 8:30 AM – 6:00 PM
Thursday: 8:30 AM – 6:00 PM
Friday: 8:30 AM – 6:00 PM
Saturday: 8:30 AM – 6:00 PM
Sunday: 8:30 AM – 1:00 PM",Called - Got Prices,,Yes,Yes,Front Desk,"The rep was extremely helpful
They do not offer urgent or emergency care as they are not a 24 hours clinic
The Spay and Neuter services have two prices (price with blood work and without bloodwork)
Vet tech fee depends on the services to be provided by the vet tech (no flat fee)
All Dental cleanings are done with anaesthesia","59
(Exact)","Depending on service provided
N/A","23.8
(Exact)","29.5
(Exact)",,,"27
(Exact)","45.5
(Exact)","27
(Exact)",,,"766 (W Bloodwork)
577 (W/O Bloodwork)","563 (W Bloodwork)
374 (W/O Bloodwork)","673 (W Bloodwork)
484 (W/O Bloodwork)",N/A,,,,N/A,N/A,,,
19,Katella Animal Clinic,(714) 912-7966,10712 Katella Ave,Anaheim,92804,General Practice,"Tuesday: 8:00 AM – 6:00 PM
Wednesday: 8:00 AM – 6:00 PM
Thursday: 8:00 AM – 6:00 PM
Friday: 8:00 AM – 6:00 PM
Saturday: 8:00 AM – 6:00 PM",Called - Got Prices,Call Back Later,Yes,Yes,Customer Service,"Called back today
The rep was super helpful
They are running a promotion where the first pet you bring gets examined for free
They charge OSHA fee together with the examination fee
Rep stated that they used to offer dental cleanings w/o anaesthesis but it's not really prioritized hence fee wasn't provided
They also do not offer urgent or emergency care citing focus on day to day care
","83 (Exact exam fee)
12 (OSHA fee)",26.35 (Exact fee),"32
(Exact fee)","46.70
(Exact fee)",,,"38
(Exact fee)","66.72
(Exact fee)","40
(Exact fee)",,,790 -855,684 -759,834 -1780,N/A,,,,"N/A
They don't offer this",N/A,,,
20,Sunrise Pet Hospital,(657) 221-6555,8285 E Santa Ana Canyon Rd #150,Anaheim,92808,General Practice,"Tuesday: 8:00 AM – 6:00 PM
Wednesday: 8:00 AM – 6:00 PM
Thursday: 8:00 AM – 6:00 PM
Friday: 8:00 AM – 6:00 PM
Saturday: 8:00 AM – 6:00 PM
Sunday: 8:00 AM – 3:00 PM",Called - Got Prices,,Yes,Yes,Customer Service,"They do not offer emergency or urgent care
They do not have vet tech fees 
They do not administer Lepto and DHPP","82
(Exact)","They don'r have vet tech fees
N/A","39
(Exact)","They don't offer this
N/A",,,"39
(Exact)","63
(Exact)","They don't offer this
N/A",,,"550
(Exact)","490
(Exact)","500
(Start Price)","235
(Exact)",,,,"They do not offer this 
N/A","They do not offer this 
N/A",,,
21,The Animal Doctors of Anaheim,(714) 535-1141,1715 W La Palma Ave,Anaheim,92801,General Practice,"Tuesday: 8:00 AM – 6:00 PM
Wednesday: 8:00 AM – 6:00 PM
Thursday: 8:00 AM – 6:00 PM
Friday: 8:00 AM – 6:00 PM
Saturday: 8:00 AM – 6:00 PM
Sunday: 8:00 AM – 1:00 PM",Called - Got Prices,,Yes,Yes,Customer Service,"The rep was extremely helpful
They also do not offer urgent and emergency care
The Dental with anaesthesia price depends on the level of extraction to be done
They only provided the price for dental cleaning",70,23,"20
(Exact)","30
(Exact)",,,"36
(Estimated price)",65 (Exact),"45
(Exact)",,,"660
(Start Price)","500
(Start Price)","Depends on the level of extraction
N/A","500 -650
(Dental cleaning price)",,,,"They do not offer this 
N/A","By appointment only
N/A",,,
22,University Veterinary Center,(714) 551-9911,1716 Glenoaks Ave,Anaheim,92801,General Practice,"Tuesday: 9:00 AM – 5:30 PM
Wednesday: 9:00 AM – 5:30 PM
Friday: 9:00 AM – 5:30 PM
Saturday: 9:00 AM – 5:30 PM",Called - Got Prices,,No,,,"They are closed today. Will call back on Monday
Called them back and they stated that they put a pause on accepting new clients at this time",,,,,,,,,,,,,,,,,,,,,,,
23,VCA Yorba Regional Animal Hospital,(714) 921-8700,8290 E Crystal Dr,Anaheim,92807,General Practice,Monday: Open 24 hours,Called - Got Prices,,Yes,Yes,Customer Service,"They only offer dental care services with anaesthesia
Their dental care with anaesthesia price varies depending on the work your pet needs
Urgent care prices varies depending on whether you are a new client as well as if the client comes in after 6pm
Spay and Neuter Prices are also dependent on the doctor",116 (Exact Price),"Varies
N/A","33
(Exact Price)",52 (Exact Price),,,"33
(Exact Price)","54
(Exact Price)","36
(Exact Price)",,,"Varies depending on doctor
N/A","Varies depending on doctor
N/A","Varies on your pet's needs
N/A","They don't offer this
N/A",,,,"116 Before 6pm
182 After 6pm
203 for new clients","116 Before 6pm
182 After 6pm
203 for new clients",,,
24,Veterinarian Group Anaheim,(657) 315-2424,524 E Julianna St,Anaheim,92801,General Practice,Monday: Open 24 hours,Wrong Number,,,,,,,,,,,,,,,,,,,,,,,,,,,,
25,Angel's Touch Mobile Vet Services,(760) 447-5300,21779 Zuni Rd,Apple Valley,92307,General Practice,"Tuesday: 9:30 AM – 5:00 PM
Wednesday: 9:30 AM – 5:00 PM
Friday: 9:30 AM – 5:00 PM
Saturday: 9:30 AM – 5:00 PM",No Answer,,,,,"They are closed on weekends 
Will call back on monday
Called them thrice on monday but no answer",,,,,,,,,,,,,,,,,,,,,,,
26,Animal Care Hospital,(760) 247-0292,21554 Outer Hwy 18 N,Apple Valley,92307,General Practice,"Tuesday: 8:00 AM – 5:00 PM
Wednesday: 8:00 AM – 5:00 PM
Thursday: 8:00 AM – 5:00 PM
Friday: 8:00 AM – 5:00 PM
Saturday: 8:00 AM – 5:00 PM",Called - Got Prices,,Yes,Yes,Customer Service,"They are closed on weekends 
Will call back on monday
Called back they stated that they don't currently offer urgent care visits at the moment as they are fullly booked and they do not offer emergency care
All dental cleanings are done with anaesthesia
They also do not have vet tech fees as the vet tech doesn't charge a fee and the client only pays the cost of the vaccines adminstered by the vet tech","82
(Exact Price)","N/A
Vet tech does't charge a fee",29 (Exact Price),47.50 (Exact Price),,,34 (Exact Price),30.50 (exact price),41.50 (Exact Price),,,352 (Exact Price),293 (Exact Price),700 (Starting Price),"N/A
They don't offer this","N/A
They don't offer this","N/A
They don't offer this","N/A
They don't offer this","N/A
They don't offer this","N/A
They don't offer this they are fully booked atm",,,
27,Apple Valley Animal Hospital,(760) 242-5400,18107 CA-18,Apple Valley,92307,General Practice,"Tuesday: 8:00 AM – 6:00 PM
Wednesday: 8:00 AM – 6:00 PM
Thursday: 8:00 AM – 6:00 PM
Friday: 8:00 AM – 6:00 PM
Saturday: 8:00 AM – 6:00 PM
Sunday: 8:00 AM – 5:00 PM",Called - Got Prices,,Yes,Yes,Customer Service,"Called three times and their waiting time was about 8 mins long for each time
Called back today and the rep stated that they don't charge vet tech fees.
They don't provide dental care without anaesthesis and don't have same day appointments available
Emergency care varies for accidents vs illness emergencies eg if the dog was hit by a car a deposit of 700 is to be made + additional costs depending on the dog's situation but sickness emergencies have to be checked by a doctor before a price is given but a 170 emergency exam fee is usually charged.
Dental services include x-ray and bloodwork but price varies",76 (Exact Price),"N/A
Vet tech does't charge a fee",35 (Exact Price),55 (Exact Price),,,47 (Exact price),52 Exact Price),32 (Exact Price),,,499 (Exact Price),476 (Exact Price),"Price Varies
N/A","N/A
They don't offer this",,,,"170 (Emergency exam fee - 
700 Deposit + (additional fees) for (accident emergencies)
Price varies (Illness emergency)","N/A
They do not have same day appointments available",,,
28,Bear Valley Animal Hospital,(760) 240-5228,20991 Bear Valley Rd,Apple Valley,92308,General Practice,"Tuesday: 7:30 AM – 6:00 PM
Wednesday: 7:30 AM – 6:00 PM
Thursday: 7:30 AM – 6:00 PM
Friday: 7:30 AM – 6:00 PM
Saturday: 7:30 AM – 6:00 PM
Sunday: 8:00 AM – 4:00 PM",Called - Got Prices,,Yes,Yes,Customer Rep,"No dental services without anaesthesia
Dental care with anaesthesia depends on the stage of pet dental issues
vet tech fee depends on vaccine and services to be rendered
","75 
(With appointment)","varies
N/A","45
(Exact)","58
(Exact)",,,"42
(Exact)","56.75
(Exact)","55.25
(Exact)",,,"547
(Exact)","410
(Exact)","Varies 
(N/A)","N/A
They don't offer this",,,,800 (Deposit) + Additional fees depending on procedures,"125
(Starting fees)",,,
29,SoCal Equine Hospital- Apple Valley,(760) 247-4226,10083 Deep Creek Rd #8322,Apple Valley,92308,General Practice,"Tuesday: 9:00 AM – 5:30 PM
Wednesday: 9:00 AM – 5:30 PM
Thursday: 9:00 AM – 5:30 PM
Friday: 9:00 AM – 5:30 PM
Saturday: 9:00 AM – 5:30 PM",Wrong Specialty,,,,Customer Rep,"They are closed on weekends 
Will call back on monday
Called back today
They only speclailize in Horses",,,,,,,,,,,,,,,,,,,,,,,
30,St. Constantine & Hellen veterinary center,(760) 646-9007,18031 CA-18 Ste. A,Apple Valley,92307,General Practice,Monday: Open 24 hours,Called - Refused,Declined to Share,,,Customer Care rep,They stated I need to come in first before they could give me prices,,,,,,,,,,,,,,,,,,,,,,,
31,Arcadia Animal Hospital,(626) 447-2244,311 N Santa Anita Ave,Arcadia,91006,General Practice,"Tuesday: 8:00 AM – 6:30 PM
Wednesday: 8:00 AM – 6:30 PM
Thursday: 8:00 AM – 6:30 PM
Friday: 8:00 AM – 6:30 PM
Saturday: 8:00 AM – 6:30 PM
Sunday: 8:00 AM – 6:30 PM",Called - Got Prices,,Yes,Yes,Customer Care rep,"The rep was super helpful
Their standard exam fee is lower for the first pet you bring in
Bordetella prices are divided into injectables and oral
Their spay and neuter prices are dependent on the exams
They couldn't disclose their dentai care with anaesthesia prices over the phone
They do not conduct dental care without anaesthesia
","61.75 (for first pet you bring in)
86.75 (for other pets and appointments)","25
(Exact)","30 - 31
(Range)","47 - 48 ( with lepto package)
33 (without lepto)
",,,"35 (Oral)
48 (Injectable)",77.98 (Exact),31 (Exact),,,"Depending on the initial exam
N/A","Depending on the initial exam
N/A","Depending on the initial exam
N/A","They don't offer this 
N/A",,,,135 (Exact),110 (Starting Fees),,,
32,"Foothill Equine - Drs. Peralez, Brown, and Bennett",(626) 446-8911,1009 N Santa Anita Ave,Arcadia,91006,General Practice,"Tuesday: 8:00 AM – 5:00 PM
Wednesday: 8:00 AM – 5:00 PM
Thursday: 8:00 AM – 5:00 PM
Friday: 8:00 AM – 5:00 PM
Saturday: 8:00 AM – 5:00 PM",Wrong Specialty,,Unknown,,Customer Care rep,They Specialize in Horses only,,,,,,,,,,,,,,,,,,,,,,,
33,Las Tunas Animal Hospital,(626) 446-7174,108 Las Tunas Dr,Arcadia,91007,General Practice,"Tuesday: 9:00 AM – 12:00 PM
Tuesday: 2:00 PM – 6:00 PM
Wednesday: 9:00 AM – 12:00 PM
Wednesday: 2:00 PM – 6:00 PM
Thursday: 9:00 AM – 12:00 PM
Thursday: 2:00 PM – 6:00 PM
Friday: 9:00 AM – 12:00 PM
Friday: 2:00 PM – 6:00 PM
Saturday: 9:00 AM – 12:00 PM
Saturday: 2:00 PM – 6:00 PM
Sunday: 9:00 AM – 11:00 AM",Called - Got Prices,,Yes,No,Customer Care rep,"They are closed 
Will call back on monday
Called back today the rep said that the doctor is currently available part time at the moment and because of this they do not offer emergency care, same day urgent care visits, spay, neuters and most surgeries
They also don't charge vet tech fees
They don't offer Lepto and Canine flu vaccinations
They also don't offer DHPP but they offer DA2PP which costs 35","79
(Exact Prices)","No vet tech fee
N/A","30
(Exact Prices)","They don't offer this 
N/A",,,35 (Exact Prices),"They don't offer this 
N/A","They don't offer this 
N/A",,,"They  don't offer this doctor currently works part time
N/A","They  don't offer this doctor currently works part time
N/A","They  don't offer this doctor currently works part time
N/A","They don't offer this
N/A",,,,"They  don't offer this doctor currently works part time
N/A","They  don't offer this doctor currently works part time
N/A",,,
34,Azusa Animal Hospital,(626) 598-8106,457 E Arrow Hwy Unit G,Azusa,91702,General Practice,"Tuesday: 8:00 AM – 6:00 PM
Wednesday: 8:00 AM – 6:00 PM
Thursday: 10:00 AM – 5:00 PM
Friday: 8:00 AM – 6:00 PM
Saturday: 8:00 AM – 5:00 PM
Sunday: 8:00 AM – 2:00 PM",Called - Got Prices,,Yes,Yes,Customer Care Rep,"They don't do urgent or emergency care visits
They also do not perform dental care without anaesthesia
There are no vet tech fees
First time pets get two doses of canine flu",60 (Exact),"No vet tech fee
N/A",40 (Exact),45 (Exact),,,42 (Exact),"110 (first time, 2 doses price)
55 (1 dose)",45 (Exact),,,1196 (Exact),1136 (Exact),"1200 - 2400
(Range)","They don't offer this
N/A","They don't offer this
N/A","They don't offer this
N/A","They don't offer this
N/A","They don't offer this
N/A","They don't offer this
N/A",,,
35,Barstow Animal Hospital,(760) 252-1239,2500 E Main St,Barstow,92311,General Practice,"Tuesday: 8:00 AM – 5:00 PM
Wednesday: 8:00 AM – 5:00 PM
Thursday: 8:00 AM – 5:00 PM
Friday: 8:00 AM – 5:00 PM
Saturday: 8:00 AM – 5:00 PM",Called - Got Prices,,Yes,Yes,Customer Care Rep,"Call back on monday
Called back today
They do not do emergency or urgent care visits strictly general practice
They don't offer dental care without anaesthesia and for the general dental care the rep says the dog has to see the doctor to determine cost 
They also don't offer canine flu or lepto vaccinations
The Bordetella and DHPP are the same prices 73 for first time and 76 for subsequent times",45,"They don't offer this 
N/A","23 (for first time)
25 (for subsequent times)","73 (for first time)
76 (for subsequent times)","73 (for first time)
76 (for subsequent times)","73 (for first time)
76 (for subsequent times)","73 (for first time)
76 (for subsequent times)","They don't offer this 
N/A","They don't offer this 
N/A",,,"403
(Exact price)","383
(Exact price)",Price varies (N/A),"They don't offer this
N/A","They don't offer this
N/A","They don't offer this
N/A","They don't offer this
N/A","They don't offer this citing general practice
N/A","They don't offer this
N/A",,,
36,Isa Companion Animal Clinic,(760) 256-1649,790 E Main St,Barstow,92311,General Practice,"Tuesday: 1:00 PM – 5:00 PM
Wednesday: 1:00 PM – 5:00 PM
Friday: 1:00 PM – 5:00 PM",No Answer,,No,,,"Closed on weekends
Plus they do not accept new clients",,,,,,,,,,,,,,,,,,,,,,,
37,Animal Care Clinic,(562) 920-1795,10404 Rosecrans Ave,Bellflower,90706,General Practice,"Tuesday: 9:00 AM – 6:00 PM
Wednesday: 9:00 AM – 6:00 PM
Thursday: 9:00 AM – 6:00 PM
Friday: 9:00 AM – 6:00 PM
Saturday: 9:00 AM – 6:00 PM
Sunday: 9:00 AM – 1:00 PM",Called - Got Prices,,Yes,Yes,Customer Service,"Closed on weekends
Will call back on monday
Called back today 
They do not offer influenza vaccine nor emergency and urgent care visits (general clinic)
They do not do dental cleanings without anaesthesia
They don't charge vet tech fee","50 (Exact Price)
","N/A
They don't charge that","20.50
(Exact Price)","30.50
(Exact Price)",,,25.50 (Exact Price),"N/A
They don't offer that","35.50
(Exact Price)",,,"340
(Exact Price)","254
(Exact Price)","1000
(Starting Price)","They don't offer this
N/A","They don't offer this
N/A","They don't offer this
N/A","They don't offer this
N/A","They don't offer this
N/A","They don't offer this
N/A",,,
38,Bellflower Pet Hospital & Hotel,(562) 925-5300,10326 Artesia Blvd,Bellflower,90706,General Practice,"Tuesday: 9:00 AM – 5:00 PM
Wednesday: 9:00 AM – 5:00 PM
Thursday: 9:00 AM – 5:00 PM
Friday: 9:00 AM – 5:00 PM
Saturday: 9:00 AM – 5:00 PM
Sunday: 9:00 AM – 1:00 PM",Called - Got Prices,,Yes,Yes,,"Closed 
Will call back on monday
Called today, they don't perform dental care without anaesthesia
They also do not offer emergency after hours or urgent care (same day) visits
Their Rabies, DHPP and Bordetella are all the same price
They offer lepto as a combo with DHPP but DHPP can be offered seperately",65 (Exact Price),"N/A
They don't charge that","30
(Exact Price)","30
(Exact Price)","30
(Exact Price)","30
(Exact Price)","30
(Exact Price)","49
(Exact Price)","39

( Exact price as a combo package with Dhpp)",,,"700
(Exact Price)","500
(Exact Price)","700
(Start Price)","They don't offer this
N/A",,,,"They don't offer this
N/A","Varies on the dog's condition
N/A",,,
39,Bellwood Animal Hospital,(562) 272-7777,17435 Lakewood Blvd,Bellflower,90706,General Practice,"Monday: 10:00 AM – 12:00 AM
Tuesday: 10:00 AM – 12:00 AM
Wednesday: 10:00 AM – 12:00 AM
Thursday: 10:00 AM – 12:00 AM
Friday: 10:00 AM – 11:00 PM
Saturday: 10:00 AM – 12:00 AM
Sunday: 10:00 AM – 12:00 AM",Called - Got Prices,,Yes,Yes,Customer Care rep,"Dental care with anaesthesia depends on what they find when examined by the doctor
They don't carry lepto or canine flu vaccines
They also don't have vet tech fees","150
(Exact)","They don't have this
N/A","25
(Exact)","26
(Exact)",,,"32.99
(Exact)","They don't have this
N/A""","They don't have this 
N/A",,,500 - 800,350 - 500,"Have to see the doctor to determine procedure
N/A","395 
(Start Price)",,,,,,,,
40,Amanda Foundation,(310) 278-2935,351 Foothill Rd,Beverly Hills,90210,General Practice,"Monday: 10:00 AM – 5:00 PM
Tuesday: 9:00 AM – 6:00 PM
Wednesday: 9:00 AM – 6:00 PM
Thursday: 9:00 AM – 6:00 PM
Friday: 9:00 AM – 6:00 PM
Saturday: 9:00 AM – 6:00 PM
Sunday: 9:00 AM – 6:00 PM",No Answer,,Unknown,Unknown,,"Called twice no answer Will call back later
Called back today (monday) thrice, i was told to record my name and the reason for my call to get a rep but no answer",,,,,,,,,,,,,,,,,,,,,,,
41,Beverly Hills Small Animal Hospital - John Winters DVM,(310) 276-7113,353 Foothill Rd,Beverly Hills,90210,General Practice,"Tuesday: 7:00 AM – 6:30 PM
Wednesday: 7:00 AM – 6:30 PM
Thursday: 7:00 AM – 6:30 PM
Friday: 7:00 AM – 6:30 PM
Saturday: 7:00 AM – 6:30 PM
Sunday: 7:00 AM – 5:00 PM",Called - Got Prices,,Yes,Yes,Customer Rep,"Called and left a voicemail
Awaiting a callback or will call them back later
Called back, the rep was exremely helpful
Was given the same price range for both the spay and the neuter, citing that the exact price range will be determined by the doctor
They don't provide emergency care services and was provided the exam fee for the urgent care visit with the exact price at the doctor's discretion
They do not charge vet tech fees
Their rabies, bordetella and dhpp vaccines can be administered as a combination but their standalone prices are uniform.",110 (Exact Price),"They don't charge this
N/A",52 (Exact Price),52 (Exact Price),52 (Exact Price),52 (Exact Price),52 (Exact Price),81 (Exact Price),63 (Exact Price),,,"950 - 1200 (Range, Exact price at doctor's examination)","950 - 1200 (Range, Exact price at doctor's examination)",1000 (Starting Price),227 (Starting Price),,,,"They don't offer this 
N/A","264 Exam fee
(Exact price and price range at doc's discretion)",,,
42,Dr Shipp's Animal Hospital,(310) 550-0101,351 Foothill Rd,Beverly Hills,90210,General Practice,"Tuesday: 8:00 AM – 6:00 PM
Wednesday: 8:00 AM – 6:00 PM
Thursday: 8:00 AM – 6:00 PM
Friday: 8:00 AM – 6:00 PM
Saturday: 8:00 AM – 6:00 PM
Sunday: 8:00 AM – 6:00 PM",Voicemail Left,,,,,"Called and left a voicemail
Awaiting a callback or will call them back later
Called them today (monday) twice and the calls went straight to voicemail left a voicemail at the second call awaiting their call back.",,,,,,,,,,,,,,,,,,,,,,,
43,Aloha Veterinary Hospital,(714) 462-3360,407 W Imperial Hwy suite f,Brea,92821,General Practice,"Tuesday: 8:00 AM – 5:00 PM
Wednesday: 8:00 AM – 5:00 PM
Thursday: 8:00 AM – 5:00 PM
Friday: 8:00 AM – 5:00 PM
Saturday: 8:00 AM – 5:00 PM",Called - Got Prices,,Yes,Yes,Customer Rep,"Do not perform dental care without anaesthesia
Their vaccine costs are grouped into lifestyle and core vaccines
No vet tech fees",74,N/A,"26-44
(Range, Core Vaccine","24-44
(Range Core Vaccine)",,,"37-63
(Lifestyle Vaccine)","37-63
(Lifestyle Vaccine)","37-63
(Lifestyle Vaccine)",,,"1984 -2308
(Range)","889 - 4439
(Range)
","1461 - 3078
(Range)","They don't offer this
N/A","They don't offer this
N/A","They don't offer this
N/A","They don't offer this
N/A","They don't offer this
N/A","They don't offer this
N/A",,,
44,Brea Regional Animal Hospital,(714) 988-4727,2500 E Imperial Hwy Suite 200,Brea,92821,General Practice,"Tuesday: 8:00 AM – 5:00 PM
Wednesday: 8:00 AM – 5:00 PM
Thursday: 8:00 AM – 5:00 PM
Friday: 8:00 AM – 5:00 PM
Saturday: 8:00 AM – 5:00 PM",Called - Got Prices,,Yes,Yes,,"Closed on weekends
Will call on monday
Vet tech fees apart from nail trims depends on what the vet tech would want to charge for the services
They do not provide dental care services without anaesthesia and the price for dental consultation with anaesthesia, extraction is at the doctor's discretion
They also do not provide emergency care services but their urgent care service price is at the discretion of the doctor",85 (exact fee),"dependent on service (varies)
N/A",37 (exact fee),47 (exact fee),,,40 -45 ,"55
(exact fee)","47 - 49
(exact fee)",,,495 (Starting Price),485 (Starting price),"At the doctor's discretion
N/A","They don't offer this 
N/A","They don't offer this 
N/A","They don't offer this 
N/A","They don't offer this 
N/A","They don't offer this 
N/A","At the doctor's discretion
N/A",,,
45,Brea Veterinary Hospital,(714) 529-4988,675 S Brea Blvd,Brea,92821,General Practice,"Monday: 9:00 AM – 2:00 PM
Tuesday: 9:00 AM – 6:00 PM
Wednesday: 9:00 AM – 6:00 PM
Thursday: 9:00 AM – 6:00 PM
Friday: 9:00 AM – 6:00 PM
Saturday: 9:00 AM – 6:00 PM
Sunday: 9:00 AM – 5:00 PM",Called - Got Prices,,Yes,Yes,Customer Rep,"The rep was really helpful
Exam fee for new client is different from existing clients","69 (existing client)
34 (new client)","13
(Vet tech appointment)","17.25
(Exact)","47.75
(Exact)",,,"31
(Exact)","36
(Exact)","30.50
(Exact)",,,"700
(Start price)

","375
(Start Price)","2500
(Start Price)",229,,,,"Varies depending on the emergency
N/A","89
(Exam cost)",,,
46,Founders Veterinary Clinic,(714) 990-0661,330 N Brea Blvd # F,Brea,92821,General Practice,"Tuesday: 8:00 AM – 3:00 PM
Wednesday: 8:00 AM – 6:00 PM
Thursday: 8:00 AM – 3:00 PM
Saturday: 8:00 AM – 3:00 PM
Sunday: 9:00 AM – 3:00 PM",Called - Got Prices,,Yes,Yes,Customer Rep,"Close on weekends
Call back on monday
They don't carry canine flu, Lepto
They gave me the same range for neuter and spay with exact prices depending on factors such as if the female dog is in heat
They don't offer emergency or urgent care visits
The general dental care depends on the level of extraction and procedure
Bordetella and DHPP depends are both the same price",79 (Exact price),"They do not charge a vet tech fee
N/A","30
Exact price","35
(Exact price)
","35
(Exact price)
","35
(Exact price)
","35
(Exact price)
","They don't offer this 
N/A","They don't offer this 
N/A",,,"800 - 1000
 (exact price depends on the state of the pet","800 - 1000
 (exact price depends on the state of the pet","Depends on the level of extraction and procedure to be done
N/A","194 Start price
50 additional cleaning",,,,"They don't offer this 
N/A","They don't offer this 
N/A",,,
47,Pacific Paws Animal Hospital,(714) 930-7297,710 N Brea Blvd Ste E,Brea,92821,General Practice,"Tuesday: 8:00 AM – 5:00 PM
Wednesday: 8:00 AM – 5:00 PM
Thursday: 8:00 AM – 5:00 PM
Friday: 8:00 AM – 5:00 PM
Saturday: 8:00 AM – 5:00 PM
Sunday: 8:00 AM – 4:00 PM",Called - Got Prices,,Yes,Yes,Customer Rep,"The rep was really helpful
No vet tech fee
Dental care with anaesthesia, urgent and emergency care visits varies based on situation
The rep included the price for the medications for the spay and neuter
They do not perform dental care without anaesthesia","50
(Exact)","No vet tech fee
N/A","15
(Exact)","41
(Exact)",,,"23
(Exact)","60
(Exact)","23
(Exact)",,,"337
(Start price)
Including
20-50
(medication)","287
(Start price)
Including
20-50
(medication)","Varies on the situation
N/A","They don't offer this
N/A",,,,"Varies on the pet's situation
N/A","Varies on the pet's situation
N/A",,,
48,Animal Urgent Care,(818) 296-0700,126 E Alameda Ave,Burbank,91502,General Practice,"Monday: 12:00 PM – 10:00 PM
Tuesday: 12:00 PM – 10:00 PM
Wednesday: 12:00 PM – 10:00 PM
Thursday: 12:00 PM – 10:00 PM
Friday: 12:00 PM – 10:00 PM
Saturday: 12:00 PM – 10:00 PM
Sunday: 12:00 PM – 10:00 PM",Called - Got Prices,,,,,They are strictly an urgent care facility and they do not handle general care clinic procedures,"175 (Exact general exam fee)
200 if the dog needs to be isolated","No vet tech fee
N/A","N/A
Urgent care hospital","N/A
Urgent care hospital","N/A
Urgent care hospital","N/A
Urgent care hospital","N/A
Urgent care hospital","N/A
Urgent care hospital","N/A
Urgent care hospital","N/A
Urgent care hospital","N/A
Urgent care hospital","N/A
Urgent care hospital","N/A
Urgent care hospital","N/A
Urgent care hospital","N/A
Urgent care hospital",,,,"Handled by another facility
N/A","Exact price depends on pet's condition
N/A",,,
49,"Bastet Cat Hospital, inc.",(818) 846-8600,120 E Olive Ave #18,Burbank,91502,General Practice,"Tuesday: 8:00 AM – 2:00 PM
Wednesday: 8:00 AM – 2:00 PM
Thursday: 8:00 AM – 2:00 PM
Friday: 8:00 AM – 2:00 PM
Saturday: 8:00 AM – 2:00 PM
Sunday: 8:00 AM – 2:00 PM",Wrong Specialty,,,,,They specialize in cats only,,,,,,,,,,,,,,,,,,,,,,,
50,Burbank Veterinary Center,(818) 736-5334,2118 W Burbank Blvd,Burbank,91506,General Practice,"Tuesday: 8:00 AM – 5:00 PM
Wednesday: 8:00 AM – 5:00 PM
Thursday: 8:00 AM – 5:00 PM
Friday: 8:00 AM – 5:00 PM
Saturday: 8:00 AM – 5:00 PM",Called - Refused,Declined to Share,Yes,No,Customer Rep,They stated that I would need to schedule an appointment to get the prices,,,,,,,,,,,,,,,,,,,,,,,
51,Community Animal Treatment Center (CATC),(818) 330-3403,2706 W Burbank Blvd,Burbank,91505,General Practice,"Tuesday: 7:00 AM – 4:30 PM
Wednesday: 7:00 AM – 4:30 PM
Thursday: 7:00 AM – 4:30 PM
Friday: 7:00 AM – 4:30 PM
Saturday: 7:00 AM – 4:30 PM
Sunday: 7:00 AM – 4:30 PM",Called - Got Prices,,Yes,No,Customer Rep,"The rep stated that the emergency and urgent care visit prices are on a case by case basis so it depends
They also do not provide dental care without anaesthesia
They charge different exam fees for first time clients and existing clients
","45 ( Exact First time clients)
55 ( Exact existing clients )","They don't charge that
N/A","15
(Exact)","20
(Exact)","20
(Exact)","20
(Exact)","20
(Exact)","35
(Exact)","35
(Exact)",,,"$375 - Over 
Rough estimate (Exact prices are determined by the doctor)","$375 - Over 
Rough estimate (Exact prices are determined by the doctor)","350
(Starting Price)","They do not offer that
N/A
","They do not offer that
N/A
","They do not offer that
N/A
","They do not offer that
N/A
","Depends on when the doctor examines the dog
N/A
","They do not offer that
N/A
",,,
52,Media City Animal Hospital,(818) 848-5007,1509 W Burbank Blvd,Burbank,91506,General Practice,"Tuesday: 7:00 AM – 7:00 PM
Wednesday: 7:00 AM – 7:00 PM
Thursday: 7:00 AM – 7:00 PM
Friday: 7:00 AM – 7:00 PM
Saturday: 7:00 AM – 7:00 PM
Sunday: 7:00 AM – 6:00 PM",Called - Got Prices,,Yes,Yes,Customer Rep,"They don't do urgent or emergency care visits
There are no vet tech fees
The rep gave me an estimate for the spay, neuter and general dental care prices as the exact prices of those procedured will be determined by the doctor
The prices of the vaccines except the canine flu are the same",96.60 (Exact price),"They don't charge that
N/A","45
Exact price","45
Exact price","45
Exact price","45
Exact price","45
Exact price","50
(Exact price)","45
(Exact price)",,,"1117 (Estimated price, exact price depends on when the doc examines the dog)","1070
Estimated price, exact price depends on when the doc examines the dog)","1800 - 3300 estimated range
(Depends on when the doctor examines the dog)","315
(Depends on when the doctor examines the dog)",,,,,,,,
53,Rainbow Veterinary Hospital,(818) 846-1166,2321 Empire Ave,Burbank,91504,General Practice,"Tuesday: 8:00 AM – 6:00 PM
Wednesday: 8:00 AM – 6:00 PM
Thursday: 8:00 AM – 6:00 PM
Friday: 8:00 AM – 6:00 PM
Saturday: 8:00 AM – 6:00 PM
Sunday: 8:00 AM – 4:00 PM",Called - Got Prices,,Yes,Yes,Front Desk,"The rep provided a uniform starting price for the leptoand spay, stating that the exact prices depend on doctor evaluation
They don't offer dental care withour anaesthesia
They provided an emergency care cost with a starting price of 120 plus additional costs determined by the doctor's evaluation/discretion
The vet tech doesn't charge their own fees
The fees for the vaccines except canine flu are uniform",78 (Exact fee),"They don't charge a seperate fee
N/A","41
(Exact Fee)","41
(Exact Fee)","41
(Exact Fee)","41
(Exact Fee)","41
(Exact Fee)","51
(Exact Fees)","41
(Exact Fee)",,,1000 (Starting Price) + (additional prices depending on doctor's evaluation),1000 (Starting Price) + (additional prices depending on doctor's evaluation),900 (Start Price),"They do not offer that
N/A
",,,,"They don't offer this
N/A","Depends on doctor's evaluation
N/A",,,
54,Toluca Burbank Dog & Cat Hospital,(818) 848-4202,3121 W Burbank Blvd,Burbank,91505,General Practice,"Tuesday: 8:00 AM – 12:30 PM
Tuesday: 1:00 PM – 5:30 PM
Wednesday: 8:00 AM – 12:30 PM
Wednesday: 1:00 PM – 5:30 PM
Thursday: 8:00 AM – 12:30 PM
Thursday: 1:00 PM – 5:30 PM
Friday: 8:00 AM – 12:30 PM
Friday: 1:00 PM – 5:30 PM
Saturday: 8:00 AM – 12:30 PM
Saturday: 1:00 PM – 5:30 PM
Sunday: 8:30 AM – 5:00 PM",Called - Got Prices,,Yes,Yes,Customer Rep,"They don't offer emergency care
The rep stated that the spay and neuter costs will be determined once the doctor examines the dogs incase there are other conditions
The urgent care depends on what the doctor sees when the dogs are examined so no urgent care price was provided
There are no vet tech fees",65 (Exact Price),"They don't charge these fees 
N/A",22 (Exact price),46 (Exact Price),,,28 (Exact Price),59 (Exact Price),36.50 (Exact Price),,,"Price was not provided, Depends on doctor's evaluation of pets
N/A","Price was not provided, Depends on doctor's evaluation of pets
N/A",870 (Start Price),209 (Starting price for initial visit),,,,"They don't offer this
N/A","Depends on doctor's evaluation
N/A",,,
55,VCA Burbank Animal Hospital,(818) 845-7246,2723 W Olive Ave,Burbank,91505,General Practice,"Tuesday: 8:00 AM – 5:00 PM
Wednesday: 8:00 AM – 5:00 PM
Thursday: 8:00 AM – 5:00 PM
Friday: 8:00 AM – 5:00 PM
Saturday: 8:00 AM – 5:00 PM
Sunday: 8:00 AM – 4:00 PM",Called - Got Prices,,Yes,Yes,Customer Rep,"The rep was extremely helpful
They don't offer emergency or urgent care citing General clinic
The neuter and spay costs provided were estimates the exact costs is determined when the doctor evaluates the dogs
General dental cleaning prices are also at the doctor's discretion
They don't offer dental care without anasthesia
They don't administer DHPP on its own they administer it with lepto",102 (Exact Price),"They don't charge these fees 
N/A",58 (Exact Price),"55.75
((Exact Price with Lepto combo)",,,"54
(Exact Price)","73 
(Exact Price)","55.75 (Exact Price with DHPP combo)
",,,1600 (Estimated Price),1400 (Estimated Price),"Depends on Doctor's evaluation/discretion
N/A","They do not offer that service
N/A
","They do not offer that service
N/A
","They do not offer that service
N/A
","They do not offer that service
N/A
","They do not offer that service
N/A
","They do not offer that service
N/A
",,,
56,All Animals Veterinary Hospital,(818) 600-1838,23815 Ventura Blvd,Calabasas,91302,General Practice,"Tuesday: 8:00 AM – 5:00 PM
Wednesday: 8:00 AM – 4:00 PM
Thursday: 8:00 AM – 5:00 PM
Saturday: 8:00 AM – 5:00 PM
Sunday: 9:00 AM – 4:00 PM",Called - Got Prices,,Yes,Yes,Customer Rep,"The rep was extemely helpful
I was provided an estimate of about 1000 - 3000 for both spay and neuter costs
They don't offer canine flu vaccine
For urgent care price, I was provided the exam fee of 125 plus additional fees depending on what the doctor's see when the dogs are evaluated
They don't provide dental cleaning services without anasthesia
The vet tech fees depend on the doctor as well as the services they provide. DHPP Bordetella and Lepto have the same prices",85 (Exact Price),"Varies depending on services
N/A","49.55
(Exact Price)","35.50
(Exact Price)",,,"35.50
(Exact Price)","They don't offer this
N/A","38.50
(Exact Price)",,,"1000 -3000
(Range)","1000 -3000
(Range)","1500 - 3000
(Range)","They don't offer this
N/A","They don't offer this
N/A","They don't offer this
N/A","They don't offer this
N/A","They don't offer this
N/A",125 (Exam fee) + (additional fees based on what the doctor sees upon evaluation and procedures),,,
57,Calabasas Animal Clinic & Holistic Veterinary Center,(818) 880-0888,4937 Las Virgenes Rd Suite 101,Calabasas,91302,General Practice,"Tuesday: 8:00 AM – 6:00 PM
Wednesday: 8:00 AM – 6:00 PM
Thursday: 8:00 AM – 6:00 PM
Friday: 8:00 AM – 6:00 PM
Saturday: 8:00 AM – 6:00 PM
Sunday: 8:00 AM – 6:00 PM",Called - Got Prices,,Yes,Yes,Customer Rep,"The rep was extremely helpful
There is a $9 waste fee charged with the rabies, Dhpp and Bordetella vaccines
They do not offer emergency care and dental services without anasthesia
The urgent care price provided were the exam fee + fees depending on the procedured and doctor evaluations of the pets
They don't charge vet tech fees",104 (Exact Price),"They don't charge for this
N/A","56 (Actual Price)
+
9 (Waste fees)","56 (Actual Price)
+
9 (Waste fees)","56 (Actual Price)
+
9 (Waste fees)","56 (Actual Price)
+
9 (Waste fees)","56 (Actual Price)
+
9 (Waste fees)","75
(Exact Price)","60
(Exact Fees)",,,940 - 1505 (Range),810 -1150 (Range),"1400 - 3700
(Range)","They don't offer this
N/A",,,,"They don't offer this
N/A",181 exam fee + (additonal fees incured based on doctor's evalutation and procedure),,,
58,Dog and Cat Hospital Calabasas,(818) 963-2616,22291 Mulholland Hwy,Calabasas,91302,General Practice,"Tuesday: 8:00 AM – 5:00 PM
Wednesday: 8:00 AM – 5:00 PM
Thursday: 8:00 AM – 5:00 PM
Friday: 8:00 AM – 5:00 PM
Saturday: 8:00 AM – 5:00 PM
Sunday: 8:00 AM – 1:00 PM",Called - Got Prices,,Yes,No,Customer Rep,"They don't charge vet tech fees
Rabies, DHPP and Lepto have a uniform price
I was provided the same rough estimate prices for the netuer and spay costs
They don't offer dental care without anaesthesia, they also don't provide emergency care and for urgent care they charge the same exam fee plus additional fees based on the doctor's evaluation of the pets","89
(Exact Price)","They don't charge for this
N/A","35
(Exact Price)","35
(Exact Price)",,,"37
(Exact Price)","79.35
(Exact Price)","35
(Exact Price)",,,"1600
(Esrimated Price)","1600
(Esrimated Price)","1200 - 1600
(Range)","They don't offer this
N/A",,,,"They don't offer this
N/A",89 (Exam fee) + (Additonal fees based on  doctor's evaluation),,,
59,Pacific Coast Veterinary Specialists,(818) 514-9464,5789 Las Virgenes Rd,Calabasas,91302,General Practice,,No Answer,Not yet officially open,,,,Not yet officially open to take calls ,,,,,,,,,,,,,,,,,,,,,,,
60,VetsASAP Mobile Veterinary Care,(800) 316-0403,25210 Prado De Rosado,Calabasas,91302,General Practice,,No Answer,Call Back Later,,,,Left a voicemail awaiting a callback,,,,,,,,,,,,,,,,,,,,,,,
61,Vital Equine Holistic Veterinary Medicine,(310) 800-1495,4774 Park Granada Box 9281,Calabasas,91372,General Practice,"Tuesday: 10:00 AM – 5:00 PM
Wednesday: 10:00 AM – 5:00 PM
Friday: 10:00 AM – 5:00 PM
Saturday: 10:00 AM – 2:00 PM",Wrong Specialty ,,,,,They only deal in Horses,,,,,,,,,,,,,,,,,,,,,,,
62,All Vet Care Animal Hospital and Rehabilitation,(805) 484-8777,4065 Mission Oaks Blvd,Camarillo,93012,General Practice,"Tuesday: 8:00 AM – 5:00 PM
Wednesday: 8:00 AM – 5:00 PM
Thursday: 8:00 AM – 5:00 PM
Friday: 8:00 AM – 5:00 PM
Saturday: 8:00 AM – 5:00 PM
Sunday: 8:00 AM – 2:00 PM",Called - Got Prices,,Yes,Yes,Customer Rep,"Their exam fees for weekdays are different from the saturday exam fees
Rabies and DHPP are the same price
I was given the same price ranges for spay and neuter
Emergency care costs start with the exam 135 + additional costs based on treatment and medications same as urgency care but with an exam fee of 70.50
They don't offer dental care without anasthesia","70.50 (Exact Price , Mon - Fri)
8.50 (Exact Price, Sat)","They don't charge this 
N/A","28
(Exact Price)","28
(Exact Price)",,,"46
(Exact $)","55
(Exact $)","33
(Exact $)",,,"400 - 900
(Range $)","400 - 900
(Range $)","375 + (x-ray and bloodwork)
","They do not offer this
N/A",,,,Exam fee of 135 + (additional costs depending on the pet's case),Exam fee of 70.50 + (additional costs depending on the pet's case),,,
63,Camarillo Veterinary Hospital,(805) 482-9865,258 Dawson Dr,Camarillo,93012,General Practice,"Tuesday: 8:00 AM – 5:00 PM
Wednesday: 8:00 AM – 5:00 PM
Thursday: 8:00 AM – 5:00 PM
Friday: 8:00 AM – 5:00 PM
Saturday: 8:00 AM – 5:00 PM",Called - Got Prices,,Yes,Yes,Customer Rep,"They provided me with an estimated price for spay and neueter
The rep was extemely helpful. They mentioned that these prices are the prices they offer right now but they aren't long term
They do not provide dental care without anaesthesia, emergency or urgent care 
Their dental cleaning prices do not include bloodowork or x-rays
They provide both oral and injectable Bordetalla vaccines",68 (Exact Fee),"They don't charge this 
N/A","30
(Exact Price)","30 (Exact pricr for year 1)
42 (Year 3 price)",,,"25 (Price for Oral)
29 (Price for Injection)","40
(Exact price)","36
(Exact Price)",,,"550
(Estimated Price)","400
(Estimated Price)","650 - 700 
(Estimated Range)","They do not offer this
N/A","They do not offer this
N/A","They do not offer this
N/A","They do not offer this
N/A","They do not offer this
N/A","They do not offer this
N/A",,,
64,Camarosa Veterinary Clinic,(805) 482-9823,862 Arneill Rd,Camarillo,93010,General Practice,"Tuesday: 8:30 AM – 6:00 PM
Wednesday: 8:30 AM – 6:00 PM
Thursday: 8:30 AM – 6:00 PM
Friday: 8:30 AM – 6:00 PM
Saturday: 8:30 AM – 6:00 PM",Called - Got Prices,,Not Really,Yes,Customer Rep,"The rep stated that they aren't really accepting new patients at this time
They provided an estimated range for the exam fee and for the spay and neuter fees they provided a unform range of about 500 - 800
They do not provide dental care without anaesthesia, emergency or urgent care services
They stated that their lepto is in DHLPR so no standalone price for lepto","70 -90
(Range)","They don't charge this 
N/A","28
(Exact Price)","32.50
(Exact Price)",,,27 (Exact Price),"60
(Exact Price)","There is no standalone price for this
N/A",,,"500 -800
(Range)","500 -800
(Range)","1000 -1400
(Range)","They do not offer this
N/A",,,,"They do not offer this
N/A","They do not offer this
N/A",,,
65,Central Animal Clinic,(805) 484-0465,167 N Aviador St,Camarillo,93010,General Practice,"Tuesday: 8:00 AM – 5:00 PM
Wednesday: 8:00 AM – 5:00 PM
Thursday: 8:00 AM – 5:00 PM
Friday: 8:00 AM – 5:00 PM
Saturday: 8:00 AM – 5:00 PM",Called - Got Prices,,Yes,Yes,Customer Rep,"They charge a $1.79 needle fee for all injectable vaccines
The urgent care visit fee includes a $70 exam fee plus additional fees based on doctor's evalulation and treatment
They don't charge a vet tech fee and do not offer emergency or dental care without anasthesia","51 - 70
(Range)","They don't charge this 
N/A","36 (Start Price)
1.79 (Needle Fee)","37 (Start Price) 
1.79 Needle Fee",,,"39 (Exact Price)
Oral btella only","45.42 (Start Price)
1.79 (Needle Fee)","38 (Start Price)
1.79 (Needle Fee)",,,900  (Start Price) (Including Bloodwork),800 (Start Price) (Including Bloodwork),"1300 -1800 (Range)
(195 - 270) (Cost of Bloodwork) seperate cost","They do not offer this
N/A",,,,"They do not offer this
N/A",70 (Exam fee + additional costs depending on doctor's evaluation and treatment),,,
66,Dr. Battier's Veterinary Clinic,(805) 987-7110,3639 Las Posas Rd Suite 112,Camarillo,93010,General Practice,"Tuesday: 8:00 AM – 4:00 PM
Wednesday: 8:00 AM – 4:00 PM
Thursday: 8:00 AM – 4:00 PM
Friday: 8:00 AM – 4:00 PM
Saturday: 8:00 AM – 4:00 PM",Called - Got Prices,,Yes,Yes,Customer Rep,"They currently do not have a surgeon hence no emergency, urgent care services, spays and neuters but they do perform minor dental procedures those are referred out
The rep was super helpful and nice
They also don't charge vet tech fees and they perform dental care services without anaesthesia
Their exam fees also includes one free core vaccine and if it's a lifestyle vaccine that is chosen 33.50 is deducted from the price of that vaccine and then the rest of the vaccine fee is paid with the exam fee
The  core vaccines Btella, Rabies, Lepto and DHPP are the same price
","85 (Exact price)
Including free core vaccines or subsidized lifestyle vax","They don't charge this 
N/A",33.50 (Exact Price),33.50 (Exact Price),33.50 (Exact Price),33.50 (Exact Price),33.50 (Exact Price),49 (Exact price),33.50 (Exact Price),,,"They don't perform this atm
N/A","They don't perform this atm
N/A","800 - 2500
(Range)","200 - 300
(Range)",,,,"They do not offer this
N/A","They do not offer this
N/A",,,
67,Las Posas Veterinary Medical Center,(805) 987-6587,78 E Daily Dr,Camarillo,93010,General Practice,"Tuesday: 8:00 AM – 6:00 PM
Wednesday: 8:00 AM – 6:00 PM
Thursday: 8:00 AM – 6:00 PM
Friday: 8:00 AM – 6:00 PM
Saturday: 8:00 AM – 6:00 PM
Sunday: 8:00 AM – 5:00 PM",Called - Got Prices,,Yes,Yes,Customer Rep,"They mostly refer out their emergency care services
They don't perform dental services without anasthesia
They don't charge vet tech fees",87 (Exact),"They don't charge this 
N/A",26.85 (Exact Price),29.35 (Exact Price),,,36.55 (Exact Price),89.75 (Exat Price),66.70 (Exact Price),,,1130 (Exact),1500 (Exact),1500 (Esrimated Price),"They do not offer this
N/A",,,,"They refer this out but they handle minor emergency
The prices for minot emergencies is at doc's discretion
N/A",150 (Exam fee + additional fees at doctor's discretion after evaluating dog),,,     
68,Mission Oaks Veterinary Clinic,(805) 388-5561,5800 Santa Rosa Rd #126,Camarillo,93012,General Practice,"Tuesday: 8:30 AM – 5:30 PM
Wednesday: 8:30 AM – 5:30 PM
Thursday: 8:30 AM – 5:30 PM
Friday: 8:30 AM – 5:30 PM
Saturday: 8:30 AM – 5:30 PM",Called - Got Prices,,Yes,No,Customer Rep,"They do not offer dental care without anasthesia
They do not charge a vet tech fee
Emergency fees are the standard exam fee + (Additional fees based on the treatment the doctor recommends and that is the same for the urgent care/ same day care fees
The DHPP they offer is a combo of DHPP + Lepto",73 (Exact),"They don't charge this 
N/A",27 (Exact fee),"31.75
(Exact price DHPP + Lepto combo)",,,26 (Exact fee),54 (Exact fee),29 (Exact fee),,,"676 - 1100
Range","500 - 700 
(Range)","850 -1900
(Range)","They do not offer this
N/A",,,,73 exam fee + (additional fees depending on the treatment given by doc),73 exam fee + (additional fees depending on the treatment given by doc),,,
69,Pet Headquarters,(805) 388-1990,4920 Verdugo Way,Camarillo,93012,General Practice,"Tuesday: 8:00 AM – 10:00 PM
Wednesday: 8:00 AM – 10:00 PM
Thursday: 8:00 AM – 10:00 PM
Friday: 8:00 AM – 10:00 PM
Saturday: 8:00 AM – 10:00 PM
Sunday: 8:00 AM – 7:00 PM",Called - Got Prices,,Yes,Yes,Customer Rep,"The rep was super helpful 
They charge a biohazard fee of 5.45 per Injectable vaccine visit not per vaccine
They do not offer dental care without anasthesia 
Their emergency care visit has an exam fee of 94 plus additonal fees depending on the treatment given by the doctor and the urgent care visit has the regular exam fee of 61 + any treatment given by the doctor
They don't charge vet tech fees",61 (Exact fee),"They don't charge this 
N/A",32.94 (Exact cost),"40.65
(Exact Cost)",,,"29.70
(Exact cost)","50.60
(Exact cost)","27.50
(Exact cost)",,,"690.15
(Exact cost for female dogs 41 - 60 pounds)","563.60
(Exact cost for male dogs 30 - 60 pounds)","857.95
(Estimate w/o exatraction)","They do not offer this
N/A",,,,94 exam fee + (Additional fees depending on treatment given by doc),61 exam fee + (additiona fees depending on treatment given by doc),,,
70,Pleasant Valley Animal Hospital,(805) 482-8951,2174 Pickwick Dr,Camarillo,93010,General Practice,"Tuesday: 9:00 AM – 6:00 PM
Wednesday: 9:00 AM – 6:00 PM
Thursday: 9:00 AM – 6:00 PM
Friday: 9:00 AM – 6:00 PM
Saturday: 9:00 AM – 6:00 PM",Called - Got Prices,Declined to Share,Yes,Yes,Customer Rep,"I was talking to a rep and was put on a brief hold to get the prices of the vaccines and then I got another rep
They stated that they do not offer emergency and urgent care services
I was only provided the standard exam and the vet tech appointment fee the other fees I requested for the other rep stated that I needed to come in wth my pets first to get the price of the vaccines, dental, spay and neuter","183
(Exam fee)","22
(Exacr appointment fee)","At doc's discretion
N/A","At doc's discretion
N/A","At doc's discretion
N/A","At doc's discretion
N/A","At doc's discretion
N/A","At doc's discretion
N/A","At doc's discretion
N/A","At doc's discretion
N/A","At doc's discretion
N/A","At doc's discretion
N/A","At doc's discretion
N/A","At doc's discretion
N/A","At doc's discretion
N/A",,,,"N/A
They don't offer this","N/A
They don't offer this",,,
71,Progressive Equine,(805) 482-1902,601 E Daily Dr # 114,Camarillo,93010,General Practice,"Tuesday: 8:00 AM – 5:00 PM
Wednesday: 8:00 AM – 5:00 PM
Thursday: 8:00 AM – 5:00 PM
Friday: 8:00 AM – 5:00 PM
Saturday: 8:00 AM – 5:00 PM",Wrong Specialty,,,,,They only deal in Horses,,,,,,,,,,,,,,,,,,,,,,,
72,Bressi Ranch Pet Hospital,(760) 931-8431,2700 Gateway Rd,Carlsbad,92009,General Practice,"Tuesday: 8:00 AM – 6:00 PM
Wednesday: 8:00 AM – 6:00 PM
Thursday: 8:00 AM – 6:00 PM
Friday: 8:00 AM – 6:00 PM
Saturday: 8:00 AM – 6:00 PM
Sunday: 8:00 AM – 6:00 PM",Called - Got Prices,,Yes,Yes,Customer Care,"When I tolld the reps the dog's age were 10 months they stated that They wait till the dog's are a year old to administer spay and neuter
They don't do dental care without anasthesia
They also don't charge vet tech fees
Bordetella and DHPP are the same price",97 (Exact Price),"They don't charge this
N/A",38 (Exact Fees),41 (Exact Fees),41 (Exact Fees),41 (Exact Fees),41 (Exact Fees),58 (Exact Fees),41 (Exact fees),,,"Not provided this price
N/A","Not provided this price
N/A","1300 -1600 (Range)
W/o extractions","They don't offer this 
N/A",,,,97 standard exam fee + (additional fees determined by the doc),97 standard exam fee + (additional fees determined by the doc),,,
73,Canyon Creek Animal Hospital,(760) 632-1212,7730 Rancho Santa Fe Rd # 104,Carlsbad,92009,General Practice,"Tuesday: 8:00 AM – 5:00 PM
Wednesday: 8:00 AM – 5:00 PM
Thursday: 8:00 AM – 5:00 PM
Friday: 8:00 AM – 5:00 PM
Saturday: 8:00 AM – 5:00 PM",Called - Got Prices,,Yes,Yes,Customer Care,"They do not offer emergency care or urgent care services
They also do not provide dental care without anaesthesia
They do not charge vet tech fees",90 (Exact Price),"They don't charge this
N/A",37 (Exact cost),48 (Exact Cost),,,45 (Oral ) (Exact fees),58 (Exact Fees),47 (Exact fees),,,"1500
(Starting Price)","1300
(Starting Price)","1900
(Starting Price)","They don't offer this 
N/A","They don't offer this 
N/A","They don't offer this 
N/A","They don't offer this 
N/A","They don't offer this 
N/A",90 standard exam fee + (additional fees determined by the doc),,,
74,Carlsbad Animal Hospital,(760) 729-4431,2739 State St,Carlsbad,92008,General Practice,"Monday: 10:00 AM – 4:00 PM
Tuesday: 8:00 AM – 7:00 PM
Wednesday: 8:00 AM – 7:00 PM
Thursday: 8:00 AM – 7:00 PM
Friday: 8:00 AM – 7:00 PM
Saturday: 8:00 AM – 7:00 PM
Sunday: 8:00 AM – 5:00 PM",Called - Got Prices,,Yes,Yes,Customer Care,"They also do not provide dental care without anaesthesia
They do not charge vet tech fees
Their emergency and urgent care visit fees are 164 exam fee + additional costs depending on doctor's treatment
They charge a biohazard fee of 5.50 for every vaccine appointment not per vaccine",100 (Exact Prices),"They don't charge this
N/A",52 (Exact),53 (Exact),,,26 (Exact),54 (Exacr ),"54.50 
(Exact)",,,"1000
(Starting)","700
Starting","900 -1000
W/O extraction","They don't offer this 
N/A",,,,164 + (Additional fees depending on treatment given by doc),164 + (Additional fees depending on treatment given by doc),,,
75,Coastal Animal Hospital,(760) 230-2249,2584 El Camino Real a1,Carlsbad,92008,General Practice,"Tuesday: 8:00 AM – 6:00 PM
Wednesday: 8:00 AM – 6:00 PM
Thursday: 8:00 AM – 6:00 PM
Friday: 8:00 AM – 6:00 PM
Saturday: 8:00 AM – 6:00 PM
Sunday: 9:00 AM – 5:00 PM",Called - Got Prices,,Yes,Yes,Customer Care,"They do not charge vet tech fees
Tkey don't provide dental care without anasthesia
They don't offer DHPP they offer DAP",89 (Exact cost),"They don't charge this
N/A",35 (Exact),"Offers DAP
N/A",,,"57
(Exact)",66 (exact),52 (Exact),,,"2000 - 2300
(Starting)","1000 - 1300
starting","1800 
(Starting estimate)","They don't offer this 
N/A",,,,164 + (Additional fees depending on treatment given by doc),112 + (Additional fees depending on treatment given by doc),,,
76,Companion Animal Wellness Center,(760) 444-0342,2626 El Camino Real B,Carlsbad,92008,General Practice,"Tuesday: 7:30 AM – 5:30 PM
Wednesday: 7:30 AM – 5:30 PM
Thursday: 7:30 AM – 5:30 PM
Friday: 7:30 AM – 5:30 PM
Saturday: 7:30 AM – 5:30 PM",Called - Got Prices,,Yes,Yes,Customer Rep,"The rep was extremely helpful and knowledegable
They are an integrative clinc
Don't offer dental care without anaesthesia
They charge a med waste fee of $7.50 per vaccination visit not per vaccine
They don't offer canine flu vaccine, emergency care visits and dental cleaning without anasthesia","106
(Exact fee)","10 - 35
(Range depending on service)","41.50
(Exact fee + Waste fee 7.50)","52.34
(Exact fee + Waste fee 7.50)",,,"45.26
(Exact fee + Waste fee 7.50)","They don't offer this
N/A","47.50
(Exact fee + Waste fee 7.50)",,,"600 - 900
(Range)","500 - 700
(Range)","1200 - 1500
(Range)","They don't offer this 
N/A",,,,"They don't offer this 
N/A",Standard exam fee + (additional fees depending on treatment),,,
77,La Costa Animal Hospital,(760) 944-1266,7668 El Camino Real #101,Carlsbad,92009,General Practice,"Tuesday: 8:00 AM – 5:00 PM
Wednesday: 8:00 AM – 5:00 PM
Thursday: 8:00 AM – 5:00 PM
Friday: 8:00 AM – 5:00 PM
Saturday: 8:00 AM – 5:00 PM",Called - Got Prices,,Yes,Yes,Customer Rep,"They do not offer dental care without anasthesia
They do not charge a vet tech fee
I was provided an estimated range for the emergency care visit exam fee, an estimated fee for the spay and neuter based on the previous ones performed, and was told that the spay and neuter costs depend on the doctor seeing the pet
The urgency fee is the standard exam fee + (Additional costs depending on the procedure and treatment)","110
(Exact fee)","They don't charge this
N/A","55
(Exact fee)","60
(Exact fee)",,,"45
(Exact fee","55
(Exact fee)","60
(Exact fee)",,,"-943
(Starting Price)","-943
(Starting Price)","Depends on doctor's evaluation and treatment
N/A","They don't offer this 
N/A",,,,180 - 190 (Range) Exam fee + (additional fees based on doc's evaluation and treatment),Standard exam fee 110 + (additional fees depending on treatment),,,
78,Mohnacky Animal Hospitals of Carlsbad,(760) 729-3330,2505 S Vista Way,Carlsbad,92008,General Practice,"Tuesday: 8:00 AM – 6:00 PM
Wednesday: 8:00 AM – 6:00 PM
Thursday: 8:00 AM – 6:00 PM
Friday: 8:00 AM – 6:00 PM
Saturday: 8:00 AM – 6:00 PM
Sunday: 8:00 AM – 4:00 PM",Called - Got Prices,,Yes,Yes,Customer Rep,"They have two different prices for spay and neuter costs for dogs 60 pounds and under and dogs over 60 pounds
They don't offer dental cleanings without anasthesia","90
(Exact fee)""","22
(Exact cost)","23.59
(Exact cost)","31.46
(Exact cost)",,,"28.30
(Exact cost)","91.12
(Exact cost)","31.46
(Exact cost)",,,"525 (0-60 lbs)
625 (over 60 lbs)","625 (0-60 lbs)
725 (over 60 lbs)","487 Starting Price
Not including extraction, bloodwork or x-ray","They don't offer this 
N/A",,,,126 + (additional fees per doc evaluation and treatment),Standard exam fee 90 + (additional fees depending on treatment),,,
79,Pacific Coast Veterinary Dentistry & Oral Surgery,(760) 230-1818,2010 Cassia Rd Unit100,Carlsbad,92009,General Practice,"Tuesday: 8:00 AM – 5:00 PM
Wednesday: 8:00 AM – 5:00 PM
Thursday: 8:00 AM – 5:00 PM
Friday: 8:00 AM – 5:00 PM
Saturday: 8:00 AM – 5:00 PM",Called - Got Prices,,Yes,Unknown,Customer Rep,"They specialize in dentistry only
They charge a 500 surgical reservation fee for urgent surgeries
The rep stated exam fee to go up to 150 by June","99
(Exact Consultation fee)","They don't charge this
N/A","They don't offer this
N/A","They don't offer this
N/A","They don't offer this
N/A","They don't offer this
N/A","They don't offer this
N/A","They don't offer this
N/A","They don't offer this
N/A","They don't offer this
N/A","They don't offer this
N/A","They don't offer this
N/A","They don't offer this
N/A",99 (consultation fee + additional fees depending on doc's evaluation and treatment),"They don't offer this 
N/A",,,,99 consultation fee + (additional fees depending on doc's evaluation and treatment),99 consultation fee + (additional fees depending on doc's evaluation and treatment),,,
80,Sandy Paws Animal Clinic,(760) 730-6700,7040 Avenida Encinas #109,Carlsbad,92011,General Practice,"Tuesday: 8:00 AM – 5:30 PM
Wednesday: 9:00 AM – 7:00 PM
Thursday: 8:00 AM – 5:30 PM
Friday: 9:00 AM – 7:00 PM
Saturday: 8:00 AM – 5:30 PM
Sunday: 9:00 AM – 5:00 PM",Called - Refused,Declined to Share,Yes,Yes,Customer Rep,"They only gave me fees for the exam fee and vet tech fee but they refused to give me the fees for the other services and vaccines stating that the pet would have to visit the doctor first before disclosing fees
They don't offer dental care without anasthesia","100
(Exact fee)","30
(Exact Fee)","Not disclosed
N/A","Not disclosed
N/A","Not disclosed
N/A","Not disclosed
N/A","Not disclosed
N/A","Not disclosed
N/A","Not disclosed
N/A","Not disclosed
N/A","Not disclosed
N/A","Not disclosed
N/A","Not disclosed
N/A","Not disclosed
N/A","They don't offer this 
N/A",,,,"Not disclosed
N/A","Not disclosed
N/A",,,
81,Surgipet - Surgery Center for Pets,(760) 290-8390,655 Laguna Dr,Carlsbad,92008,General Practice,"Monday: 8:00 AM – 6:00 PM
Tuesday: 8:00 AM – 6:00 PM
Wednesday: 8:00 AM – 6:00 PM
Thursday: 8:00 AM – 6:00 PM
Friday: 8:00 AM – 6:00 PM
Saturday: 8:00 AM – 6:00 PM
Sunday: 8:00 AM – 6:00 PM",Called - Got Prices,,Yes,Yes,Customer Rep,They only basically specialize in orthopedic surgeries,"120
(Exacr fee)","They don't charge this
N/A","They don't offer this
N/A","They don't offer this
N/A","They don't offer this
N/A","They don't offer this
N/A","They don't offer this
N/A","They don't offer this
N/A","They don't offer this
N/A","They don't offer this
N/A","They don't offer this
N/A","They don't offer this
N/A","They don't offer this
N/A","They don't offer this
N/A","They don't offer this
N/A",,,,"This is on a case by case basis
N/A","They don't offer this
N/A",,,
82,The Village Animal Hospital,(760) 205-8292,1040 Carlsbad Village Dr #104,Carlsbad,92008,General Practice,"Tuesday: 8:00 AM – 6:00 PM
Wednesday: 8:00 AM – 6:00 PM
Thursday: 8:00 AM – 6:00 PM
Friday: 8:00 AM – 6:00 PM
Saturday: 8:00 AM – 6:00 PM
Sunday: 8:00 AM – 4:00 PM",Called - Got Prices,,Yes,Yes,Customer Rep,"The DHPP and lepto can be adminstered as a combo and seperate
Sometimes the urgent visits can carry the 120 exam fee + (additional fees depending on the pet's condition
They don't perform dental care without anaesthesia
The rep provided me with the same Starting price for lepto, spay and dental cleaning","93 
(Per pet)","They don't charge this
N/A","34
(Exact fee)","42 (By itself)
57 (DHPP + Lepto combo)",,,42 (Exact fee),39 (Exact fee),"42 (By itself)
57 (DHPP + Lepto combo)",,,900 (starting),900 (starting),900 (starting),"They don't offer this
N/A",,,,120 + (additional visits depending on doc's evaluation and treatment),"120 + (additional visits depending on doc's evaluation and treatment)
Sometimes there are no exam fees charged",,,
83,VCA Aviara Animal Hospital,(760) 438-7766,6986 El Camino Real d,Carlsbad,92009,General Practice,"Tuesday: 8:30 AM – 6:00 PM
Wednesday: 8:30 AM – 6:00 PM
Thursday: 8:30 AM – 6:00 PM
Friday: 8:30 AM – 6:00 PM
Saturday: 8:30 AM – 6:00 PM
Sunday: 9:00 AM – 4:00 PM",Called - Got Prices,,Yes,Yes,Customer Rep,"I was provided the same price ranges for spay and neuter
They don't charge vet tech fees
Their dental cleanings include bloodwork and extractions and their prices depend on doc's evaluation 
They don't offer emergency care services ","97
(ExacT Price)","They don't charge this
N/A","60
(Exact fee)","70
(Exact fee)","70
(Exact fee)","70
(Exact fee)","70
(Exact fee)","80
(Exact fee)","70
(Exact fee)",,,"1000 - 2000
( Est Range)","1000 - 2000
( Est Range)","Depends on doctor's evaluation and treatment 
N/A","They don't offer this
N/A",,,,"They don't offer this
N/A",97 + (additional costs depending on doc's evaluation and treatment),,,
84,VCA California Veterinary Specialists-Carlsbad,(760) 431-2273,2310 Faraday Ave,Carlsbad,92008,General Practice,Monday: Open 24 hours,Called - Got Prices,,Yes,Yes,Customer Rep,"They are a specialty clinic they only deal on emergencies so they do not give vaccines and dental care
They don't charge different fees for vet tech services",180 (Exact fees),"They don't charge this
N/A","They don't offer this
N/A","They don't offer this
N/A","They don't offer this
N/A","They don't offer this
N/A","They don't offer this
N/A","They don't offer this
N/A","They don't offer this
N/A","They don't offer this
N/A","They don't offer this
N/A","They don't offer this
N/A","They don't offer this
N/A","They don't offer this
N/A","They don't offer this
N/A",,,,275 Emergency consulation fee + additional services depending on doc's evaluation and treatment,180 +  additional services depending on doc's evaluation and treatment,,,
85,Avalon Animal Hospital & Bird Clinic,(310) 835-0111,22404 S Avalon Blvd,Carson,90745,General Practice,"Tuesday: 8:00 AM – 6:00 PM
Wednesday: 8:00 AM – 6:00 PM
Thursday: 8:00 AM – 6:00 PM
Friday: 8:00 AM – 6:00 PM
Saturday: 8:00 AM – 6:00 PM
Sunday: 8:00 AM – 1:30 PM",Called - Got Prices,,Yes,Yes,Customer Care,"for the emergency and urgent care visits I was presented with the same exam fee of 170 
They do not offer dental care without anasthesia
I was also provided the same price for neuter and spay
They don't charge vet tech fees
I was provided the same price for all vaccines except for canine flu",77 (Exact Price),"They don't charge this
N/A","180
Exact Price","180
Exact Price","180
Exact","180
Exact","180
Exact Price","45
Exact Price","180
Exact Price",,,"720 
Exact Price","720 
Exact Price","880
Estimated Price","They don't offer this
N/A",,,,170 + (additional services depending on docs evaluation and treatment),170 + (additional services depending on docs evaluation and treatment),,,
86,Torrance Animal hospital,(310) 328-4419,21617 S Figueroa St,Carson,90745,General Practice,"Tuesday: 8:00 AM – 6:00 PM
Wednesday: 8:00 AM – 6:00 PM
Thursday: 8:00 AM – 6:00 PM
Saturday: 8:00 AM – 6:00 PM",Called - Got Prices,,Yes,Yes,Customer Care,"They do not offer dental cleanings without anasthesia
Their vaccines are the same price except canine flu
The exam fee for the urgent care visits can either be the same standard exam fee + additional costs depending on doctor's evaluation and treatment
They do not charge vet tech fees",77 (Exact Price),"They don't charge this
N/A","103.90
Exact Price","103.90
Exact Price","103.90
Exact Price","103.90
Exact Price","103.90
Exact Price","45
(Exact Price)","103.90
Exact Price",,,"720 
Exact Price","720 
Exact Price",Varies depending on the patient's oral health evaluation,"They don't offer this
N/A",,,,170 + (additional services depending on docs evaluation and treatment),77 (Standard fee + additional services depending on docs svaluation and treatment),,,
87,Animal Health Center,null,68766 Perez Rd,Cathedral City,92234,General Practice,,,,,,,The price wasn't provided on the spreadsheet,,,,,,,,,,,,,,,,,,,,,,,
88,Carter Animal Hospital,(760) 324-8811,36701 Date Palm Dr,Cathedral City,92234,General Practice,"Tuesday: 8:00 AM – 5:00 PM
Wednesday: 8:00 AM – 5:00 PM
Thursday: 8:00 AM – 5:00 PM
Friday: 8:00 AM – 5:00 PM
Saturday: 8:00 AM – 5:00 PM",Voicemail Left,,,,,"Called twice no answer was sent straignt to voicemail
Left a voicemail.
Awaiting a call back",,,,,,,,,,,,,,,,,,,,,,,
89,Ridgeline Veterinary Clinic,(760) 507-1500,68100 Ramon Road Suite A7/8,Cathedral City,92234,General Practice,"Tuesday: 8:00 AM – 5:00 PM
Wednesday: 8:00 AM – 5:00 PM
Thursday: 8:00 AM – 5:00 PM
Friday: 8:00 AM – 5:00 PM
Saturday: 8:00 AM – 5:00 PM",Called - Got Prices,,Yes,Yes,,"The rep stated that their emergency visit exam fee varies as they are not open 24 hours and it's on a case by case basis
They don't charge vet tech fees
They also do not perform dental care without anasthesia","80 Per Pet 
(Exact Price)","They don't charge this
N/A","32
(Exact Price)","34
(Exact Price)",,,"32
(Exact Price)","55
(Exact Price)","65
(Exact Price)",,,"700 - 878
(Range)","670 - 860
(Range)","1000 + (additional fees due to extraction, bloodwork etc)","230 - 260
(Range)",,,,"Varies on case by case
N/A","80 (Exam fee) + additional fees based on evaluation and treatment
N/A",,,
90,The Cat Clinic,(760) 325-3400,67870 Vista Chino Suite 102,Cathedral City,92234,General Practice,"Tuesday: 9:00 AM – 5:00 PM
Wednesday: 9:00 AM – 5:00 PM
Thursday: 9:00 AM – 5:00 PM
Friday: 9:00 AM – 5:00 PM
Saturday: 9:00 AM – 5:00 PM",Wrong Specialty,,,,,They only specialize in cats,,,,,,,,,,,,,,,,,,,,,,,
91,Artesia Animal Hospital,(562) 865-2677,20200 Pioneer Blvd,Cerritos,90703,General Practice,"Tuesday: 9:00 AM – 5:00 PM
Wednesday: 9:00 AM – 5:00 PM
Thursday: 9:00 AM – 5:00 PM
Friday: 9:00 AM – 5:00 PM
Saturday: 9:00 AM – 5:00 PM
Sunday: 9:00 AM – 12:30 PM",Called - Got Prices,,Yes,Unknown,Front Desk,"They don't offer spay and neuter services
They don't charge vet tech fees
They don't offer emergency services
","75
(Exact)","They don't offer this
N/A","44
(Exact Price)","44
(Exact Price)",,,"39
(Exact Price)","39
(Exact Price)","39
(Exact Price)",,,"They stated they don't offer this
N/A","They stated they don't offer this
N/A","1200 - 1500
(Range)","They don't offer this
N/A",,,,"They don't offer this
N/A",75 + (additional fees based on evaluation and treatment),,,
92,Cerritos Animal Hospital,(562) 517-7207,13291 South St,Cerritos,90703,General Practice,"Tuesday: 9:00 AM – 6:00 PM
Wednesday: 9:00 AM – 6:00 PM
Thursday: 9:00 AM – 6:00 PM
Friday: 9:00 AM – 6:00 PM
Saturday: 9:00 AM – 6:00 PM
Sunday: 9:00 AM – 2:00 PM",Called - Got Prices,,Yes,Yes,Front Desk,"The rep was super helpful
They give 30% off standard examinations for first time visits
They don't offer dental cleanings without anasthesia
They don't charge vet tech fees","27.50 (First time client)
55 (Existing clients)","They don't charge this
N/A","30
(Exact Price)","31
(Exact Price)",,,"30
(Exact Price)","53
(Exact Price)","33
(Exact Price)",,,"745.50
(Starting Price)","503.30
(Starting Price)","542.50
(Start Price)","They don't offer this
N/A",,,,120 (Emergency exam fee + additional costs depending on treatment),"27.50 (First time client) + (Additional fees based on treatment)
55 (Existing clients) + (Additional fees based on treatment)",,,
93,VCA Lakewood Animal Hospital,(562) 926-3600,10701 South St,Cerritos,90703,General Practice,Tuesday: 7:00 AM – 8:00 PM,Called - Got Prices,,Yes,Yes,Customer Rep,"The rep was super helpful
They stated that the Urgent care exam fee was the same as the emergency exam fee
They gave me the same starting price for neuter and spay
The exam fee is free for new clients
They don't charge vet tech fees
 Rep stated that preoperative bloodwork has to be done before dental cleaning appointment","130 (Exact fee for existing clients)
Free for new clients","They don't charge this
N/A","82
(Exact fee)","67
(Exact fee)",,,"62
(Exact fee)","72
(Exact price)","62
(Exact fee)",,,"400 + fees depending on evaluation of the female dog, to get exact price","400 + fees depending on evaluation of the male dog, to get exact price","1500 - 3000
Range

","They don't offer this
N/A",,,,170 (Emergency exam fee + additional costs depending on treatment),,,,
94,Chino Veterinary Hospital,(909) 628-5155,12578 Central Ave,Chino,91710,General Practice,"Tuesday: 9:00 AM – 6:00 PM
Wednesday: 9:00 AM – 6:00 PM
Thursday: 9:00 AM – 6:00 PM
Friday: 9:00 AM – 6:00 PM
Saturday: 9:00 AM – 6:00 PM
Sunday: 9:00 AM – 12:00 PM",Called - Got Prices,,Yes,Yes,Customer Rep,"They don't charge vet tech fees
They don't offer dental care without anaesthesia and emergency care
They charge the exam fee for neuter and spay visits",74 (Exact),"They don't charge this
N/A","30
(Exact fee)","42
(Exact fee)",,,"30
(Exact fee)","45
(Exact Price)","42
(Exact fee)",,,584 (Exact price + 74 Standard examination fee),477 (Exact price + 74 standard exam fee),"400 - 1100
Range","They don't offer this
N/A",,,,"They don't offer this
N/A",74 + (additional fees depending on treatment),,,
95,Country Animal Clinic Inc.,(909) 627-3561,6691 Riverside Dr,Chino,91710,General Practice,"Tuesday: 8:00 AM – 6:00 PM
Wednesday: 8:00 AM – 6:00 PM
Thursday: 8:00 AM – 4:00 PM
Friday: 8:00 AM – 6:00 PM
Saturday: 8:00 AM – 6:00 PM
Sunday: 8:00 AM – 4:00 PM",Called - Got Prices,,Yes,Yes,Customer Rep,"They don't charge vet tech fees
They don't offer dental services without anasthesia or emergency services
They have discouted prices for all vaccines",74 (Exact),"They don't charge this
N/A","155.72 (Full Price)
102 (discounted price)","155.72 (Full Price)
102 (discounted price)","155.72 (Full Price)
102 (discounted price)","155.72 (Full Price)
102 (discounted price)","155.72 (Full Price)
102 (discounted price)","74.29 (Full Price)
55 (Discounted price)","70 (Full Price)
42 (Discounted Price)",,,584 (Exact Price),477 (Exact Price),"Depends on doctor's evaluation of pet's oral health
Varies
N/A","They don't offer this
N/A",,,,"They don't offer this
N/A",135 + (additional fees depending on treatment),,,
96,Francis Animal Hospital,(909) 591-6581,5284 Francis Ave,Chino,91710,General Practice,"Tuesday: 8:00 AM – 11:00 AM
Tuesday: 3:00 PM – 5:00 PM
Wednesday: 8:00 AM – 11:00 AM
Wednesday: 3:00 PM – 5:00 PM
Thursday: 8:00 AM – 11:00 AM
Thursday: 3:00 PM – 5:00 PM
Friday: 8:00 AM – 11:00 AM
Friday: 3:00 PM – 5:00 PM
Saturday: 8:00 AM – 11:00 AM
Saturday: 3:00 PM – 5:00 PM
Sunday: 9:00 AM – 12:00 PM",Called - Got Prices,,Yes,Yes,Customer Rep,"They are a one doctor clinic
The rep was super helpful
They stated that they don't usually offer urgent care service because of the wait times
They don't charge vet tech fees and they don't do dental care services without anaesthesia
They don't do neuter or spays for dogs over 60 lbs",55 (Exact),"They don't charge this
N/A","22
(Exact fees)","27
(Exact fees)",,,"25
(Exact fees)","50
(Exact fees)","20
(Exact fees)",,,360 (Exact price),275 (Exact price),"350 (Starting price)
25 per extraction","They don't offer this
N/A",,,,55 (additional fees depending on treatment),"They don't usually offer this
N/A",,,
97,"Loving Hands Animal Hospital, Inc",(909) 591-2273,4108 Edison Ave #111,Chino,91710,General Practice,"Wednesday: 9:00 AM – 7:00 PM
Thursday: 9:00 AM – 7:00 PM
Friday: 9:00 AM – 7:00 PM
Saturday: 9:00 AM – 7:00 PM",,,,,,,,,,,,,,,,,,,,,,,,,,,,,
98,Chino Hills Parkway Pet Hospital,(909) 606-8900,4040 Chino Hills Pkwy,Chino Hills,91709,General Practice,"Tuesday: 9:00 AM – 6:00 PM
Wednesday: 9:00 AM – 6:00 PM
Thursday: 9:00 AM – 6:00 PM
Friday: 9:00 AM – 6:00 PM
Saturday: 9:00 AM – 6:00 PM
Sunday: 9:00 AM – 4:00 PM",,,,,,,,,,,,,,,,,,,,,,,,,,,,,
99,Chino Valley Equine Hospital,(909) 628-5545,2945 English Pl,Chino Hills,91709,General Practice,Monday: Open 24 hours,,,,,,,,,,,,,,,,,,,,,,,,,,,,,
100,Paw In Hand,(424) 343-3861,"Chino Hills, CA 91709, USA",Chino Hills,91709,General Practice,,,,,,,,,,,,,,,,,,,,,,,,,,,,,,
101,Payne Ranch Vet Clinic,(909) 465-0044,13890 Peyton Dr STE D,Chino Hills,91709,General Practice,"Tuesday: 9:00 AM – 12:00 PM
Tuesday: 2:30 PM – 5:30 PM
Wednesday: 9:00 AM – 12:00 PM
Wednesday: 2:30 PM – 5:30 PM
Friday: 9:00 AM – 12:00 PM
Friday: 2:30 PM – 5:30 PM
Saturday: 9:00 AM – 1:00 PM
Sunday: 9:00 AM – 1:30 PM",,,,,,,,,,,,,,,,,,,,,,,,,,,,,
102,Pets 'N' Vets Animal Hospital,(909) 597-1300,4200 Chino Hills Pkwy #680,Chino Hills,91709,General Practice,"Monday: 8:00 AM – 9:00 PM
Tuesday: 8:00 AM – 8:00 PM
Wednesday: 8:00 AM – 8:00 PM
Thursday: 8:00 AM – 8:00 PM
Friday: 8:00 AM – 8:00 PM
Saturday: 8:00 AM – 9:00 PM
Sunday: 8:00 AM – 9:00 PM",,,,,,,,,,,,,,,,,,,,,,,,,,,,,
103,Priceless Pets Rescue- Vet Clinic,(909) 662-1440,15350 Fairfield Ranch Rd STE I,Chino Hills,91709,General Practice,"Tuesday: 9:00 AM – 5:00 PM
Wednesday: 9:00 AM – 5:00 PM
Friday: 8:30 AM – 4:30 PM
Saturday: 9:00 AM – 5:00 PM",,,,,,,,,,,,,,,,,,,,,,,,,,,,,
104,Silver Paws Pet Hospice,(909) 217-9372,3560 Grand Ave,Chino Hills,91709,General Practice,"Monday: 9:00 AM – 10:00 PM
Tuesday: 9:00 AM – 10:00 PM
Wednesday: 9:00 AM – 10:00 PM
Thursday: 9:00 AM – 10:00 PM
Friday: 9:00 AM – 10:00 PM
Saturday: 9:00 AM – 10:00 PM
Sunday: 9:00 AM – 10:00 PM",,,,,,,,,,,,,,,,,,,,,,,,,,,,,
105,TLC Animal Clinic,(909) 606-1588,2575 Chino Hills Pkwy B,Chino Hills,91709,General Practice,"Tuesday: 8:00 AM – 6:00 PM
Wednesday: 8:00 AM – 6:00 PM
Thursday: 8:00 AM – 6:00 PM
Friday: 8:00 AM – 6:00 PM
Saturday: 8:00 AM – 6:00 PM
Sunday: 9:00 AM – 4:00 PM",,,,,,,,,,,,,,,,,,,,,,,,,,,,,
106,Amazon Animal Hospital,(619) 476-0053,1172 3rd Ave d8,Chula Vista,91911,General Practice,"Tuesday: 9:00 AM – 6:00 PM
Wednesday: 9:00 AM – 6:00 PM
Friday: 9:00 AM – 6:00 PM
Saturday: 9:00 AM – 5:00 PM
Sunday: 9:00 AM – 3:00 PM",,,,,,,,,,,,,,,,,,,,,,,,,,,,,
107,Eastlake Village Vet Clinic,(619) 482-9100,2260 Otay Lakes Rd #113,Chula Vista,91915,General Practice,"Tuesday: 8:30 AM – 5:00 PM
Wednesday: 8:30 AM – 5:00 PM
Thursday: 8:30 AM – 2:00 PM
Friday: 8:30 AM – 5:00 PM
Saturday: 8:30 AM – 5:00 PM
Sunday: 8:30 AM – 2:00 PM",,,,,,,,,,,,,,,,,,,,,,,,,,,,,
108,Escaya Veterinarians,(619) 737-3003,1930 Avenida Escaya Suite 105,Chula Vista,91913,General Practice,"Tuesday: 9:00 AM – 6:00 PM
Wednesday: 9:00 AM – 6:00 PM
Thursday: 9:00 AM – 6:00 PM
Friday: 9:00 AM – 6:00 PM
Saturday: 9:00 AM – 6:00 PM
Sunday: 9:00 AM – 6:00 PM",,,,,,,,,,,,,,,,,,,,,,,,,,,,,
109,Otay Pet Vets,(619) 421-1698,2015 Birch Rd #107,Chula Vista,91915,General Practice,"Monday: 9:00 AM – 6:00 PM
Tuesday: 7:00 AM – 7:00 PM
Wednesday: 7:00 AM – 7:00 PM
Thursday: 7:00 AM – 7:00 PM
Friday: 7:00 AM – 7:00 PM
Saturday: 7:00 AM – 7:00 PM
Sunday: 7:00 AM – 7:00 PM",,,,,,,,,,,,,,,,,,,,,,,,,,,,,
110,Pacific Pet Hospital,(619) 585-7387,1466 Melrose Ave,Chula Vista,91911,General Practice,"Tuesday: 8:00 AM – 5:00 PM
Wednesday: 8:00 AM – 5:00 PM
Thursday: 8:30 AM – 2:00 PM
Friday: 8:00 AM – 5:00 PM
Saturday: 8:00 AM – 5:00 PM
Sunday: 8:30 AM – 2:00 PM",,,,,,,,,,,,,,,,,,,,,,,,,,,,,
111,Pet Emergency & Specialty Center-South County,(619) 591-4802,885 Canarios Ct Suite 108,Chula Vista,91910,General Practice,Monday: Open 24 hours,,,,,,,,,,,,,,,,,,,,,,,,,,,,,
112,Rolling Hills Pet Hospital,(619) 656-6400,2457 Fenton St,Chula Vista,91914,General Practice,"Tuesday: 8:00 AM – 6:30 PM
Wednesday: 8:00 AM – 6:30 PM
Thursday: 8:00 AM – 6:30 PM
Friday: 8:00 AM – 6:30 PM
Saturday: 8:00 AM – 6:30 PM
Sunday: 8:30 AM – 1:30 PM",,,,,,,,,,,,,,,,,,,,,,,,,,,,,
113,South Bay Veterinary Hospital,(619) 422-6186,1038 Broadway,Chula Vista,91911,General Practice,"Tuesday: 8:00 AM – 5:00 PM
Wednesday: 8:00 AM – 5:00 PM
Thursday: 8:00 AM – 5:00 PM
Friday: 8:00 AM – 5:00 PM
Saturday: 8:00 AM – 5:00 PM",,,,,,,,,,,,,,,,,,,,,,,,,,,,,
114,Telegraph Canyon Animal Medical Center,(619) 421-1323,577 Telegraph Canyon Rd,Chula Vista,91910,General Practice,"Tuesday: 7:30 AM – 6:00 PM
Wednesday: 7:30 AM – 6:00 PM
Thursday: 7:30 AM – 6:00 PM
Friday: 7:30 AM – 6:00 PM
Saturday: 7:30 AM – 6:00 PM
Sunday: 8:00 AM – 4:00 PM",,,,,,,,,,,,,,,,,,,,,,,,,,,,,
115,The Pet Clinic-Chula Vista,(619) 422-0194,3326 Main St,Chula Vista,91911,General Practice,"Tuesday: 8:00 AM – 5:00 PM
Wednesday: 8:00 AM – 5:00 PM
Thursday: 8:00 AM – 5:00 PM
Friday: 8:00 AM – 5:00 PM
Saturday: 8:00 AM – 5:00 PM",,,,,,,,,,,,,,,,,,,,,,,,,,,,,
116,VCA Bonita Animal Hospital,(619) 427-2233,3438 Bonita Rd,Chula Vista,91910,General Practice,"Tuesday: 7:00 AM – 6:00 PM
Wednesday: 7:00 AM – 6:00 PM
Thursday: 7:00 AM – 6:00 PM
Friday: 7:00 AM – 6:00 PM
Saturday: 7:00 AM – 6:00 PM",,,,,,,,,,,,,,,,,,,,,,,,,,,,,
117,Alleve Animal Hospital,(909) 624-0800,562 E Baseline Rd,Claremont,91711,General Practice,"Tuesday: 9:00 AM – 5:00 PM
Wednesday: 9:00 AM – 5:00 PM
Thursday: 9:00 AM – 5:00 PM
Friday: 9:00 AM – 5:00 PM
Saturday: 9:00 AM – 5:00 PM
Sunday: 9:00 AM – 4:00 PM",,,,,,,,,,,,,,,,,,,,,,,,,,,,,
118,Chaparral Pet Hospital,(909) 625-1561,915 W Foothill Blvd # A,Claremont,91711,General Practice,"Tuesday: 7:00 AM – 6:00 PM
Wednesday: 7:00 AM – 8:00 PM
Thursday: 7:00 AM – 6:00 PM
Friday: 7:00 AM – 8:00 PM
Saturday: 7:00 AM – 6:00 PM
Sunday: 8:00 AM – 5:00 PM",,,,,,,,,,,,,,,,,,,,,,,,,,,,,
119,Claremont Veterinary Hospital,(909) 638-1218,1324 N Claremont Blvd,Claremont,91711,General Practice,"Tuesday: 8:00 AM – 6:00 PM
Wednesday: 8:00 AM – 6:00 PM
Thursday: 8:00 AM – 6:00 PM
Friday: 8:00 AM – 6:00 PM
Saturday: 8:00 AM – 6:00 PM
Sunday: 8:00 AM – 12:00 PM",,,,,,,,,,,,,,,,,,,,,,,,,,,,,
120,Peppertree Animal Hospital,(909) 766-2880,320 S Indian Hill Blvd,Claremont,91711,General Practice,"Tuesday: 8:00 AM – 6:00 PM
Wednesday: 8:00 AM – 6:00 PM
Thursday: 8:00 AM – 6:00 PM
Friday: 8:00 AM – 6:00 PM
Saturday: 8:00 AM – 6:00 PM",,,,,,,,,,,,,,,,,,,,,,,,,,,,,
121,Colton Animal Hospital,(909) 825-4335,1309 N Mt Vernon Ave,Colton,92324,General Practice,"Tuesday: 9:00 AM – 2:00 PM
Wednesday: 9:00 AM – 2:00 PM
Thursday: 9:00 AM – 2:00 PM
Friday: 9:00 AM – 2:00 PM
Saturday: 9:00 AM – 2:00 PM
Sunday: 9:00 AM – 12:00 PM",,,,,,,,,,,,,,,,,,,,,,,,,,,,,
122,Healthy Paws Pet Hospital,null,3M8G+X5,Colton,92324,General Practice,,,,,,,,,,,,,,,,,,,,,,,,,,,,,,
123,Affordable Animal Hospital: Compton,(310) 639-1234,1040 S Long Beach Blvd,Compton,90221,General Practice,"Tuesday: 9:00 AM – 5:00 PM
Wednesday: 9:00 AM – 6:00 PM
Thursday: 9:00 AM – 6:00 PM
Friday: 9:00 AM – 5:00 PM
Saturday: 9:00 AM – 6:00 PM
Sunday: 9:00 AM – 6:00 PM",,,,,,,,,,,,,,,,,,,,,,,,,,,,,
124,Alameda Animal Hospital,(310) 638-4149,925 Alameda St,Compton,90220,General Practice,"Wednesday: 9:00 AM – 6:00 PM
Thursday: 9:00 AM – 6:00 PM
Friday: 9:00 AM – 6:00 PM
Saturday: 9:00 AM – 6:00 PM
Sunday: 9:00 AM – 6:00 PM",,,,,,,,,,,,,,,,,,,,,,,,,,,,,
125,9Tails Veterinary Clinic,(951) 268-6269,1973 Foothill Pkwy #103,Corona,92881,General Practice,"Monday: 12:00 PM – 5:00 PM
Tuesday: 9:00 AM – 3:00 PM
Wednesday: 11:00 AM – 7:00 PM
Thursday: 9:30 AM – 4:30 PM
Friday: 11:00 AM – 7:00 PM
Saturday: 11:00 AM – 7:00 PM
Sunday: 9:00 AM – 3:00 PM",,,,,,,,,,,,,,,,,,,,,,,,,,,,,
126,Animal Hospital of Eagle Glen,(951) 340-9200,2279 Eagle Glen Pkwy STE 108,Corona,92883,General Practice,"Tuesday: 8:00 AM – 6:00 PM
Wednesday: 8:00 AM – 6:00 PM
Thursday: 8:00 AM – 6:00 PM
Friday: 8:00 AM – 6:00 PM
Saturday: 8:00 AM – 6:00 PM
Sunday: 9:00 AM – 2:00 PM",,,,,,,,,,,,,,,,,,,,,,,,,,,,,
127,Animal Medical Center of Corona,(951) 493-6771,91 E Grand Blvd #102,Corona,92879,General Practice,"Tuesday: 9:00 AM – 6:00 PM
Wednesday: 9:00 AM – 6:00 PM
Thursday: 9:00 AM – 6:00 PM
Friday: 9:00 AM – 6:00 PM
Saturday: 9:00 AM – 6:00 PM",,,,,,,,,,,,,,,,,,,,,,,,,,,,,
128,Centennial Animal Hospital,(951) 371-7383,1935 Compton Ave,Corona,92881,General Practice,"Tuesday: 8:00 AM – 7:30 PM
Wednesday: 8:00 AM – 7:30 PM
Thursday: 8:00 AM – 5:30 PM
Friday: 8:00 AM – 7:30 PM
Saturday: 8:00 AM – 7:30 PM
Sunday: 8:00 AM – 5:00 PM",,,,,,,,,,,,,,,,,,,,,,,,,,,,,
129,Circle City Animal Hospital,(951) 737-7912,1302 E 6th St,Corona,92879,General Practice,"Tuesday: 9:00 AM – 4:30 PM
Wednesday: 9:00 AM – 4:30 PM
Thursday: 9:00 AM – 12:00 PM
Friday: 9:00 AM – 4:30 PM
Saturday: 9:00 AM – 4:30 PM
Sunday: 9:00 AM – 2:00 PM",,,,,,,,,,,,,,,,,,,,,,,,,,,,,
130,Corona Animal Emergency Center,(951) 482-5137,541 N Main St Suite 107,Corona,92880,General Practice,Monday: Open 24 hours,,,,,,,,,,,,,,,,,,,,,,,,,,,,,
131,Corona Animal Hospital,(951) 735-1642,1565 Yorba St,Corona,92882,General Practice,"Tuesday: 8:00 AM – 5:00 PM
Wednesday: 8:00 AM – 5:00 PM
Friday: 8:00 AM – 5:00 PM
Saturday: 8:00 AM – 5:00 PM",,,,,,,,,,,,,,,,,,,,,,,,,,,,,
132,Corona Community Veterinary Hospital,(951) 279-7387,423 E Grand Blvd,Corona,92879,General Practice,"Tuesday: 8:00 AM – 6:00 PM
Wednesday: 8:00 AM – 6:00 PM
Thursday: 8:00 AM – 6:00 PM
Friday: 8:00 AM – 6:00 PM
Saturday: 8:00 AM – 6:00 PM
Sunday: 8:00 AM – 6:00 PM",,,,,,,,,,,,,,,,,,,,,,,,,,,,,
133,Sacred Hearts Veterinary Hospital,(951) 340-2805,326 Adams Cir,Corona,92882,General Practice,"Tuesday: 9:00 AM – 6:00 PM
Wednesday: 9:00 AM – 6:00 PM
Thursday: 9:00 AM – 6:00 PM
Friday: 9:00 AM – 6:00 PM
Saturday: 9:00 AM – 6:00 PM",,,,,,,,,,,,,,,,,,,,,,,,,,,,,
134,South Corona Pet Hospital,(951) 898-3647,1551 E Ontario Ave STE 101,Corona,92881,General Practice,"Tuesday: 8:00 AM – 5:30 PM
Wednesday: 8:00 AM – 6:00 PM
Thursday: 8:00 AM – 5:30 PM
Saturday: 8:00 AM – 5:30 PM
Sunday: 9:00 AM – 3:30 PM",,,,,,,,,,,,,,,,,,,,,,,,,,,,,
135,Sycamore Creek Animal Hospital,(951) 277-5200,11882 De Palma Rd #2A,Corona,92883,General Practice,"Tuesday: 8:00 AM – 6:00 PM
Wednesday: 8:00 AM – 6:00 PM
Thursday: 8:00 AM – 6:00 PM
Friday: 8:00 AM – 6:00 PM
Saturday: 8:00 AM – 6:00 PM",,,,,,,,,,,,,,,,,,,,,,,,,,,,,
136,Tillema Veterinary Clinic,(951) 547-1675,708 N Main St #708,Corona,92878,General Practice,"Tuesday: 8:30 AM – 12:00 PM
Tuesday: 1:00 PM – 6:00 PM
Wednesday: 8:30 AM – 12:00 PM
Wednesday: 1:00 PM – 6:00 PM
Thursday: 8:30 AM – 12:00 PM
Thursday: 1:00 PM – 6:00 PM
Friday: 8:30 AM – 12:00 PM
Friday: 1:00 PM – 6:00 PM
Saturday: 8:30 AM – 12:00 PM
Saturday: 1:00 PM – 6:00 PM",,,,,,,,,,,,,,,,,,,,,,,,,,,,,
137,VCA Aacacia Animal Hospital,(951) 371-1002,939 W 6th St,Corona,92882,General Practice,"Tuesday: 8:00 AM – 6:00 PM
Wednesday: 8:00 AM – 6:00 PM
Thursday: 8:00 AM – 6:00 PM
Friday: 8:00 AM – 6:00 PM
Saturday: 8:00 AM – 6:00 PM",,,,,,,,,,,,,,,,,,,,,,,,,,,,,
138,Coronado Animal Care facility,null,1395 1st St,Coronado,92118,General Practice,,,,,,,,,,,,,,,,,,,,,,,,,,,,,,
139,Coronado Veterinary Hospital,(619) 435-6281,150 Orange Ave,Coronado,92118,General Practice,"Tuesday: 8:00 AM – 5:00 PM
Wednesday: 8:00 AM – 5:00 PM
Thursday: 8:00 AM – 5:00 PM
Friday: 8:00 AM – 5:00 PM
Saturday: 8:00 AM – 5:00 PM",,,,,,,,,,,,,,,,,,,,,,,,,,,,,
140,Purple Paws Pet Clinic,(619) 762-5651,817 Orange Ave,Coronado,92118,General Practice,"Tuesday: 8:30 AM – 6:00 PM
Wednesday: 8:30 AM – 6:00 PM
Thursday: 8:30 AM – 6:00 PM
Friday: 8:30 AM – 6:00 PM
Saturday: 8:30 AM – 6:00 PM
Sunday: 9:00 AM – 6:00 PM",,,,,,,,,,,,,,,,,,,,,,,,,,,,,
141,All Creatures Care Cottage,(949) 642-7151,601 W 19th St #200,Costa Mesa,92627,General Practice,"Tuesday: 7:30 AM – 6:00 PM
Wednesday: 7:30 AM – 6:00 PM
Thursday: 7:30 AM – 6:00 PM
Friday: 7:30 AM – 6:00 PM
Saturday: 7:30 AM – 6:00 PM",,,,,,,,,,,,,,,,,,,,,,,,,,,,,
142,Baker Bristol Pet Hospital,(714) 546-0010,2976 Bristol St,Costa Mesa,92626,General Practice,"Tuesday: 7:00 AM – 6:00 PM
Wednesday: 7:00 AM – 6:00 PM
Thursday: 7:00 AM – 6:00 PM
Friday: 7:00 AM – 6:00 PM
Saturday: 7:00 AM – 6:00 PM
Sunday: 7:00 AM – 2:00 PM",,,,,,,,,,,,,,,,,,,,,,,,,,,,,
143,Costa Mesa Animal Hospital,(949) 548-3794,480 E 17th St,Costa Mesa,92627,General Practice,"Monday: 9:00 AM – 1:00 PM
Tuesday: 7:00 AM – 7:00 PM
Wednesday: 7:00 AM – 7:00 PM
Thursday: 7:00 AM – 7:00 PM
Friday: 7:00 AM – 7:00 PM
Saturday: 7:00 AM – 7:00 PM
Sunday: 9:00 AM – 4:00 PM",,,,,,,,,,,,,,,,,,,,,,,,,,,,,
144,Fairview Pet Hospital,(714) 556-1125,1175 Baker St,Costa Mesa,92626,General Practice,"Tuesday: 8:00 AM – 6:00 PM
Wednesday: 8:00 AM – 6:00 PM
Thursday: 8:00 AM – 6:00 PM
Friday: 8:00 AM – 6:00 PM
Saturday: 8:00 AM – 6:00 PM
Sunday: 9:00 AM – 1:00 PM",,,,,,,,,,,,,,,,,,,,,,,,,,,,,
145,Mesa West Pet Hospital,(949) 642-9142,1870 Placentia Ave,Costa Mesa,92627,General Practice,"Tuesday: 8:00 AM – 4:00 PM
Wednesday: 8:00 AM – 4:00 PM
Thursday: 8:00 AM – 1:00 PM
Friday: 8:00 AM – 4:00 PM
Saturday: 8:00 AM – 4:00 PM",,,,,,,,,,,,,,,,,,,,,,,,,,,,,
146,Modern Animal Costa Mesa,(949) 603-0432,462 E 17th St Suite B,Costa Mesa,92627,General Practice,"Monday: 8:00 AM – 4:00 AM
Tuesday: 8:00 AM – 6:00 PM
Wednesday: 8:00 AM – 6:00 PM
Thursday: 8:00 AM – 6:00 PM
Friday: 8:00 AM – 6:00 PM
Saturday: 8:00 AM – 6:00 PM
Sunday: 8:00 AM – 6:00 PM",,,,,,,,,,,,,,,,,,,,,,,,,,,,,
147,Newport Harbor Animal Hospital,(949) 631-1030,125 Mesa Dr,Costa Mesa,92627,General Practice,"Monday: 9:00 AM – 5:00 PM
Tuesday: 7:00 AM – 7:00 PM
Wednesday: 7:00 AM – 7:00 PM
Thursday: 7:00 AM – 7:00 PM
Friday: 7:00 AM – 7:00 PM
Saturday: 7:00 AM – 7:00 PM
Sunday: 7:00 AM – 5:00 PM",,,,,,,,,,,,,,,,,,,,,,,,,,,,,
148,Newport Mesa Animal Hospital,(949) 642-2100,1542 Newport Blvd,Costa Mesa,92627,General Practice,"Tuesday: 9:30 AM – 6:00 PM
Wednesday: 9:30 AM – 6:00 PM
Thursday: 9:30 AM – 6:00 PM
Friday: 9:30 AM – 6:00 PM
Saturday: 9:30 AM – 6:00 PM",,,,,,,,,,,,,,,,,,,,,,,,,,,,,
149,Ranch Heights Veterinary,(949) 630-3517,2651 Irvine Ave Ste 128,Costa Mesa,92627,General Practice,"Monday: 10:00 AM – 4:00 PM
Tuesday: 8:00 AM – 5:00 PM
Wednesday: 8:00 AM – 5:00 PM
Thursday: 8:00 AM – 5:00 PM
Friday: 8:00 AM – 5:00 PM
Saturday: 8:00 AM – 5:00 PM",,,,,,,,,,,,,,,,,,,,,,,,,,,,,
150,VCA Airport Irvine Animal Hospital,(714) 754-1033,1206 Bristol St,Costa Mesa,92626,General Practice,"Tuesday: 7:30 AM – 6:00 PM
Wednesday: 7:30 AM – 6:00 PM
Thursday: 7:30 AM – 6:00 PM
Friday: 7:30 AM – 6:00 PM
Saturday: 7:30 AM – 6:00 PM
Sunday: 7:30 AM – 2:00 PM",,,,,,,,,,,,,,,,,,,,,,,,,,,,,
151,Covina Animal Hospital,(626) 331-5374,302 E San Bernardino Rd,Covina,91723,General Practice,"Tuesday: 7:30 AM – 6:00 PM
Wednesday: 7:30 AM – 6:00 PM
Thursday: 7:30 AM – 6:00 PM
Friday: 7:30 AM – 6:00 PM
Saturday: 7:30 AM – 6:00 PM
Sunday: 7:30 AM – 5:00 PM",,,,,,,,,,,,,,,,,,,,,,,,,,,,,
152,Covina Pet Care,(626) 382-2871,602 N Azusa Ave,Covina,91722,General Practice,"Tuesday: 8:00 AM – 6:00 PM
Wednesday: 8:00 AM – 6:00 PM
Thursday: 8:00 AM – 6:00 PM
Friday: 8:00 AM – 6:00 PM
Saturday: 8:00 AM – 5:00 PM",,,,,,,,,,,,,,,,,,,,,,,,,,,,,
153,Cypress Animal Hospital,(626) 331-0775,1400 Cypress St,Covina,91724,General Practice,"Tuesday: 8:00 AM – 6:00 PM
Wednesday: 8:00 AM – 6:00 PM
Thursday: 8:00 AM – 6:00 PM
Friday: 8:00 AM – 6:00 PM
Saturday: 8:00 AM – 6:00 PM
Sunday: 8:00 AM – 1:00 PM",,,,,,,,,,,,,,,,,,,,,,,,,,,,,
154,Emergency Animal Hospital of San Gabriel Valley,(626) 995-1479,712 N Citrus Ave,Covina,91723,General Practice,"Tuesday: 6:00 PM – 8:00 AM
Wednesday: 6:00 PM – 8:00 AM
Thursday: 6:00 PM – 8:00 AM
Friday: 6:00 PM – 8:00 AM
Saturday: 6:00 PM – 12:00 AM",,,,,,,,,,,,,,,,,,,,,,,,,,,,,
155,ACCESS Specialty Animal Hospitals - Los Angeles,(310) 558-6100,9599 Jefferson Blvd,Culver City,90232,General Practice,Monday: Open 24 hours,,,,,,,,,,,,,,,,,,,,,,,,,,,,,
156,Brent-Air Animal Hospital🐾🩺,(310) 478-0011,4477 Sepulveda Blvd,Culver City,90230,General Practice,"Tuesday: 8:00 AM – 5:30 PM
Wednesday: 8:00 AM – 5:30 PM
Thursday: 8:00 AM – 5:30 PM
Friday: 8:00 AM – 5:30 PM
Saturday: 8:00 AM – 4:30 PM",,,,,,,,,,,,,,,,,,,,,,,,,,,,,
157,City of Angels Vet Spec Care,(310) 558-6170,9599 Duquesne Ave,Culver City,90232,General Practice,Monday: Open 24 hours,,,,,,,,,,,,,,,,,,,,,,,,,,,,,
158,Culver City Animal Hospital,(310) 836-4551,5830 Washington Blvd,Culver City,90232,General Practice,"Tuesday: 9:00 AM – 5:00 PM
Wednesday: 9:00 AM – 5:00 PM
Thursday: 9:00 AM – 5:00 PM
Friday: 9:00 AM – 5:00 PM
Saturday: 9:00 AM – 5:00 PM
Sunday: 9:00 AM – 3:00 PM",,,,,,,,,,,,,,,,,,,,,,,,,,,,,
159,Eye Care for Animals - Culver City,(310) 558-6150,9599 Jefferson Blvd,Culver City,90232,General Practice,"Tuesday: 8:00 AM – 5:00 PM
Wednesday: 8:00 AM – 5:00 PM
Thursday: 8:00 AM – 5:00 PM
Friday: 8:00 AM – 5:00 PM
Saturday: 8:00 AM – 5:00 PM
Sunday: 8:00 AM – 1:00 PM",,,,,,,,,,,,,,,,,,,,,,,,,,,,,
160,Fox Hills Animal Hospital,(310) 397-4883,5558 Sepulveda Blvd,Culver City,90230,General Practice,"Tuesday: 9:00 AM – 5:30 PM
Wednesday: 9:00 AM – 5:30 PM
Thursday: 9:00 AM – 5:30 PM
Friday: 9:00 AM – 5:30 PM
Saturday: 9:00 AM – 5:30 PM
Sunday: 9:00 AM – 2:00 PM",,,,,,,,,,,,,,,,,,,,,,,,,,,,,
161,Let's MoVET Mobile Veterinary Care,(310) 935-3888,4127 Sepulveda Blvd,Culver City,90230,General Practice,"Tuesday: 8:00 AM – 6:00 PM
Wednesday: 8:00 AM – 6:00 PM
Thursday: 10:00 AM – 4:00 PM
Friday: 8:00 AM – 6:00 PM
Saturday: 8:00 AM – 6:00 PM",,,,,,,,,,,,,,,,,,,,,,,,,,,,,
162,Modern Animal Culver City,(424) 842-4243,10023 Jefferson Blvd,Culver City,90232,General Practice,"Monday: 8:00 AM – 6:00 PM
Tuesday: 8:00 AM – 6:00 PM
Wednesday: 8:00 AM – 6:00 PM
Thursday: 8:00 AM – 6:00 PM
Friday: 8:00 AM – 6:00 PM
Saturday: 8:00 AM – 6:00 PM
Sunday: 8:00 AM – 6:00 PM",,,,,,,,,,,,,,,,,,,,,,,,,,,,,
163,Pure Animal Cardiology,(213) 787-3838,10601 Washington Blvd Suite 107B,Culver City,90232,General Practice,"Tuesday: 8:00 AM – 4:30 PM
Wednesday: 8:00 AM – 4:30 PM
Thursday: 8:00 AM – 4:30 PM
Friday: 8:00 AM – 4:30 PM
Saturday: 8:00 AM – 4:30 PM",,,,,,,,,,,,,,,,,,,,,,,,,,,,,
164,Sepulveda Animal Hospital,(310) 397-0774,4300 Sepulveda Blvd,Culver City,90230,General Practice,"Tuesday: 7:30 AM – 6:00 PM
Wednesday: 7:30 AM – 6:00 PM
Thursday: 7:30 AM – 6:00 PM
Friday: 7:30 AM – 6:00 PM
Saturday: 7:30 AM – 6:00 PM
Sunday: 8:00 AM – 4:00 PM",,,,,,,,,,,,,,,,,,,,,,,,,,,,,
165,Veterinary Cancer Group of Los Angeles,(310) 558-6120,9599 Jefferson Blvd,Culver City,90232,General Practice,"Tuesday: 8:00 AM – 6:00 PM
Wednesday: 8:00 AM – 6:00 PM
Thursday: 8:00 AM – 6:00 PM
Friday: 8:00 AM – 6:00 PM
Saturday: 8:00 AM – 6:00 PM",,,,,,,,,,,,,,,,,,,,,,,,,,,,,
166,ABC Animal Hospital,(714) 995-8033,9121 Walker St,Cypress,90630,General Practice,"Tuesday: 8:00 AM – 8:00 PM
Wednesday: 8:00 AM – 6:00 PM
Thursday: 8:00 AM – 6:00 PM
Friday: 8:00 AM – 6:00 PM
Saturday: 8:00 AM – 6:00 PM
Sunday: 8:00 AM – 3:00 PM",,,,,,,,,,,,,,,,,,,,,,,,,,,,,
167,Acacia Animal Hospital,(714) 821-7821,9455 Moody St,Cypress,90630,General Practice,"Tuesday: 8:00 AM – 6:00 PM
Wednesday: 8:00 AM – 6:00 PM
Thursday: 8:00 AM – 6:00 PM
Friday: 8:00 AM – 6:00 PM
Saturday: 8:00 AM – 6:00 PM",,,,,,,,,,,,,,,,,,,,,,,,,,,,,
168,Cypress Dog & Cat Hospital,(714) 527-4570,5422 Lincoln Ave,Cypress,90630,General Practice,"Tuesday: 9:00 AM – 6:00 PM
Wednesday: 9:00 AM – 6:00 PM
Thursday: 9:00 AM – 6:00 PM
Friday: 9:00 AM – 6:00 PM
Saturday: 9:00 AM – 6:00 PM
Sunday: 9:00 AM – 2:00 PM",,,,,,,,,,,,,,,,,,,,,,,,,,,,,
169,Lincoln Animal Hospital,(714) 995-9200,5391 Lincoln Ave,Cypress,90630,General Practice,"Monday: 8:00 AM – 4:00 PM
Tuesday: 8:00 AM – 7:00 PM
Wednesday: 8:00 AM – 7:00 PM
Thursday: 8:00 AM – 7:00 PM
Friday: 8:00 AM – 7:00 PM
Saturday: 8:00 AM – 7:00 PM
Sunday: 8:00 AM – 4:00 PM",,,,,,,,,,,,,,,,,,,,,,,,,,,,,
170,Losalamitos Equine Hospital,(714) 952-0021,8931 Watson St,Cypress,90630,General Practice,,,,,,,,,,,,,,,,,,,,,,,,,,,,,,
171,VCA College Park - Ana Brook Animal Hospital,(714) 827-6861,5839 Ball Rd,Cypress,90630,General Practice,"Tuesday: 8:00 AM – 6:00 PM
Wednesday: 8:00 AM – 6:00 PM
Thursday: 8:00 AM – 6:00 PM
Friday: 8:00 AM – 6:00 PM
Saturday: 8:00 AM – 6:00 PM
Sunday: 8:00 AM – 4:00 PM",,,,,,,,,,,,,,,,,,,,,,,,,,,,,
172,VCA College Park-Ana Brook: Tams Todd DVM,(714) 676-5133,5839 Ball Rd,Cypress,90630,General Practice,"Tuesday: 8:00 AM – 6:00 PM
Wednesday: 8:00 AM – 6:00 PM
Thursday: 8:00 AM – 6:00 PM
Friday: 8:00 AM – 6:00 PM
Saturday: 8:00 AM – 6:00 PM
Sunday: 8:00 AM – 4:00 PM",,,,,,,,,,,,,,,,,,,,,,,,,,,,,
173,Beachside Animal Hospital and Surgery Centre,(949) 270-0670,34205 Doheny Park Rd,Dana Point,92624,General Practice,"Tuesday: 10:00 AM – 6:00 PM
Wednesday: 10:00 AM – 6:00 PM
Thursday: 10:00 AM – 6:00 PM
Friday: 10:00 AM – 6:00 PM
Saturday: 10:00 AM – 6:00 PM",,,,,,,,,,,,,,,,,,,,,,,,,,,,,
174,Dana Point Animal Hospital,(949) 493-1370,32545 Golden Lantern Unit D,Dana Point,92629,General Practice,"Tuesday: 7:00 AM – 6:00 PM
Wednesday: 7:00 AM – 6:00 PM
Thursday: 7:00 AM – 6:00 PM
Friday: 7:00 AM – 6:00 PM
Saturday: 7:00 AM – 6:00 PM
Sunday: 8:00 AM – 2:00 PM",,,,,,,,,,,,,,,,,,,,,,,,,,,,,
175,"Estrella Veterinary Hospital, A Thrive Pet Healthcare Partner",(949) 496-6661,26925 Camino De Estrella,Dana Point,92624,General Practice,"Tuesday: 7:30 AM – 6:00 PM
Wednesday: 7:30 AM – 6:00 PM
Thursday: 7:30 AM – 6:00 PM
Friday: 7:30 AM – 6:00 PM
Saturday: 7:30 AM – 6:00 PM
Sunday: 8:00 AM – 6:00 PM",,,,,,,,,,,,,,,,,,,,,,,,,,,,,
176,Local Veterinarian Care,(949) 239-7934,34080 Golden Lantern,Dana Point,92629,General Practice,Monday: Open 24 hours,,,,,,,,,,,,,,,,,,,,,,,,,,,,,
177,Salt & Sea Veterinary Hospital,(949) 444-2244,34249 Pacific Coast Hwy,Dana Point,92629,General Practice,"Wednesday: 8:00 AM – 11:00 PM
Thursday: 8:00 AM – 11:00 PM
Friday: 8:00 AM – 11:00 PM
Saturday: 8:00 AM – 11:00 PM
Sunday: 12:00 AM – 12:00 AM",,,,,,,,,,,,,,,,,,,,,,,,,,,,,
178,Animal & Bird Hospital of Del Mar,(858) 755-9351,2132 Jimmy Durante Blvd,Del Mar,92014,General Practice,"Monday: 9:00 AM – 5:00 PM
Tuesday: 7:00 AM – 6:00 PM
Wednesday: 7:00 AM – 6:00 PM
Thursday: 7:00 AM – 6:00 PM
Friday: 7:00 AM – 6:00 PM
Saturday: 7:00 AM – 6:00 PM
Sunday: 8:00 AM – 5:00 PM",,,,,,,,,,,,,,,,,,,,,,,,,,,,,
179,Del Mar Heights Veterinary Hospital,(858) 792-3888,2626 Del Mar Heights Rd,Del Mar,92014,General Practice,"Tuesday: 7:30 AM – 5:30 PM
Wednesday: 7:30 AM – 5:30 PM
Thursday: 7:30 AM – 5:30 PM
Friday: 7:30 AM – 5:30 PM
Saturday: 7:30 AM – 5:30 PM",,,,,,,,,,,,,,,,,,,,,,,,,,,,,
180,Del Mar Veterinary Hospital,(858) 500-1466,3665 Via De La Valle,Del Mar,92014,General Practice,"Tuesday: 8:00 AM – 5:00 PM
Wednesday: 8:00 AM – 5:00 PM
Thursday: 8:00 AM – 5:00 PM
Friday: 8:00 AM – 5:00 PM
Saturday: 8:00 AM – 5:00 PM
Sunday: 8:00 AM – 4:00 PM",,,,,,,,,,,,,,,,,,,,,,,,,,,,,
181,Above & Beyond Pet Care Clinic,(562) 862-7788,9640 Firestone Blvd,Downey,90241,General Practice,"Tuesday: 9:00 AM – 3:30 PM
Wednesday: 9:00 AM – 1:00 PM
Thursday: 9:00 AM – 3:30 PM
Friday: 9:00 AM – 3:30 PM
Saturday: 9:00 AM – 12:30 PM
Sunday: 9:00 AM – 12:30 PM",,,,,,,,,,,,,,,,,,,,,,,,,,,,,
182,Ashton Animal Hospital,(562) 803-1551,12355 Woodruff Ave #5635,Downey,90241,General Practice,"Tuesday: 9:00 AM – 5:00 PM
Wednesday: 9:00 AM – 5:00 PM
Thursday: 9:00 AM – 5:00 PM
Friday: 9:00 AM – 6:00 PM
Saturday: 9:00 AM – 6:00 PM
Sunday: 9:00 AM – 4:00 PM",,,,,,,,,,,,,,,,,,,,,,,,,,,,,
183,Downey Veterinary Hospital,(562) 923-0763,11220 Brookshire Ave,Downey,90241,General Practice,"Tuesday: 9:00 AM – 6:00 PM
Wednesday: 9:00 AM – 6:00 PM
Friday: 9:00 AM – 6:00 PM
Saturday: 9:00 AM – 6:00 PM
Sunday: 9:00 AM – 1:00 PM",,,,,,,,,,,,,,,,,,,,,,,,,,,,,
184,Firestone Animal Hospital,(562) 928-1341,7539 Firestone Blvd,Downey,90241,General Practice,"Tuesday: 9:00 AM – 7:00 PM
Wednesday: 9:00 AM – 7:00 PM
Friday: 9:00 AM – 7:00 PM
Saturday: 9:00 AM – 7:00 PM
Sunday: 9:00 AM – 6:00 PM",,,,,,,,,,,,,,,,,,,,,,,,,,,,,
185,Grace Animal Hospital | Downey,(562) 786-6690,9990 Lakewood Blvd,Downey,90240,General Practice,"Tuesday: 9:00 AM – 6:00 PM
Wednesday: 9:00 AM – 6:00 PM
Thursday: 9:00 AM – 6:00 PM
Friday: 9:00 AM – 6:00 PM
Saturday: 9:00 AM – 6:00 PM
Sunday: 8:00 AM – 1:00 PM",,,,,,,,,,,,,,,,,,,,,,,,,,,,,
186,Los Angeles County Veterinary,(562) 401-7088,7601 Imperial Hwy. # 500,Downey,90242,General Practice,,,,,,,,,,,,,,,,,,,,,,,,,,,,,,
187,Thomas Veterinary Hospital,(562) 923-9497,11548 Downey Ave,Downey,90241,General Practice,"Tuesday: 9:00 AM – 4:00 PM
Wednesday: 9:00 AM – 4:00 PM
Thursday: 9:00 AM – 4:00 PM
Friday: 9:00 AM – 4:00 PM
Saturday: 9:00 AM – 4:00 PM
Sunday: 8:00 AM – 12:00 PM",,,,,,,,,,,,,,,,,,,,,,,,,,,,,
188,Eastvale Veterinary Hospital,(951) 763-8800,12672 Limonite Ave STE 3A,Eastvale,92880,General Practice,"Tuesday: 9:00 AM – 6:00 PM
Wednesday: 9:00 AM – 6:00 PM
Thursday: 9:00 AM – 6:00 PM
Friday: 9:00 AM – 6:00 PM
Saturday: 9:00 AM – 6:00 PM
Sunday: 8:00 AM – 1:00 PM",,,,,,,,,,,,,,,,,,,,,,,,,,,,,
189,Ontario Ranch Pet Clinic,(909) 313-0226,14097 Limonite Ave,Eastvale,92880,General Practice,"Monday: 8:00 AM – 6:00 PM
Tuesday: 8:00 AM – 6:00 PM
Wednesday: 8:00 AM – 6:00 PM
Thursday: 8:00 AM – 6:00 PM
Friday: 8:00 AM – 6:00 PM",,,,,,,,,,,,,,,,,,,,,,,,,,,,,
190,All God's Creatures Animal Hospital,(619) 489-3339,616 Broadway,El Cajon,92021,General Practice,"Tuesday: 8:30 AM – 5:30 PM
Wednesday: 8:30 AM – 5:30 PM
Thursday: 8:30 AM – 5:30 PM
Friday: 8:30 AM – 5:30 PM
Saturday: 8:30 AM – 5:30 PM",,,,,,,,,,,,,,,,,,,,,,,,,,,,,
191,Animal Care Clinic: Castillo Cristina DVM,(619) 670-8700,2650 Jamacha Rd # 159,El Cajon,92019,General Practice,"Tuesday: 7:30 AM – 7:00 PM
Wednesday: 7:30 AM – 7:00 PM
Thursday: 7:30 AM – 7:00 PM
Friday: 7:30 AM – 7:00 PM
Saturday: 7:30 AM – 7:00 PM",,,,,,,,,,,,,,,,,,,,,,,,,,,,,
192,Bastet Veterinary Hospital,(619) 442-5571,1682 Greenfield Dr,El Cajon,92021,General Practice,"Tuesday: 8:00 AM – 5:00 PM
Wednesday: 8:00 AM – 5:00 PM
Thursday: 8:00 AM – 5:00 PM
Friday: 8:00 AM – 5:00 PM
Saturday: 8:00 AM – 5:00 PM
Sunday: 8:00 AM – 5:00 PM",,,,,,,,,,,,,,,,,,,,,,,,,,,,,
193,"Care & Comfort Veterinary Hospital, A Thrive Pet Healthcare Partner",(619) 590-6160,522 E Chase Ave,El Cajon,92020,General Practice,"Tuesday: 8:30 AM – 5:30 PM
Wednesday: 8:30 AM – 5:30 PM
Thursday: 8:30 AM – 5:30 PM
Friday: 8:30 AM – 5:30 PM
Saturday: 8:30 AM – 5:30 PM
Sunday: 8:00 AM – 4:00 PM",,,,,,,,,,,,,,,,,,,,,,,,,,,,,
194,East County Large and Small Animal Practice,(619) 561-4661,10312 Quail Canyon Rd,El Cajon,92021,General Practice,"Tuesday: 8:00 AM – 5:00 PM
Wednesday: 8:00 AM – 5:00 PM
Thursday: 8:00 AM – 5:00 PM
Friday: 8:00 AM – 5:00 PM
Saturday: 8:00 AM – 5:00 PM",,,,,,,,,,,,,,,,,,,,,,,,,,,,,
195,El Cajon Valley Veterinary Hospital,(619) 444-9491,560 N Johnson Ave,El Cajon,92020,General Practice,"Tuesday: 8:00 AM – 6:00 PM
Wednesday: 8:00 AM – 6:00 PM
Thursday: 8:00 AM – 6:00 PM
Friday: 8:00 AM – 6:00 PM
Saturday: 8:00 AM – 6:00 PM
Sunday: 8:00 AM – 4:00 PM",,,,,,,,,,,,,,,,,,,,,,,,,,,,,
196,Judy Veterinary Clinic,(619) 449-3500,1764 N 2nd St,El Cajon,92021,General Practice,"Tuesday: 8:00 AM – 5:00 PM
Wednesday: 8:00 AM – 5:00 PM
Thursday: 8:00 AM – 5:00 PM
Friday: 8:00 AM – 5:00 PM
Saturday: 8:00 AM – 5:00 PM",,,,,,,,,,,,,,,,,,,,,,,,,,,,,
197,Singing Hills Animal Hospital,(619) 441-5850,1951 Willow Glen Dr,El Cajon,92019,General Practice,"Tuesday: 7:30 AM – 6:00 PM
Wednesday: 7:30 AM – 6:00 PM
Thursday: 7:30 AM – 6:00 PM
Friday: 7:30 AM – 6:00 PM
Saturday: 7:30 AM – 6:00 PM",,,,,,,,,,,,,,,,,,,,,,,,,,,,,
198,VCA Animal Medical Center of El Cajon,(619) 444-4246,600 Broadway,El Cajon,92021,General Practice,"Tuesday: 7:00 AM – 7:00 PM
Wednesday: 7:00 AM – 7:00 PM
Thursday: 7:00 AM – 7:00 PM
Friday: 7:00 AM – 7:00 PM
Saturday: 7:00 AM – 7:00 PM
Sunday: 7:00 AM – 7:00 PM",,,,,,,,,,,,,,,,,,,,,,,,,,,,,
199,VCA Rancho San Diego Animal Hospital,(619) 660-6767,2988 Jamacha Rd,El Cajon,92019,General Practice,"Tuesday: 8:00 AM – 6:00 PM
Wednesday: 8:00 AM – 6:00 PM
Thursday: 8:00 AM – 6:00 PM
Friday: 8:00 AM – 6:00 PM
Saturday: 8:00 AM – 6:00 PM",,,,,,,,,,,,,,,,,,,,,,,,,,,,,
200,Garvey Pet Hospital,(626) 448-6430,11149 Garvey Ave,El Monte,91733,General Practice,"Wednesday: 9:00 AM – 1:30 PM
Thursday: 9:00 AM – 1:30 PM
Friday: 9:00 AM – 1:30 PM
Saturday: 9:00 AM – 1:30 PM
Sunday: 9:00 AM – 12:30 PM",,,,,,,,,,,,,,,,,,,,,,,,,,,,,
201,Vaccine Vets @ Fletcher Park,null,3404 Fletcher Park Way,El Monte,91731,General Practice,Sunday: 12:00 PM – 1:30 PM,,,,,,,,,,,,,,,,,,,,,,,,,,,,,
202,El Segundo Animal Hospital,(310) 606-8811,240 Center St,El Segundo,90245,General Practice,"Tuesday: 8:00 AM – 6:00 PM
Wednesday: 8:00 AM – 6:00 PM
Thursday: 8:00 AM – 6:00 PM
Friday: 8:00 AM – 6:00 PM
Saturday: 8:00 AM – 6:00 PM
Sunday: 9:00 AM – 6:00 PM",,,,,,,,,,,,,,,,,,,,,,,,,,,,,
203,All Pets Animal Hospital,(760) 634-2022,149 S El Camino Real,Encinitas,92024,General Practice,"Tuesday: 7:30 AM – 7:00 PM
Wednesday: 7:30 AM – 7:00 PM
Thursday: 7:30 AM – 7:00 PM
Friday: 7:30 AM – 7:00 PM
Saturday: 7:30 AM – 7:00 PM
Sunday: 8:00 AM – 5:30 PM",,,,,,,,,,,,,,,,,,,,,,,,,,,,,
204,Anicira Veterinary Center of San Diego,(760) 290-4955,285 N El Camino Real Suite 205,Encinitas,92024,General Practice,"Tuesday: 7:00 AM – 5:00 PM
Wednesday: 7:00 AM – 5:00 PM
Thursday: 7:00 AM – 5:00 PM
Friday: 7:00 AM – 5:00 PM",,,,,,,,,,,,,,,,,,,,,,,,,,,,,
205,Cardiff Animal Hospital,(760) 436-3215,2159 San Elijo Ave,Encinitas,92007,General Practice,"Tuesday: 7:30 AM – 6:00 PM
Wednesday: 7:30 AM – 6:00 PM
Thursday: 7:30 AM – 6:00 PM
Friday: 7:30 AM – 6:00 PM
Saturday: 7:30 AM – 6:00 PM",,,,,,,,,,,,,,,,,,,,,,,,,,,,,
206,Companion Pet Care,(760) 942-1220,222 N Coast Hwy 101,Encinitas,92024,General Practice,"Tuesday: 7:30 AM – 6:00 PM
Wednesday: 7:30 AM – 6:00 PM
Thursday: 7:30 AM – 6:00 PM
Friday: 7:30 AM – 6:00 PM
Saturday: 7:30 AM – 6:00 PM",,,,,,,,,,,,,,,,,,,,,,,,,,,,,
207,Encinitas Animal Hospital,(760) 436-1080,380 N El Camino Real,Encinitas,92024,General Practice,"Tuesday: 9:00 AM – 5:00 PM
Wednesday: 9:00 AM – 5:00 PM
Thursday: 9:00 AM – 5:00 PM
Friday: 9:00 AM – 5:00 PM
Saturday: 9:00 AM – 5:00 PM",,,,,,,,,,,,,,,,,,,,,,,,,,,,,
208,Equine Veterinary Services,(760) 944-0910,521 Rancho Santa Fe Rd,Encinitas,92024,General Practice,,,,,,,,,,,,,,,,,,,,,,,,,,,,,,
209,Laura Dowd DVM at The Drake Center Encinitas,(760) 456-9556,195 N El Camino Real,Encinitas,92024,General Practice,"Monday: 8:00 AM – 5:00 PM
Tuesday: 7:30 AM – 6:00 PM
Wednesday: 7:30 AM – 6:00 PM
Thursday: 7:30 AM – 6:00 PM
Friday: 7:30 AM – 6:00 PM
Saturday: 7:30 AM – 6:00 PM
Sunday: 8:00 AM – 5:00 PM",,,,,,,,,,,,,,,,,,,,,,,,,,,,,
210,Moonlight Veterinary Center,(760) 652-5002,414 Encinitas Blvd,Encinitas,92024,General Practice,"Tuesday: 11:00 AM – 9:00 PM
Wednesday: 11:00 AM – 9:00 PM
Thursday: 11:00 AM – 9:00 PM
Friday: 11:00 AM – 9:00 PM
Saturday: 11:00 AM – 9:00 PM
Sunday: 10:00 AM – 6:00 PM",,,,,,,,,,,,,,,,,,,,,,,,,,,,,
211,Santa Fe Animal Clinic,(760) 753-6512,301 Santa Fe Dr # A,Encinitas,92024,General Practice,"Tuesday: 8:00 AM – 6:00 PM
Wednesday: 8:00 AM – 6:00 PM
Thursday: 8:00 AM – 6:00 PM
Friday: 8:00 AM – 6:00 PM
Saturday: 8:00 AM – 6:00 PM
Sunday: 8:00 AM – 6:00 PM",,,,,,,,,,,,,,,,,,,,,,,,,,,,,
212,The Drake Center for Veterinary Care,(760) 753-9393,195 N El Camino Real,Encinitas,92024,General Practice,"Monday: 8:00 AM – 5:00 PM
Tuesday: 7:00 AM – 7:00 PM
Wednesday: 7:00 AM – 7:00 PM
Thursday: 7:00 AM – 7:00 PM
Friday: 7:00 AM – 7:00 PM
Saturday: 7:00 AM – 7:00 PM
Sunday: 7:00 AM – 5:00 PM",,,,,,,,,,,,,,,,,,,,,,,,,,,,,
213,Vet 2 You,(619) 997-9789,"Encinitas, CA 92024, USA",Encinitas,92024,General Practice,"Tuesday: 8:00 AM – 6:00 PM
Wednesday: 8:00 AM – 6:00 PM
Thursday: 8:00 AM – 6:00 PM
Friday: 8:00 AM – 6:00 PM
Saturday: 8:00 AM – 6:00 PM",,,,,,,,,,,,,,,,,,,,,,,,,,,,,
214,Companion Animal Health & Rehabilitation Center,(760) 743-2751,320 E 2nd Ave,Escondido,92025,General Practice,"Tuesday: 8:00 AM – 5:00 PM
Wednesday: 8:00 AM – 5:00 PM
Thursday: 8:00 AM – 5:00 PM
Friday: 8:00 AM – 5:00 PM
Saturday: 8:00 AM – 5:00 PM",,,,,,,,,,,,,,,,,,,,,,,,,,,,,
215,El Norte Veterinary Clinic,(760) 432-0400,1014 W El Norte Pkwy,Escondido,92026,General Practice,"Tuesday: 7:30 AM – 6:00 PM
Wednesday: 7:30 AM – 6:00 PM
Thursday: 7:30 AM – 6:00 PM
Friday: 7:30 AM – 6:00 PM
Saturday: 7:30 AM – 6:00 PM
Sunday: 8:00 AM – 1:00 PM",,,,,,,,,,,,,,,,,,,,,,,,,,,,,
216,Escondido Hills Animal Hospital,(760) 746-3647,555 W Country Club Ln # G,Escondido,92026,General Practice,"Tuesday: 9:00 AM – 5:00 PM
Wednesday: 9:00 AM – 5:00 PM
Friday: 9:00 AM – 5:00 PM
Saturday: 9:00 AM – 5:00 PM",,,,,,,,,,,,,,,,,,,,,,,,,,,,,
217,Escondido Veterinary Emergency,(760) 738-9600,2430 S Escondido Blvd,Escondido,92025,General Practice,Monday: Open 24 hours,,,,,,,,,,,,,,,,,,,,,,,,,,,,,
218,Harter Veterinary Medical Center,(760) 291-5400,"San Diego Zoo Safari Park, 15500 San Pasqual Valley Rd",Escondido,92027,General Practice,,,,,,,,,,,,,,,,,,,,,,,,,,,,,,
219,Mohnacky Animal Hospitals of Escondido,(760) 480-1934,2250 S Escondido Blvd #105,Escondido,92025,General Practice,"Tuesday: 8:00 AM – 6:00 PM
Wednesday: 8:00 AM – 6:00 PM
Thursday: 8:00 AM – 6:00 PM
Friday: 8:00 AM – 6:00 PM
Saturday: 8:00 AM – 6:00 PM
Sunday: 8:00 AM – 4:00 PM",,,,,,,,,,,,,,,,,,,,,,,,,,,,,
220,North Escondido Animal Hospital,(760) 741-8387,306 W El Norte Pkwy Suite F,Escondido,92026,General Practice,"Tuesday: 8:00 AM – 6:00 PM
Wednesday: 8:00 AM – 6:00 PM
Thursday: 8:00 AM – 6:00 PM
Friday: 8:00 AM – 6:00 PM
Saturday: 8:00 AM – 6:00 PM",,,,,,,,,,,,,,,,,,,,,,,,,,,,,
221,San Diego Affordable Spay and Neuter Clinic,(760) 532-9335,855 E Valley Pkwy,Escondido,92025,General Practice,,,,,,,,,,,,,,,,,,,,,,,,,,,,,,
222,West Escondido Pet Hospital,(760) 205-9579,"1340 W Valley Pkwy Suites 110, 111 & 112",Escondido,92029,General Practice,"Tuesday: 7:00 AM – 5:00 PM
Wednesday: 7:00 AM – 5:00 PM
Thursday: 7:00 AM – 5:00 PM
Friday: 7:00 AM – 5:00 PM
Saturday: 7:00 AM – 5:00 PM
Sunday: 8:00 AM – 4:00 PM",,,,,,,,,,,,,,,,,,,,,,,,,,,,,
223,Fontana Animal Hospital,(909) 355-5600,16153 Foothill Blvd,Fontana,92335,General Practice,"Tuesday: 9:30 AM – 1:30 PM
Tuesday: 3:30 PM – 6:30 PM
Wednesday: 9:30 AM – 1:30 PM
Wednesday: 3:30 PM – 6:30 PM
Thursday: 9:30 AM – 1:30 PM
Thursday: 3:30 PM – 6:30 PM
Friday: 9:30 AM – 1:30 PM
Friday: 3:30 PM – 6:30 PM
Saturday: 9:30 AM – 12:30 PM
Saturday: 3:30 PM – 6:30 PM
Sunday: 10:00 AM – 4:00 PM",,,,,,,,,,,,,,,,,,,,,,,,,,,,,
224,"Heritage Animal Hospital, Urgent Care and Surgical Center",(909) 822-8026,7940 Cherry Ave STE 203,Fontana,92336,General Practice,"Monday: 8:00 AM – 2:00 AM
Tuesday: 8:00 AM – 7:00 PM
Wednesday: 8:00 AM – 7:00 PM
Thursday: 8:00 AM – 7:00 PM
Friday: 8:00 AM – 7:00 PM
Saturday: 8:00 AM – 2:00 AM
Sunday: 8:00 AM – 2:00 AM",,,,,,,,,,,,,,,,,,,,,,,,,,,,,
225,Humane Animal Hospital,(909) 829-8840,9257 Sierra Ave.,Fontana,92335,General Practice,"Monday: 9:00 AM – 1:30 PM
Tuesday: 8:00 AM – 5:30 PM
Wednesday: 8:00 AM – 5:30 PM
Thursday: 8:00 AM – 5:30 PM
Friday: 8:00 AM – 5:30 PM",,,,,,,,,,,,,,,,,,,,,,,,,,,,,
226,Jurupa Hills Animal Hospital,(909) 333-1565,9714 Sierra Ave. 102 103,Fontana,92335,General Practice,"Monday: 9:00 AM – 6:00 PM
Tuesday: 8:00 AM – 6:00 PM
Wednesday: 8:00 AM – 6:00 PM
Thursday: 8:00 AM – 6:00 PM
Friday: 8:00 AM – 6:00 PM
Saturday: 8:00 AM – 6:00 PM
Sunday: 9:00 AM – 6:00 PM",,,,,,,,,,,,,,,,,,,,,,,,,,,,,
227,Prestige Animal Hospital - North Fontana,(909) 329-2860,16055 Sierra Lakes Pkwy #100,Fontana,92336,General Practice,"Tuesday: 8:00 AM – 6:00 PM
Wednesday: 8:00 AM – 6:00 PM
Thursday: 8:00 AM – 6:00 PM
Friday: 8:00 AM – 6:00 PM
Saturday: 8:00 AM – 4:00 PM",,,,,,,,,,,,,,,,,,,,,,,,,,,,,
228,Prestige Animal Hospital - South Fontana,(909) 357-7300,10986 Sierra Ave.,Fontana,92337,General Practice,"Tuesday: 8:00 AM – 5:00 PM
Wednesday: 8:00 AM – 5:00 PM
Thursday: 8:00 AM – 5:00 PM
Friday: 8:00 AM – 5:00 PM
Saturday: 8:00 AM – 5:00 PM
Sunday: 9:00 AM – 4:00 PM",,,,,,,,,,,,,,,,,,,,,,,,,,,,,
229,The PAW Mission Veterinary Hospital,(909) 784-5895,14755 Foothill Blvd,Fontana,92335,General Practice,,,,,,,,,,,,,,,,,,,,,,,,,,,,,,
230,Walnut Village Pet Hospital,(909) 743-8939,17070 Walnut Village Pkwy # D,Fontana,92336,General Practice,"Tuesday: 9:00 AM – 5:00 PM
Wednesday: 9:00 AM – 5:00 PM
Thursday: 9:00 AM – 5:00 PM
Friday: 9:00 AM – 1:00 PM
Saturday: 9:00 AM – 5:00 PM
Sunday: 9:00 AM – 1:00 PM",,,,,,,,,,,,,,,,,,,,,,,,,,,,,
231,Animal Hospital,(714) 962-6621,9525 Garfield Ave UNIT D,Fountain Valley,92708,General Practice,"Tuesday: 7:00 AM – 6:00 PM
Wednesday: 7:00 AM – 6:00 PM
Thursday: 9:00 AM – 3:00 PM
Friday: 7:00 AM – 6:00 PM
Saturday: 7:00 AM – 6:00 PM
Sunday: 8:00 AM – 2:00 PM",,,,,,,,,,,,,,,,,,,,,,,,,,,,,
232,Brook-Ellis Pet Hospital,(714) 963-0440,18542 Brookhurst St,Fountain Valley,92708,General Practice,"Tuesday: 7:30 AM – 6:30 PM
Wednesday: 7:30 AM – 6:30 PM
Thursday: 7:30 AM – 6:30 PM
Friday: 7:30 AM – 6:30 PM
Saturday: 7:30 AM – 6:30 PM
Sunday: 8:00 AM – 2:30 PM",,,,,,,,,,,,,,,,,,,,,,,,,,,,,
233,Brookfield Pet Hospital Plus,(714) 962-1369,9029 Garfield Ave,Fountain Valley,92708,General Practice,"Tuesday: 8:00 AM – 6:00 PM
Wednesday: 8:00 AM – 6:00 PM
Thursday: 8:00 AM – 6:00 PM
Friday: 8:00 AM – 6:00 PM
Saturday: 8:00 AM – 6:00 PM
Sunday: 8:30 AM – 2:00 PM",,,,,,,,,,,,,,,,,,,,,,,,,,,,,
234,Fountain Valley Emergency Pet Hospital,(657) 339-3008,9475 Warner Ave D,Fountain Valley,92708,General Practice,"Tuesday: 6:00 PM – 8:00 AM
Wednesday: 6:00 PM – 8:00 AM
Thursday: 6:00 PM – 8:00 AM
Friday: 6:00 PM – 8:00 AM
Saturday: 6:00 PM – 8:00 AM",,,,,,,,,,,,,,,,,,,,,,,,,,,,,
235,Mile Square Animal Hospital,(714) 707-6212,11362 Warner Ave STE A,Fountain Valley,92708,General Practice,"Tuesday: 7:30 AM – 5:00 PM
Wednesday: 7:30 AM – 5:00 PM
Thursday: 7:30 AM – 5:00 PM
Friday: 7:30 AM – 5:00 PM
Saturday: 7:30 AM – 5:00 PM",,,,,,,,,,,,,,,,,,,,,,,,,,,,,
236,VCA West Coast Specialty and Emergency Animal Hospital,(714) 241-9001,18300 Euclid St,Fountain Valley,92708,General Practice,Monday: Open 24 hours,,,,,,,,,,,,,,,,,,,,,,,,,,,,,
237,Warner Avenue Animal Hospital,(714) 540-5252,8546 Warner Ave,Fountain Valley,92708,General Practice,"Tuesday: 7:30 AM – 6:00 PM
Wednesday: 7:30 AM – 6:00 PM
Thursday: 7:30 AM – 6:00 PM
Friday: 7:30 AM – 6:00 PM
Saturday: 7:30 AM – 6:00 PM
Sunday: 8:00 AM – 4:30 PM",,,,,,,,,,,,,,,,,,,,,,,,,,,,,
238,Airport Animal Hospital,(714) 879-4531,2433 W Commonwealth Ave,Fullerton,92833,General Practice,"Tuesday: 8:00 AM – 6:00 PM
Wednesday: 8:00 AM – 6:00 PM
Thursday: 8:00 AM – 6:00 PM
Friday: 8:00 AM – 6:00 PM
Saturday: 8:00 AM – 6:00 PM
Sunday: 8:00 AM – 6:00 PM",,,,,,,,,,,,,,,,,,,,,,,,,,,,,
239,Fullerton Hills Pet Clinic,(714) 879-4380,1144 Rosecrans Ave,Fullerton,92833,General Practice,"Tuesday: 8:00 AM – 6:00 PM
Wednesday: 8:00 AM – 6:00 PM
Thursday: 8:00 AM – 6:00 PM
Friday: 8:00 AM – 6:00 PM
Saturday: 8:00 AM – 6:00 PM
Sunday: 8:00 AM – 2:00 PM",,,,,,,,,,,,,,,,,,,,,,,,,,,,,
240,Fullerton Pet Clinic,(657) 655-4393,2453 E Chapman Ave,Fullerton,92831,General Practice,"Tuesday: 1:00 PM – 6:00 PM
Wednesday: 8:30 AM – 6:00 PM
Thursday: 8:30 AM – 6:00 PM
Friday: 8:30 AM – 6:00 PM
Saturday: 8:30 AM – 6:00 PM
Sunday: 8:30 AM – 6:00 PM",,,,,,,,,,,,,,,,,,,,,,,,,,,,,
241,Fullerton Regional Veterinary Hospital,(714) 525-2355,1941 W Commonwealth Ave # A,Fullerton,92833,General Practice,"Tuesday: 8:00 AM – 6:00 PM
Wednesday: 8:00 AM – 6:00 PM
Thursday: 8:00 AM – 6:00 PM
Friday: 8:00 AM – 6:00 PM
Saturday: 8:00 AM – 6:00 PM
Sunday: 8:00 AM – 1:00 PM",,,,,,,,,,,,,,,,,,,,,,,,,,,,,
242,Healthy Paws Veterinary Care,(714) 332-0298,1082 E Bastanchury Rd #102,Fullerton,92835,General Practice,"Tuesday: 8:00 AM – 6:00 PM
Wednesday: 8:00 AM – 6:00 PM
Thursday: 8:00 AM – 6:00 PM
Friday: 9:00 AM – 1:00 PM
Saturday: 8:00 AM – 6:00 PM
Sunday: 9:00 AM – 1:00 PM",,,,,,,,,,,,,,,,,,,,,,,,,,,,,
243,Jet's Pet Hospital,(714) 449-9390,800 E Commonwealth Ave,Fullerton,92831,General Practice,"Tuesday: 8:00 AM – 5:00 PM
Wednesday: 8:00 AM – 5:00 PM
Thursday: 8:00 AM – 5:00 PM
Friday: 8:00 AM – 5:00 PM
Saturday: 8:00 AM – 5:00 PM",,,,,,,,,,,,,,,,,,,,,,,,,,,,,
244,"Mobile Veterinary Services, Inc",(714) 801-5063,422 N Euclid St,Fullerton,92832,General Practice,,,,,,,,,,,,,,,,,,,,,,,,,,,,,,
245,Noah's Ark Animal Hospital,(714) 525-2202,422 N Euclid St,Fullerton,92832,General Practice,"Tuesday: 8:00 AM – 5:30 PM
Wednesday: 8:00 AM – 5:30 PM
Thursday: 8:00 AM – 5:30 PM
Friday: 8:30 AM – 5:30 PM
Saturday: 8:00 AM – 5:30 PM
Sunday: 8:30 AM – 1:00 PM",,,,,,,,,,,,,,,,,,,,,,,,,,,,,
246,Oasis Pet Clinic,(714) 364-1665,1521 W Commonwealth Ave,Fullerton,92833,General Practice,"Tuesday: 8:00 AM – 6:00 PM
Wednesday: 8:00 AM – 6:00 PM
Thursday: 8:00 AM – 6:00 PM
Friday: 8:00 AM – 6:00 PM
Saturday: 8:00 AM – 6:00 PM
Sunday: 8:00 AM – 1:00 PM",,,,,,,,,,,,,,,,,,,,,,,,,,,,,
247,Orange County Emergency Pet Clinic,(714) 441-2925,3920 N Harbor Blvd,Fullerton,92835,General Practice,Monday: Open 24 hours,,,,,,,,,,,,,,,,,,,,,,,,,,,,,
248,Sunnycrest Animal Care Center,(714) 871-3000,951 W Bastanchury Rd,Fullerton,92835,General Practice,"Tuesday: 8:00 AM – 6:00 PM
Wednesday: 8:00 AM – 6:00 PM
Thursday: 8:00 AM – 6:00 PM
Friday: 8:00 AM – 6:00 PM
Saturday: 8:00 AM – 6:00 PM
Sunday: 8:00 AM – 12:00 PM",,,,,,,,,,,,,,,,,,,,,,,,,,,,,
249,VIP Animal Hospital,(714) 223-2444,901 W Orangethorpe Ave,Fullerton,92832,General Practice,"Monday: 8:00 AM – 10:00 PM
Tuesday: 8:00 AM – 10:00 PM
Wednesday: 8:00 AM – 10:00 PM
Thursday: 8:00 AM – 10:00 PM
Friday: 8:00 AM – 10:00 PM
Saturday: 8:00 AM – 10:00 PM
Sunday: 8:00 AM – 10:00 PM",,,,,,,,,,,,,,,,,,,,,,,,,,,,,
250,Animal Ambulance of Southern California Inc.,(866) 473-8911,12752 Garden Grove Blvd UNIT 102,Garden Grove,92843,General Practice,Monday: Open 24 hours,,,,,,,,,,,,,,,,,,,,,,,,,,,,,
251,Brookhaven Pet Hospital,(714) 530-2200,10092 Chapman Ave #5,Garden Grove,92840,General Practice,"Tuesday: 7:00 AM – 6:00 PM
Wednesday: 7:00 AM – 6:00 PM
Thursday: 7:00 AM – 6:00 PM
Friday: 7:00 AM – 6:00 PM
Saturday: 7:00 AM – 6:00 PM
Sunday: 7:00 AM – 1:00 PM",,,,,,,,,,,,,,,,,,,,,,,,,,,,,
252,Community Veterinary Hospital,(714) 537-5390,13200 Euclid St,Garden Grove,92843,General Practice,"Tuesday: 8:00 AM – 6:00 PM
Wednesday: 8:00 AM – 6:00 PM
Thursday: 8:00 AM – 6:00 PM
Friday: 8:00 AM – 6:00 PM
Saturday: 8:00 AM – 6:00 PM
Sunday: 8:00 AM – 3:00 PM",,,,,,,,,,,,,,,,,,,,,,,,,,,,,
253,Garden Grove Dog and Cat Hospital,(714) 537-8800,10822 Garden Grove Blvd,Garden Grove,92843,General Practice,"Monday: 10:30 AM – 3:00 PM
Tuesday: 7:30 AM – 6:00 PM
Wednesday: 7:30 AM – 6:00 PM
Thursday: 7:30 AM – 6:00 PM
Friday: 7:30 AM – 6:00 PM
Saturday: 7:30 AM – 6:00 PM
Sunday: 7:30 AM – 12:00 PM",,,,,,,,,,,,,,,,,,,,,,,,,,,,,
254,Golden State Humane Society,(714) 638-8111,11901 Gilbert St,Garden Grove,92841,General Practice,"Wednesday: 8:00 AM – 5:00 PM
Thursday: 8:00 AM – 5:00 PM
Friday: 8:00 AM – 5:00 PM
Saturday: 8:00 AM – 5:00 PM
Sunday: 8:00 AM – 2:00 PM",,,,,,,,,,,,,,,,,,,,,,,,,,,,,
255,Vet Care Pet Clinic,(714) 895-8600,12453 Valley View St,Garden Grove,92845,General Practice,"Tuesday: 8:00 AM – 6:00 PM
Wednesday: 8:00 AM – 6:00 PM
Thursday: 8:00 AM – 6:00 PM
Saturday: 8:00 AM – 6:00 PM
Sunday: 9:00 AM – 4:00 PM",,,,,,,,,,,,,,,,,,,,,,,,,,,,,
256,Alondra Animal Hospital,(310) 676-2255,14425 Crenshaw Blvd,Gardena,90249,General Practice,"Tuesday: 7:30 AM – 6:00 PM
Wednesday: 7:30 AM – 6:00 PM
Thursday: 7:30 AM – 6:00 PM
Friday: 7:30 AM – 6:00 PM
Saturday: 7:30 AM – 6:00 PM
Sunday: 7:30 AM – 3:00 PM",,,,,,,,,,,,,,,,,,,,,,,,,,,,,
257,Amazing Small Animal Practice,(310) 908-0510,14800 S Western Ave,Gardena,90249,General Practice,"Tuesday: 8:00 AM – 4:00 PM
Wednesday: 8:00 AM – 4:00 PM
Thursday: 8:00 AM – 4:00 PM
Friday: 8:00 AM – 4:00 PM
Saturday: 9:00 AM – 1:00 PM
Sunday: 8:00 AM – 2:00 PM",,,,,,,,,,,,,,,,,,,,,,,,,,,,,
258,California Veterinary Hospital,(310) 323-6867,230 W Victoria St,Gardena,90248,General Practice,"Tuesday: 8:00 AM – 6:00 PM
Wednesday: 8:00 AM – 6:00 PM
Thursday: 8:00 AM – 6:00 PM
Friday: 8:00 AM – 6:00 PM
Saturday: 8:00 AM – 6:00 PM
Sunday: 8:00 AM – 4:00 PM",,,,,,,,,,,,,,,,,,,,,,,,,,,,,
259,Economico Animal Hospital,(310) 243-6599,1451 Artesia Blvd # 3,Gardena,90248,General Practice,"Tuesday: 8:30 AM – 1:00 PM
Tuesday: 2:00 PM – 7:00 PM
Wednesday: 8:30 AM – 1:00 PM
Wednesday: 2:00 PM – 7:00 PM
Thursday: 8:30 AM – 1:00 PM
Thursday: 2:00 PM – 7:00 PM
Friday: 8:30 AM – 1:00 PM
Friday: 2:00 PM – 7:00 PM
Saturday: 8:30 AM – 1:00 PM
Saturday: 2:00 PM – 7:00 PM
Sunday: 8:30 AM – 1:30 PM",,,,,,,,,,,,,,,,,,,,,,,,,,,,,
260,Hollypark Pet Clinic,(323) 756-1535,1415 W El Segundo Blvd,Gardena,90249,General Practice,"Tuesday: 8:30 AM – 12:15 PM
Tuesday: 1:30 PM – 5:00 PM
Wednesday: 8:30 AM – 12:15 PM
Wednesday: 1:30 PM – 5:00 PM
Thursday: 8:30 AM – 12:15 PM
Thursday: 1:30 PM – 5:00 PM
Friday: 8:30 AM – 12:15 PM
Friday: 1:30 PM – 5:00 PM
Saturday: 8:30 AM – 12:15 PM
Saturday: 1:30 PM – 5:00 PM
Sunday: 9:00 AM – 12:15 PM
Sunday: 1:30 PM – 4:00 PM",,,,,,,,,,,,,,,,,,,,,,,,,,,,,
261,South Bay Veterinary Care ( Veterinary Hospital ),(310) 323-9555,16116 S Western Ave,Gardena,90247,General Practice,"Monday: 8:30 AM – 1:00 PM
Monday: 2:00 PM – 4:00 PM
Tuesday: 8:30 AM – 1:00 PM
Tuesday: 2:00 PM – 5:00 PM
Wednesday: 8:30 AM – 1:00 PM
Wednesday: 2:00 PM – 5:00 PM
Thursday: 8:30 AM – 1:00 PM
Thursday: 2:00 PM – 5:00 PM
Friday: 8:30 AM – 1:00 PM
Friday: 2:00 PM – 5:00 PM
Saturday: 8:30 AM – 1:00 PM
Saturday: 2:00 PM – 5:00 PM
Sunday: 8:30 AM – 1:00 PM
Sunday: 2:00 PM – 4:00 PM",,,,,,,,,,,,,,,,,,,,,,,,,,,,,
262,US Veterans Center,(310) 767-1221,1045 W Redondo Beach Blvd,Gardena,90247,General Practice,"Tuesday: 8:00 AM – 8:00 PM
Wednesday: 8:00 AM – 8:00 PM
Thursday: 8:00 AM – 4:30 PM
Friday: 8:00 AM – 8:00 PM
Saturday: 8:00 AM – 4:30 PM",,,,,,,,,,,,,,,,,,,,,,,,,,,,,
263,Vet Center,null,15249-15299 New Hampshire Ave,Gardena,90247,General Practice,"Tuesday: 8:00 AM – 8:00 PM
Wednesday: 8:00 AM – 8:00 PM
Thursday: 8:00 AM – 4:00 PM
Friday: 8:00 AM – 8:00 PM
Saturday: 8:00 AM – 4:00 PM
Sunday: 8:00 AM – 12:00 PM",,,,,,,,,,,,,,,,,,,,,,,,,,,,,
264,Angelus Pet Hospital,(818) 241-8333,5846 San Fernando Rd,Glendale,91202,General Practice,"Tuesday: 9:00 AM – 5:00 PM
Wednesday: 9:00 AM – 5:00 PM
Thursday: 9:00 AM – 5:00 PM
Friday: 9:00 AM – 5:00 PM
Saturday: 9:00 AM – 5:00 PM",,,,,,,,,,,,,,,,,,,,,,,,,,,,,
265,Best care pet clinic,(818) 502-1134,1140 N Pacific Ave,Glendale,91202,General Practice,,,,,,,,,,,,,,,,,,,,,,,,,,,,,,
266,Crescenta Cañada Pet Hospital,(818) 248-3963,3502 Foothill Blvd,Glendale,91214,General Practice,"Monday: 10:00 AM – 5:00 PM
Tuesday: 8:00 AM – 6:00 PM
Wednesday: 8:00 AM – 6:00 PM
Thursday: 8:00 AM – 6:00 PM
Friday: 8:00 AM – 9:00 PM
Saturday: 8:00 AM – 6:00 PM
Sunday: 8:00 AM – 5:00 PM",,,,,,,,,,,,,,,,,,,,,,,,,,,,,
267,Glendale Small Animal Hospital,(818) 241-5181,831 W Milford St,Glendale,91203,General Practice,"Tuesday: 8:00 AM – 6:00 PM
Wednesday: 8:00 AM – 6:00 PM
Thursday: 8:00 AM – 6:00 PM
Friday: 8:00 AM – 6:00 PM
Saturday: 8:00 AM – 6:00 PM
Sunday: 8:00 AM – 12:00 PM",,,,,,,,,,,,,,,,,,,,,,,,,,,,,
268,Griffith Pet Hospital,(818) 482-7712,431 W Los Feliz Rd,Glendale,91204,General Practice,"Tuesday: 8:00 AM – 6:00 PM
Wednesday: 8:00 AM – 6:00 PM
Thursday: 8:00 AM – 6:00 PM
Friday: 8:00 AM – 6:00 PM
Saturday: 8:00 AM – 6:00 PM
Sunday: 8:00 AM – 12:00 PM",,,,,,,,,,,,,,,,,,,,,,,,,,,,,
269,Hillcrest Pet Hospital,(818) 249-2092,3789 La Crescenta Ave,Glendale,91208,General Practice,"Tuesday: 9:00 AM – 12:30 PM
Tuesday: 2:00 PM – 6:00 PM
Wednesday: 9:00 AM – 12:30 PM
Wednesday: 2:00 PM – 6:00 PM
Thursday: 9:00 AM – 12:30 PM
Thursday: 2:00 PM – 6:00 PM
Friday: 9:00 AM – 12:30 PM
Friday: 2:00 PM – 6:00 PM
Saturday: 9:00 AM – 12:30 PM
Saturday: 2:00 PM – 6:00 PM
Sunday: 9:00 AM – 12:00 PM
Sunday: 1:00 PM – 4:00 PM",,,,,,,,,,,,,,,,,,,,,,,,,,,,,
270,Limehouse Veterinary Clinic,(818) 761-0787,1733 S Victory Blvd,Glendale,91201,General Practice,"Monday: 9:00 AM – 5:00 PM
Tuesday: 9:00 AM – 1:00 PM
Tuesday: 2:00 PM – 6:00 PM
Wednesday: 9:00 AM – 1:00 PM
Wednesday: 2:00 PM – 6:00 PM
Thursday: 9:00 AM – 1:00 PM
Thursday: 2:00 PM – 6:00 PM
Friday: 9:00 AM – 1:00 PM
Friday: 2:00 PM – 6:00 PM
Saturday: 9:00 AM – 5:00 PM",,,,,,,,,,,,,,,,,,,,,,,,,,,,,
271,Local Veterinary Group,(323) 329-3354,1944 W Glenoaks Blvd,Glendale,91201,General Practice,"Tuesday: 8:00 AM – 7:00 PM
Wednesday: 8:00 AM – 7:00 PM
Thursday: 8:00 AM – 7:00 PM
Friday: 8:00 AM – 7:00 PM
Saturday: 8:00 AM – 7:00 PM
Sunday: 8:00 AM – 4:00 PM",,,,,,,,,,,,,,,,,,,,,,,,,,,,,
272,Modern Animal Glendale,(626) 499-6260,224 W Colorado St Suite 102,Glendale,91204,General Practice,"Tuesday: 8:00 AM – 6:00 PM
Wednesday: 8:00 AM – 6:00 PM
Thursday: 8:00 AM – 6:00 PM
Friday: 8:00 AM – 6:00 PM
Saturday: 8:00 AM – 6:00 PM
Sunday: 8:00 AM – 6:00 PM",,,,,,,,,,,,,,,,,,,,,,,,,,,,,
273,Montrose Pet Hospital,(818) 249-2273,2444 Honolulu Ave,Glendale,91020,General Practice,"Tuesday: 8:00 AM – 5:00 PM
Wednesday: 8:00 AM – 5:00 PM
Thursday: 8:00 AM – 5:00 PM
Friday: 8:00 AM – 5:00 PM
Saturday: 8:00 AM – 5:00 PM
Sunday: 8:00 AM – 5:00 PM",,,,,,,,,,,,,,,,,,,,,,,,,,,,,
274,"Parkview Pet Clinic, A Thrive Pet Healthcare Partner",(818) 244-7268,1534 Canada Blvd,Glendale,91208,General Practice,"Tuesday: 8:00 AM – 6:00 PM
Wednesday: 8:00 AM – 6:00 PM
Thursday: 8:00 AM – 6:00 PM
Friday: 8:00 AM – 6:00 PM
Saturday: 8:00 AM – 6:00 PM
Sunday: 8:00 AM – 6:00 PM",,,,,,,,,,,,,,,,,,,,,,,,,,,,,
275,VCA Arden Animal Hospital,(818) 246-2478,407 Arden Ave,Glendale,91203,General Practice,"Tuesday: 8:00 AM – 7:00 PM
Wednesday: 8:00 AM – 7:00 PM
Thursday: 8:00 AM – 7:00 PM
Friday: 8:00 AM – 7:00 PM
Saturday: 8:00 AM – 7:00 PM
Sunday: 8:00 AM – 2:00 PM",,,,,,,,,,,,,,,,,,,,,,,,,,,,,
276,Elwood Animal Clinic,(626) 914-5671,901 E Rte 66,Glendora,91740,General Practice,"Tuesday: 9:00 AM – 6:00 PM
Wednesday: 9:00 AM – 6:00 PM
Thursday: 9:00 AM – 6:00 PM
Friday: 9:00 AM – 6:00 PM
Saturday: 9:00 AM – 6:00 PM
Sunday: 9:00 AM – 1:00 PM",,,,,,,,,,,,,,,,,,,,,,,,,,,,,
277,Emergency Pet Hospital of Glendora,(626) 594-0356,500 S Glendora Ave,Glendora,91740,General Practice,"Tuesday: 6:00 PM – 8:00 AM
Wednesday: 6:00 PM – 8:00 AM
Thursday: 6:00 PM – 8:00 AM
Friday: 6:00 PM – 8:00 AM
Saturday: 6:00 PM – 8:00 AM",,,,,,,,,,,,,,,,,,,,,,,,,,,,,
278,Glendora Hills Pet Hospital,(626) 640-4027,645 S Lone Hill Ave,Glendora,91740,General Practice,"Tuesday: 8:00 AM – 6:00 PM
Wednesday: 8:00 AM – 6:00 PM
Thursday: 8:00 AM – 6:00 PM
Friday: 8:00 AM – 6:00 PM
Saturday: 8:00 AM – 6:00 PM
Sunday: 8:00 AM – 6:00 PM",,,,,,,,,,,,,,,,,,,,,,,,,,,,,
279,Glendora Pet Care Center,(626) 594-0466,1948 E Rte 66,Glendora,91740,General Practice,"Tuesday: 8:00 AM – 6:00 PM
Wednesday: 8:00 AM – 6:00 PM
Thursday: 8:00 AM – 6:00 PM
Friday: 8:00 AM – 6:00 PM
Saturday: 8:00 AM – 6:00 PM
Sunday: 9:00 AM – 2:00 PM",,,,,,,,,,,,,,,,,,,,,,,,,,,,,
280,Healthy Paws Animal Hospital,(626) 310-0677,441 E Arrow Hwy Suite 1,Glendora,91740,General Practice,"Monday: 9:00 AM – 4:00 PM
Tuesday: 8:00 AM – 6:00 PM
Wednesday: 8:00 AM – 6:00 PM
Thursday: 8:00 AM – 6:00 PM
Saturday: 8:00 AM – 6:00 PM
Sunday: 8:00 AM – 6:00 PM",,,,,,,,,,,,,,,,,,,,,,,,,,,,,
281,South Glendora Animal Hospital,(626) 914-5717,169 Arrow Hwy,Glendora,91740,General Practice,"Monday: 8:00 AM – 10:00 PM
Tuesday: 8:00 AM – 10:00 PM
Wednesday: 8:00 AM – 10:00 PM
Thursday: 8:00 AM – 10:00 PM
Friday: 8:00 AM – 10:00 PM
Saturday: 8:00 AM – 10:00 PM
Sunday: 8:00 AM – 10:00 PM",,,,,,,,,,,,,,,,,,,,,,,,,,,,,
282,VCA Alosta Animal Hospital,(626) 963-1674,1821 E Rte 66,Glendora,91740,General Practice,"Tuesday: 8:00 AM – 6:00 PM
Wednesday: 8:00 AM – 6:00 PM
Thursday: 8:00 AM – 6:00 PM
Friday: 8:00 AM – 6:00 PM
Saturday: 8:00 AM – 6:00 PM
Sunday: 8:00 AM – 12:30 PM",,,,,,,,,,,,,,,,,,,,,,,,,,,,,
283,Veterinary Specialty Group of Glendora,(626) 594-0376,500 S Glendora Ave,Glendora,91740,General Practice,"Tuesday: 9:00 AM – 5:00 PM
Wednesday: 9:00 AM – 5:00 PM
Thursday: 9:00 AM – 5:00 PM
Friday: 9:00 AM – 5:00 PM
Saturday: 9:00 AM – 5:00 PM",,,,,,,,,,,,,,,,,,,,,,,,,,,,,
284,West Foothill Animal Hospital,(626) 335-4912,615 W Foothill Blvd,Glendora,91741,General Practice,"Tuesday: 8:00 AM – 4:00 PM
Wednesday: 8:00 AM – 4:00 PM
Thursday: 8:00 AM – 1:00 PM
Friday: 8:00 AM – 4:00 PM
Saturday: 8:00 AM – 4:00 PM
Sunday: 8:00 AM – 2:00 PM",,,,,,,,,,,,,,,,,,,,,,,,,,,,,
285,Goleta Airport Pet Hospital,(805) 968-4300,300 Storke Rd,Goleta,93117,General Practice,"Tuesday: 9:00 AM – 5:30 PM
Wednesday: 9:00 AM – 5:30 PM
Thursday: 9:00 AM – 5:30 PM
Friday: 9:00 AM – 5:30 PM
Saturday: 9:00 AM – 5:30 PM",,,,,,,,,,,,,,,,,,,,,,,,,,,,,
286,The Goodland Pet Hospital,(805) 685-4513,7126 Hollister Ave,Goleta,93117,General Practice,"Tuesday: 8:00 AM – 5:30 PM
Wednesday: 8:00 AM – 5:30 PM
Thursday: 8:00 AM – 5:30 PM
Friday: 8:00 AM – 5:30 PM
Saturday: 8:00 AM – 5:00 PM",,,,,,,,,,,,,,,,,,,,,,,,,,,,,
287,VCA Noah's Ark Animal Hospital,(805) 683-7788,160 N Fairview Ave,Goleta,93117,General Practice,"Tuesday: 7:30 AM – 6:00 PM
Wednesday: 7:30 AM – 6:00 PM
Thursday: 7:30 AM – 6:00 PM
Friday: 7:30 AM – 6:00 PM
Saturday: 7:30 AM – 6:00 PM",,,,,,,,,,,,,,,,,,,,,,,,,,,,,
288,Avian & Exotic Animal Hospital,(310) 679-0693,4871 Rosecrans Ave,Hawthorne,90250,General Practice,"Tuesday: 9:00 AM – 12:00 PM
Tuesday: 2:30 PM – 3:30 PM
Wednesday: 9:00 AM – 12:00 PM
Wednesday: 2:30 PM – 3:30 PM
Friday: 9:00 AM – 12:00 PM
Friday: 2:30 PM – 3:30 PM
Saturday: 9:00 AM – 12:00 PM
Saturday: 2:30 PM – 3:30 PM",,,,,,,,,,,,,,,,,,,,,,,,,,,,,
289,My Vet and Pets Drive-Thru Veterinary Clinic,(424) 374-4000,11915 S Inglewood Ave,Hawthorne,90250,General Practice,"Thursday: 9:00 AM – 5:00 PM
Friday: 9:00 AM – 5:00 PM
Saturday: 9:00 AM – 5:00 PM
Sunday: 9:00 AM – 5:00 PM",,,,,,,,,,,,,,,,,,,,,,,,,,,,,
290,Rosecrans Veterinary Clinic,(310) 857-7000,5267W Rosecrans Ave,Hawthorne,90250,General Practice,"Tuesday: 9:00 AM – 6:00 PM
Wednesday: 9:00 AM – 6:00 PM
Friday: 9:00 AM – 6:00 PM
Saturday: 9:00 AM – 6:00 PM
Sunday: 8:00 AM – 2:00 PM",,,,,,,,,,,,,,,,,,,,,,,,,,,,,
291,Buena Vista Pet Clinic,(951) 929-2872,425 N Buena Vista St,Hemet,92543,General Practice,"Tuesday: 9:00 AM – 5:30 PM
Wednesday: 9:00 AM – 5:30 PM
Thursday: 9:00 AM – 5:30 PM
Friday: 9:00 AM – 5:30 PM",,,,,,,,,,,,,,,,,,,,,,,,,,,,,
292,"Dr. John J. Etchart, DVM (Horses only)",(951) 929-0888,601 S Sanderson Ave,Hemet,92545,General Practice,"Tuesday: 8:30 AM – 12:00 PM
Wednesday: 8:30 AM – 12:00 PM
Thursday: 8:30 AM – 12:00 PM
Friday: 8:30 AM – 12:00 PM
Saturday: 8:30 AM – 12:00 PM",,,,,,,,,,,,,,,,,,,,,,,,,,,,,
293,Hemet Animal Hospital: Kaylor Barbara DVM,(951) 658-3119,130 N Girard St,Hemet,92544,General Practice,"Tuesday: 7:00 AM – 6:00 PM
Wednesday: 7:00 AM – 6:00 PM
Thursday: 7:00 AM – 6:00 PM
Friday: 7:00 AM – 6:00 PM
Saturday: 7:00 AM – 6:00 PM",,,,,,,,,,,,,,,,,,,,,,,,,,,,,
294,Mar Animal Hospital,(951) 652-7387,1221 W Acacia Ave,Hemet,92543,General Practice,"Tuesday: 8:00 AM – 2:00 PM
Wednesday: 8:00 AM – 2:00 PM
Thursday: 8:00 AM – 2:00 PM
Friday: 8:00 AM – 2:00 PM
Saturday: 8:00 AM – 2:00 PM",,,,,,,,,,,,,,,,,,,,,,,,,,,,,
295,Murphy Brooke DVM,(951) 929-4533,39185 Diamond Valley Rd,Hemet,92543,General Practice,,,,,,,,,,,,,,,,,,,,,,,,,,,,,,
296,Pets Vet Veterinary Clinic,(951) 929-6688,41995 E Florida Ave,Hemet,92544,General Practice,"Tuesday: 10:00 AM – 1:00 PM
Tuesday: 2:30 PM – 6:00 PM
Wednesday: 10:00 AM – 1:00 PM
Wednesday: 2:30 PM – 6:00 PM
Friday: 10:00 AM – 1:00 PM
Friday: 2:30 PM – 6:00 PM
Saturday: 10:00 AM – 1:00 PM
Saturday: 2:30 PM – 6:00 PM",,,,,,,,,,,,,,,,,,,,,,,,,,,,,
297,Rasner Reginald R DVM,(951) 926-4523,24751 Los Rancherias Rd,Hemet,92545,General Practice,,,,,,,,,,,,,,,,,,,,,,,,,,,,,,
298,GoodVets Hermosa Beach,(310) 362-1210,300 Pacific Coast Hwy Suite 101,Hermosa Beach,90254,General Practice,"Tuesday: 8:00 AM – 6:00 PM
Wednesday: 8:00 AM – 6:00 PM
Friday: 8:00 AM – 6:00 PM
Saturday: 8:00 AM – 6:00 PM
Sunday: 8:00 AM – 6:00 PM",,,,,,,,,,,,,,,,,,,,,,,,,,,,,
299,VCA Coast Animal Hospital,(310) 372-8881,1560 CA-1,Hermosa Beach,90254,General Practice,"Tuesday: 7:00 AM – 6:00 PM
Wednesday: 7:00 AM – 6:00 PM
Thursday: 7:00 AM – 6:00 PM
Friday: 7:00 AM – 6:00 PM
Saturday: 7:00 AM – 6:00 PM
Sunday: 8:00 AM – 4:00 PM",,,,,,,,,,,,,,,,,,,,,,,,,,,,,
300,VCA Hermosa Animal Hospital,(310) 376-8819,560 Pacific Coast Hwy,Hermosa Beach,90254,General Practice,"Tuesday: 7:30 AM – 6:00 PM
Wednesday: 7:30 AM – 6:00 PM
Thursday: 7:30 AM – 6:00 PM
Friday: 7:30 AM – 6:00 PM
Saturday: 7:30 AM – 6:00 PM
Sunday: 8:00 AM – 3:30 PM",,,,,,,,,,,,,,,,,,,,,,,,,,,,,
301,All Paws Animal Clinic,(760) 998-3133,14322 Main St,Hesperia,92345,General Practice,"Tuesday: 8:00 AM – 1:30 PM
Tuesday: 2:30 PM – 5:00 PM
Wednesday: 8:00 AM – 1:30 PM
Wednesday: 2:30 PM – 5:00 PM
Thursday: 8:00 AM – 1:30 PM
Thursday: 2:30 PM – 5:00 PM
Friday: 8:00 AM – 1:30 PM
Friday: 2:30 PM – 5:00 PM
Saturday: 8:00 AM – 1:30 PM
Saturday: 2:30 PM – 5:00 PM
Sunday: 8:00 AM – 12:30 PM
Sunday: 1:30 PM – 4:00 PM",,,,,,,,,,,,,,,,,,,,,,,,,,,,,
302,Antony Animal Hospital,(760) 947-0191,16284 Main St,Hesperia,92345,General Practice,"Tuesday: 8:00 AM – 6:00 PM
Wednesday: 8:00 AM – 6:00 PM
Thursday: 8:00 AM – 6:00 PM
Friday: 8:00 AM – 6:00 PM
Saturday: 8:00 AM – 6:00 PM",,,,,,,,,,,,,,,,,,,,,,,,,,,,,
303,Desert Care Animal Hospital,(760) 949-7387,15664 Main St # 130,Hesperia,92345,General Practice,"Wednesday: 9:00 AM – 4:00 PM
Thursday: 9:00 AM – 4:00 PM
Friday: 9:00 AM – 4:00 PM
Saturday: 9:00 AM – 4:00 PM",,,,,,,,,,,,,,,,,,,,,,,,,,,,,
304,Hesperia Animal Hospital,(760) 948-1553,9540 I Ave,Hesperia,92345,General Practice,"Tuesday: 8:00 AM – 6:00 PM
Wednesday: 8:00 AM – 6:00 PM
Thursday: 8:00 AM – 6:00 PM
Friday: 8:00 AM – 6:00 PM
Saturday: 8:00 AM – 6:00 PM",,,,,,,,,,,,,,,,,,,,,,,,,,,,,
305,Samaritan Animal Hospital,(760) 240-6000,17471 Bear Valley Rd,Hesperia,92345,General Practice,"Tuesday: 7:30 AM – 6:00 PM
Wednesday: 7:30 AM – 6:00 PM
Thursday: 7:30 AM – 6:00 PM
Friday: 7:30 AM – 6:00 PM
Saturday: 7:30 AM – 6:00 PM
Sunday: 7:30 AM – 3:00 PM",,,,,,,,,,,,,,,,,,,,,,,,,,,,,
306,Ala-Palm Animal Hospital,(909) 862-5111,8068 Palm Ave,Highland,92346,General Practice,"Tuesday: 8:00 AM – 6:00 PM
Wednesday: 8:00 AM – 6:00 PM
Thursday: 8:00 AM – 6:00 PM
Friday: 8:00 AM – 6:00 PM
Saturday: 8:00 AM – 6:00 PM
Sunday: 8:00 AM – 5:00 PM",,,,,,,,,,,,,,,,,,,,,,,,,,,,,
307,HarborVet Animal Clinic,null,4Q5Q+9F,Highland,92346,General Practice,,,,,,,,,,,,,,,,,,,,,,,,,,,,,,
308,Highland Village Pet Hospital,(909) 864-7387,7257 Boulder Ave,Highland,92346,General Practice,"Tuesday: 9:00 AM – 6:00 PM
Wednesday: 9:00 AM – 6:00 PM
Thursday: 9:00 AM – 6:00 PM
Friday: 9:00 AM – 6:00 PM
Saturday: 9:00 AM – 6:00 PM
Sunday: 10:00 AM – 2:00 PM",,,,,,,,,,,,,,,,,,,,,,,,,,,,,
309,5 Points Companion Animal Hospital,(714) 587-9068,18567 Main St,Huntington Beach,92648,General Practice,"Monday: 11:00 AM – 9:00 PM
Tuesday: 11:00 AM – 9:00 PM
Wednesday: 11:00 AM – 9:00 PM
Thursday: 11:00 AM – 9:00 PM
Friday: 11:00 AM – 9:00 PM
Saturday: 11:00 AM – 9:00 PM
Sunday: 11:00 AM – 9:00 PM",,,,,,,,,,,,,,,,,,,,,,,,,,,,,
310,AAA Animal Hospital,(714) 536-6537,21632 Newland St,Huntington Beach,92646,General Practice,"Monday: 8:00 AM – 5:00 PM
Tuesday: 7:30 AM – 9:00 PM
Wednesday: 7:30 AM – 9:00 PM
Thursday: 7:30 AM – 9:00 PM
Friday: 7:30 AM – 9:00 PM
Saturday: 7:30 AM – 9:00 PM
Sunday: 8:00 AM – 5:00 PM",,,,,,,,,,,,,,,,,,,,,,,,,,,,,
311,Animal Hospital of Huntington Beach,(714) 898-0568,15021 Edwards St,Huntington Beach,92647,General Practice,"Monday: 9:00 AM – 4:00 PM
Tuesday: 8:00 AM – 7:00 PM
Wednesday: 8:00 AM – 7:00 PM
Thursday: 8:00 AM – 7:00 PM
Friday: 8:00 AM – 7:00 PM
Saturday: 8:00 AM – 7:00 PM
Sunday: 8:00 AM – 5:00 PM",,,,,,,,,,,,,,,,,,,,,,,,,,,,,
312,Animal Republic Veterinary Hospital & Emergency,(714) 274-9305,6937 Warner Ave,Huntington Beach,92647,General Practice,"Tuesday: 9:00 AM – 8:00 PM
Thursday: 9:00 AM – 8:00 PM
Friday: 9:00 AM – 8:00 PM
Saturday: 9:00 AM – 8:00 PM
Sunday: 9:00 AM – 8:00 PM",,,,,,,,,,,,,,,,,,,,,,,,,,,,,
313,Beach Animal Urgent Care,(657) 485-0338,19201 Brookhurst St Suite 105,Huntington Beach,92646,General Practice,"Monday: 12:00 PM – 10:00 PM
Tuesday: 12:00 PM – 10:00 PM
Wednesday: 12:00 PM – 10:00 PM
Thursday: 12:00 PM – 10:00 PM
Friday: 12:00 PM – 10:00 PM
Saturday: 12:00 PM – 10:00 PM
Sunday: 12:00 PM – 10:00 PM",,,,,,,,,,,,,,,,,,,,,,,,,,,,,
314,Beach Boulevard Pet Hospital,(714) 847-1291,16191 Beach Blvd,Huntington Beach,92647,General Practice,"Tuesday: 8:00 AM – 6:00 PM
Wednesday: 8:00 AM – 6:00 PM
Thursday: 8:00 AM – 6:00 PM
Friday: 8:00 AM – 6:00 PM
Saturday: 8:00 AM – 6:00 PM
Sunday: 8:00 AM – 4:00 PM",,,,,,,,,,,,,,,,,,,,,,,,,,,,,
315,Beach City Animal Hospital,(714) 847-3523,7412 Warner Ave,Huntington Beach,92647,General Practice,"Tuesday: 8:00 AM – 6:00 PM
Wednesday: 8:00 AM – 6:00 PM
Thursday: 8:00 AM – 6:00 PM
Friday: 8:00 AM – 6:00 PM
Saturday: 8:00 AM – 6:00 PM",,,,,,,,,,,,,,,,,,,,,,,,,,,,,
316,Beach Garfield Veterinary Hospital,(714) 847-2519,18861 Beach Blvd,Huntington Beach,92648,General Practice,"Monday: 11:00 AM – 4:00 PM
Tuesday: 8:00 AM – 6:00 PM
Wednesday: 8:00 AM – 6:00 PM
Thursday: 8:00 AM – 6:00 PM
Friday: 8:00 AM – 6:00 PM
Saturday: 8:00 AM – 6:00 PM
Sunday: 8:00 AM – 6:00 PM",,,,,,,,,,,,,,,,,,,,,,,,,,,,,
317,Friendly Animal Hospital,(714) 845-5722,6832 Edinger Ave,Huntington Beach,92647,General Practice,"Monday: 9:00 AM – 8:00 PM
Tuesday: 8:00 AM – 7:00 PM
Wednesday: 8:00 AM – 7:00 PM
Friday: 8:00 AM – 7:00 PM
Saturday: 8:00 AM – 6:00 PM
Sunday: 8:00 AM – 7:00 PM",,,,,,,,,,,,,,,,,,,,,,,,,,,,,
318,Hamilton Animal Hospital,(714) 964-4744,21552 Brookhurst St,Huntington Beach,92646,General Practice,"Monday: 9:00 AM – 4:00 PM
Tuesday: 7:00 AM – 6:00 PM
Wednesday: 7:00 AM – 6:00 PM
Thursday: 7:00 AM – 6:00 PM
Friday: 7:00 AM – 6:00 PM
Saturday: 7:00 AM – 6:00 PM
Sunday: 8:00 AM – 5:00 PM",,,,,,,,,,,,,,,,,,,,,,,,,,,,,
319,Hope Veterinary Care,(714) 964-1605,10130 Adams Ave,Huntington Beach,92646,General Practice,"Tuesday: 8:30 AM – 6:00 PM
Wednesday: 8:30 AM – 6:00 PM
Thursday: 8:30 AM – 2:00 PM
Friday: 8:30 AM – 6:00 PM
Saturday: 8:30 AM – 6:00 PM
Sunday: 8:30 AM – 2:00 PM",,,,,,,,,,,,,,,,,,,,,,,,,,,,,
320,Huntington Beach Pet Hospital,(714) 962-3639,8851 Adams Ave,Huntington Beach,92646,General Practice,"Tuesday: 8:00 AM – 6:00 PM
Wednesday: 8:00 AM – 6:00 PM
Thursday: 8:00 AM – 6:00 PM
Friday: 8:00 AM – 6:00 PM
Saturday: 8:00 AM – 6:00 PM
Sunday: 8:00 AM – 1:00 PM",,,,,,,,,,,,,,,,,,,,,,,,,,,,,
321,Huntington Beach Veterinary Hospital,(714) 536-7591,724 Utica Avenue,Huntington Beach,92648,General Practice,"Tuesday: 7:30 AM – 6:00 PM
Wednesday: 7:30 AM – 6:00 PM
Thursday: 7:30 AM – 6:00 PM
Friday: 7:30 AM – 6:00 PM
Saturday: 7:30 AM – 6:00 PM
Sunday: 8:00 AM – 6:00 PM",,,,,,,,,,,,,,,,,,,,,,,,,,,,,
322,Huntington Pet Vet,(714) 969-0211,20032 Beach Blvd,Huntington Beach,92648,General Practice,"Monday: 9:00 AM – 12:00 PM
Tuesday: 8:00 AM – 6:00 PM
Wednesday: 8:00 AM – 7:00 PM
Thursday: 8:00 AM – 6:00 PM
Friday: 8:00 AM – 7:00 PM
Saturday: 8:00 AM – 6:00 PM
Sunday: 9:00 AM – 2:00 PM",,,,,,,,,,,,,,,,,,,,,,,,,,,,,
323,JYK Veterinary Clinic,(714) 840-4658,5904 Warner Ave,Huntington Beach,92649,General Practice,"Tuesday: 8:30 AM – 6:00 PM
Wednesday: 8:30 AM – 6:00 PM
Thursday: 8:30 AM – 6:00 PM
Friday: 8:30 AM – 6:00 PM
Saturday: 8:30 AM – 6:00 PM
Sunday: 8:30 AM – 2:00 PM",,,,,,,,,,,,,,,,,,,,,,,,,,,,,
324,Livewell Animal Huntington Beach,(657) 200-6839,18502 Beach Blvd Ste 100,Huntington Beach,92648,General Practice,"Tuesday: 8:00 AM – 6:00 PM
Wednesday: 8:00 AM – 6:00 PM
Thursday: 8:00 AM – 2:00 PM
Friday: 8:00 AM – 6:00 PM
Saturday: 8:00 AM – 6:00 PM",,,,,,,,,,,,,,,,,,,,,,,,,,,,,
325,LOVE Animal Hospital and Urgent Care,(657) 756-5683,16161 Springdale St,Huntington Beach,92649,General Practice,"Monday: 5:00 AM – 11:00 PM
Tuesday: 5:00 AM – 11:00 PM
Wednesday: 5:00 AM – 11:00 PM
Thursday: 5:00 AM – 11:00 PM
Friday: 5:00 AM – 11:00 PM
Saturday: 5:00 AM – 11:00 PM
Sunday: 5:00 AM – 11:00 PM",,,,,,,,,,,,,,,,,,,,,,,,,,,,,
326,Sea Gate Veterinary Hospital,(714) 846-4436,16061 Bolsa Chica St,Huntington Beach,92649,General Practice,"Tuesday: 9:00 AM – 6:00 PM
Wednesday: 9:00 AM – 6:00 PM
Thursday: 9:00 AM – 6:00 PM
Friday: 9:00 AM – 6:00 PM
Saturday: 9:00 AM – 6:00 PM
Sunday: 9:00 AM – 1:00 PM",,,,,,,,,,,,,,,,,,,,,,,,,,,,,
327,Seacliff Animal Hospital,(714) 969-2691,19365 Main St #101,Huntington Beach,92648,General Practice,"Tuesday: 8:00 AM – 6:00 PM
Wednesday: 8:00 AM – 6:00 PM
Thursday: 8:00 AM – 6:00 PM
Friday: 8:00 AM – 6:00 PM
Saturday: 8:00 AM – 6:00 PM
Sunday: 8:00 AM – 2:00 PM",,,,,,,,,,,,,,,,,,,,,,,,,,,,,
328,Surf City Pet Hospital,(714) 968-9400,19046 Brookhurst St,Huntington Beach,92646,General Practice,"Tuesday: 8:00 AM – 6:00 PM
Wednesday: 8:00 AM – 6:00 PM
Thursday: 8:00 AM – 6:00 PM
Saturday: 8:00 AM – 6:00 PM
Sunday: 9:00 AM – 2:00 PM",,,,,,,,,,,,,,,,,,,,,,,,,,,,,
329,Warner West Pet Clinic,(714) 847-9617,18364 Beach Blvd,Huntington Beach,92648,General Practice,"Tuesday: 8:00 AM – 5:00 PM
Wednesday: 8:00 AM – 5:00 PM
Thursday: 8:00 AM – 5:00 PM
Friday: 8:00 AM – 5:00 PM
Saturday: 8:00 AM – 5:00 PM
Sunday: 8:00 AM – 12:00 PM",,,,,,,,,,,,,,,,,,,,,,,,,,,,,
330,Huntington Park Dog & Cat Clinic,(323) 770-3311,6083 State St,Huntington Park,90255,General Practice,"Tuesday: 8:30 AM – 1:00 PM
Wednesday: 8:30 AM – 1:00 PM
Thursday: 8:30 AM – 1:00 PM
Saturday: 8:30 AM – 1:00 PM
Sunday: 8:30 AM – 1:00 PM",,,,,,,,,,,,,,,,,,,,,,,,,,,,,
331,Aaa Affordable Veterinary Care,(760) 775-4200,49732 Jackson St,Indio,92201,General Practice,,,,,,,,,,,,,,,,,,,,,,,,,,,,,,
332,Clark James H DVM,(760) 342-1081,49732 Jackson St,Indio,92201,General Practice,"Tuesday: 11:00 AM – 7:00 PM
Wednesday: 11:00 AM – 7:00 PM
Thursday: 11:00 AM – 7:00 PM
Friday: 11:00 AM – 7:00 PM
Saturday: 11:00 AM – 7:00 PM",,,,,,,,,,,,,,,,,,,,,,,,,,,,,
333,"Los Caballos Equine Practice, Dr. Noel S Muller DVM",(209) 712-7403,51535 Monroe St,Indio,92201,General Practice,"Monday: 9:00 AM – 5:00 PM
Tuesday: 9:00 AM – 5:00 PM
Wednesday: 9:00 AM – 5:00 PM
Thursday: 9:00 AM – 5:00 PM
Friday: 9:00 AM – 5:00 PM
Saturday: 9:00 AM – 5:00 PM
Sunday: 9:00 AM – 5:00 PM",,,,,,,,,,,,,,,,,,,,,,,,,,,,,
334,Airport Cities Animal Hospital,(310) 641-8800,1120 W Manchester Blvd,Inglewood,90301,General Practice,"Tuesday: 9:00 AM – 6:00 PM
Wednesday: 9:00 AM – 6:00 PM
Thursday: 9:00 AM – 6:00 PM
Friday: 9:00 AM – 6:00 PM
Saturday: 9:00 AM – 6:00 PM
Sunday: 9:00 AM – 1:00 PM",,,,,,,,,,,,,,,,,,,,,,,,,,,,,
335,Centinela Animal Hospital,(310) 673-1910,721 Centinela Ave,Inglewood,90302,General Practice,"Tuesday: 8:00 AM – 5:00 PM
Wednesday: 8:00 AM – 5:00 PM
Thursday: 8:00 AM – 5:00 PM
Friday: 8:00 AM – 5:00 PM
Saturday: 8:00 AM – 5:00 PM",,,,,,,,,,,,,,,,,,,,,,,,,,,,,
336,Dr Goodpet Labs,(310) 672-3269,"1/2, 322 E Beach Ave",Inglewood,90302,General Practice,"Tuesday: 9:00 AM – 4:00 PM
Wednesday: 9:00 AM – 4:00 PM
Thursday: 9:00 AM – 4:00 PM
Friday: 9:00 AM – 4:00 PM
Saturday: 9:00 AM – 4:00 PM",,,,,,,,,,,,,,,,,,,,,,,,,,,,,
337,Ladera Pet Clinic,(310) 671-0421,1528 Centinela Ave,Inglewood,90302,General Practice,"Tuesday: 9:00 AM – 4:00 PM
Wednesday: 9:00 AM – 4:00 PM
Thursday: 9:00 AM – 4:00 PM
Friday: 9:00 AM – 1:00 PM
Saturday: 9:00 AM – 4:00 PM
Sunday: 8:00 AM – 12:00 PM",,,,,,,,,,,,,,,,,,,,,,,,,,,,,
338,Animal Hospital of Irvine,(949) 559-9988,4200 Trabuco Rd #160,Irvine,92620,General Practice,"Monday: 9:00 AM – 4:00 PM
Tuesday: 8:30 AM – 6:00 PM
Wednesday: 8:30 AM – 6:00 PM
Thursday: 8:30 AM – 6:00 PM
Friday: 8:30 AM – 6:00 PM
Saturday: 8:30 AM – 6:00 PM
Sunday: 9:00 AM – 4:00 PM",,,,,,,,,,,,,,,,,,,,,,,,,,,,,
339,Camino Pet Hospital,(949) 559-1404,5408 Walnut Ave,Irvine,92604,General Practice,"Tuesday: 7:00 AM – 6:00 PM
Wednesday: 7:00 AM – 6:00 PM
Thursday: 7:00 AM – 6:00 PM
Friday: 7:00 AM – 6:00 PM
Saturday: 7:00 AM – 6:00 PM
Sunday: 7:00 AM – 3:00 PM",,,,,,,,,,,,,,,,,,,,,,,,,,,,,
340,Culver Pet Clinic,(949) 559-8971,14130 Culver Dr suite b,Irvine,92604,General Practice,"Tuesday: 8:00 AM – 6:00 PM
Wednesday: 8:00 AM – 6:00 PM
Thursday: 8:00 AM – 6:00 PM
Friday: 8:00 AM – 6:00 PM
Saturday: 8:00 AM – 6:00 PM
Sunday: 8:00 AM – 4:00 PM",,,,,,,,,,,,,,,,,,,,,,,,,,,,,
341,Irvine Great Park Animal Hospital,(949) 552-7878,6336 Irvine Blvd,Irvine,92620,General Practice,"Tuesday: 10:00 AM – 12:00 PM
Tuesday: 2:00 PM – 5:00 PM
Wednesday: 10:00 AM – 2:00 PM
Thursday: 10:00 AM – 12:00 PM
Thursday: 2:00 PM – 5:00 PM
Friday: 10:00 AM – 12:00 PM
Friday: 2:00 PM – 5:00 PM
Saturday: 10:00 AM – 12:00 PM
Saturday: 2:00 PM – 5:00 PM
Sunday: 9:00 AM – 11:00 AM",,,,,,,,,,,,,,,,,,,,,,,,,,,,,
342,Irvine Pet Hospital,(949) 551-0304,34 Creek Rd,Irvine,92604,General Practice,"Monday: 8:00 AM – 5:00 PM
Tuesday: 8:00 AM – 6:00 PM
Wednesday: 8:00 AM – 6:00 PM
Thursday: 8:00 AM – 6:00 PM
Friday: 8:00 AM – 6:00 PM
Saturday: 8:00 AM – 6:00 PM
Sunday: 8:00 AM – 5:00 PM",,,,,,,,,,,,,,,,,,,,,,,,,,,,,
343,Irvine Valley Veterinary Hospital - Primary Care,(949) 552-5200,15435 Jeffrey Rd Suite 107,Irvine,92618,General Practice,"Tuesday: 7:00 AM – 6:00 PM
Wednesday: 7:00 AM – 6:00 PM
Thursday: 7:00 AM – 6:00 PM
Friday: 7:00 AM – 6:00 PM
Saturday: 7:00 AM – 6:00 PM
Sunday: 8:00 AM – 4:00 PM",,,,,,,,,,,,,,,,,,,,,,,,,,,,,
344,Northwood Animal Hospital,(949) 559-1992,13925 Yale Ave #115,Irvine,92620,General Practice,"Tuesday: 8:00 AM – 6:00 PM
Wednesday: 8:00 AM – 6:00 PM
Thursday: 8:00 AM – 6:00 PM
Friday: 8:00 AM – 6:00 PM
Saturday: 8:00 AM – 6:00 PM
Sunday: 8:30 AM – 5:00 PM",,,,,,,,,,,,,,,,,,,,,,,,,,,,,
345,Oak Creek Pet Hospital,(949) 535-1611,6612 Irvine Center Dr,Irvine,92618,General Practice,"Tuesday: 8:00 AM – 5:00 PM
Wednesday: 8:00 AM – 5:00 PM
Thursday: 8:00 AM – 5:00 PM
Friday: 8:00 AM – 5:00 PM
Saturday: 8:00 AM – 5:00 PM
Sunday: 9:00 AM – 1:00 PM",,,,,,,,,,,,,,,,,,,,,,,,,,,,,
346,Pacific CARE Pet Emergency & Specialty,(949) 653-2846,2572 White Rd,Irvine,92614,General Practice,Monday: Open 24 hours,,,,,,,,,,,,,,,,,,,,,,,,,,,,,
347,Quail Animal Hospital,(949) 387-0338,6513 Quail Hill Pkwy,Irvine,92603,General Practice,"Tuesday: 8:00 AM – 6:00 PM
Wednesday: 8:00 AM – 6:00 PM
Thursday: 8:00 AM – 6:00 PM
Friday: 8:00 AM – 6:00 PM
Saturday: 8:00 AM – 6:00 PM",,,,,,,,,,,,,,,,,,,,,,,,,,,,,
348,Sora Animal Hospital,(949) 502-5531,14210 Culver Dr STE D,Irvine,92604,General Practice,"Monday: 9:00 AM – 6:00 PM
Tuesday: 9:00 AM – 6:00 PM
Wednesday: 9:00 AM – 6:00 PM
Friday: 9:00 AM – 6:00 PM
Saturday: 9:00 AM – 6:00 PM
Sunday: 9:00 AM – 6:00 PM",,,,,,,,,,,,,,,,,,,,,,,,,,,,,
349,Spectrum Pet Hospital,(949) 210-9100,"Spectrum Pet Hospital, 8645 Research Dr",Irvine,92618,General Practice,"Tuesday: 9:00 AM – 5:00 PM
Wednesday: 9:00 AM – 5:00 PM
Thursday: 9:00 AM – 5:00 PM
Friday: 9:00 AM – 5:00 PM
Saturday: 9:00 AM – 5:00 PM
Sunday: 9:00 AM – 2:00 PM",,,,,,,,,,,,,,,,,,,,,,,,,,,,,
350,"Stonecreek Animal Hospital, A Thrive Pet Healthcare Partner",(949) 726-1800,4178 Barranca Pkwy,Irvine,92604,General Practice,"Tuesday: 8:00 AM – 6:00 PM
Wednesday: 8:00 AM – 6:00 PM
Thursday: 8:00 AM – 6:00 PM
Friday: 8:00 AM – 6:00 PM
Saturday: 8:00 AM – 6:00 PM",,,,,,,,,,,,,,,,,,,,,,,,,,,,,
351,VCA Irvine North Park Animal Hospital,(714) 573-1890,3961 Irvine Blvd,Irvine,92602,General Practice,"Monday: 8:00 AM – 6:00 PM
Tuesday: 8:00 AM – 6:00 PM
Wednesday: 8:00 AM – 6:00 PM
Thursday: 8:00 AM – 6:00 PM
Friday: 8:00 AM – 6:00 PM
Saturday: 8:00 AM – 6:00 PM
Sunday: 8:00 AM – 6:00 PM",,,,,,,,,,,,,,,,,,,,,,,,,,,,,
352,VCA Irvine University Park Animal Hospital,(949) 786-0990,5301 University Dr,Irvine,92612,General Practice,"Monday: 7:00 AM – 6:00 PM
Tuesday: 7:00 AM – 6:00 PM
Wednesday: 7:00 AM – 6:00 PM
Thursday: 7:00 AM – 6:00 PM
Friday: 7:00 AM – 6:00 PM
Saturday: 7:00 AM – 6:00 PM
Sunday: 7:00 AM – 6:00 PM",,,,,,,,,,,,,,,,,,,,,,,,,,,,,
353,VCA PetPoint Medical Center and Resort,(949) 522-5700,2505 Da Vinci,Irvine,92614,General Practice,"Monday: 8:00 AM – 6:00 PM
Tuesday: 7:00 AM – 6:00 PM
Wednesday: 7:00 AM – 6:00 PM
Thursday: 7:00 AM – 6:00 PM
Friday: 7:00 AM – 6:00 PM
Saturday: 7:00 AM – 6:00 PM
Sunday: 8:00 AM – 6:00 PM",,,,,,,,,,,,,,,,,,,,,,,,,,,,,
354,Journey to Vet Med,(951) 428-5553,11533 Del Sur Dr,Jurupa Valley,91752,General Practice,"Monday: 8:00 AM – 9:00 PM
Tuesday: 7:00 AM – 9:00 PM
Wednesday: 7:30 AM – 9:00 PM
Thursday: 7:30 AM – 9:00 PM
Friday: 7:30 AM – 9:00 PM
Saturday: 7:30 AM – 9:00 PM
Sunday: 8:00 AM – 9:00 PM",,,,,,,,,,,,,,,,,,,,,,,,,,,,,
355,Mira Loma Animal Hospital,(951) 681-6631,5850 Etiwanda Ave STE 102,Jurupa Valley,91752,General Practice,"Tuesday: 9:00 AM – 6:00 PM
Wednesday: 9:00 AM – 6:00 PM
Thursday: 9:00 AM – 6:00 PM
Friday: 9:00 AM – 6:00 PM
Saturday: 9:00 AM – 6:00 PM
Sunday: 9:00 AM – 2:00 PM",,,,,,,,,,,,,,,,,,,,,,,,,,,,,
356,County Line Animal Hospital,(562) 697-6725,2551 Whittier Blvd,La Habra,90631,General Practice,"Tuesday: 7:30 AM – 6:00 PM
Wednesday: 7:30 AM – 6:00 PM
Thursday: 7:30 AM – 6:00 PM
Friday: 7:30 AM – 6:00 PM
Saturday: 7:30 AM – 6:00 PM
Sunday: 8:00 AM – 5:00 PM",,,,,,,,,,,,,,,,,,,,,,,,,,,,,
357,Geller Stanford S DVM,(714) 992-4370,715 E La Habra Blvd,La Habra,90631,General Practice,,,,,,,,,,,,,,,,,,,,,,,,,,,,,,
358,Greggs Animal Hospital Inc,(562) 691-7751,750 S Beach Blvd,La Habra,90631,General Practice,"Tuesday: 8:00 AM – 5:00 PM
Wednesday: 8:00 AM – 5:00 PM
Thursday: 8:00 AM – 5:00 PM
Friday: 8:00 AM – 5:00 PM
Saturday: 8:00 AM – 5:00 PM
Sunday: 8:00 AM – 4:00 PM",,,,,,,,,,,,,,,,,,,,,,,,,,,,,
359,Habra Linda Animal Hospital,(562) 691-0893,715 E La Habra Blvd,La Habra,90631,General Practice,"Tuesday: 8:00 AM – 1:00 PM
Tuesday: 3:00 PM – 5:30 PM
Wednesday: 8:00 AM – 1:00 PM
Wednesday: 3:00 PM – 5:30 PM
Thursday: 8:00 AM – 1:00 PM
Thursday: 3:00 PM – 5:30 PM
Friday: 8:00 AM – 1:00 PM
Saturday: 8:00 AM – 1:00 PM
Saturday: 3:00 PM – 5:30 PM
Sunday: 8:00 AM – 1:00 PM",,,,,,,,,,,,,,,,,,,,,,,,,,,,,
360,La Habra Animal Hospital,(562) 697-3885,741 W La Habra Blvd,La Habra,90631,General Practice,"Tuesday: 8:00 AM – 6:00 PM
Wednesday: 8:00 AM – 6:00 PM
Thursday: 8:00 AM – 6:00 PM
Friday: 8:00 AM – 6:00 PM
Saturday: 8:00 AM – 6:00 PM",,,,,,,,,,,,,,,,,,,,,,,,,,,,,
361,Prime Care Pet Hospital,(562) 448-3434,1301 S Beach Blvd F,La Habra,90631,General Practice,"Tuesday: 9:00 AM – 5:30 PM
Wednesday: 9:00 AM – 5:30 PM
Thursday: 9:00 AM – 5:30 PM
Friday: 9:00 AM – 5:30 PM
Saturday: 9:00 AM – 5:30 PM
Sunday: 9:00 AM – 2:00 PM",,,,,,,,,,,,,,,,,,,,,,,,,,,,,
362,Sunny Hills Veterinary Hospital,(714) 526-4694,221 E Imperial Hwy,La Habra,90631,General Practice,"Tuesday: 8:00 AM – 7:00 PM
Wednesday: 8:00 AM – 7:00 PM
Thursday: 8:00 AM – 7:00 PM
Friday: 8:00 AM – 7:00 PM
Saturday: 8:00 AM – 7:00 PM
Sunday: 8:00 AM – 4:00 PM",,,,,,,,,,,,,,,,,,,,,,,,,,,,,
363,El Cerrito Veterinary Hospital,(619) 466-0533,6911 University Ave,La Mesa,91942,General Practice,"Tuesday: 7:30 AM – 5:30 PM
Wednesday: 7:30 AM – 5:30 PM
Thursday: 7:30 AM – 5:30 PM
Friday: 7:30 AM – 5:30 PM
Saturday: 7:30 AM – 5:30 PM
Sunday: 8:30 AM – 12:00 PM",,,,,,,,,,,,,,,,,,,,,,,,,,,,,
364,Feathers and Fur Animal Hospital,(619) 465-4600,7750 University Ave STE A,La Mesa,91942,General Practice,"Tuesday: 8:00 AM – 12:00 PM
Tuesday: 1:00 PM – 5:30 PM
Wednesday: 8:00 AM – 12:00 PM
Wednesday: 1:00 PM – 5:30 PM
Thursday: 8:00 AM – 12:00 PM
Thursday: 1:00 PM – 5:30 PM
Friday: 8:00 AM – 12:00 PM
Friday: 1:00 PM – 5:30 PM
Saturday: 8:00 AM – 12:00 PM
Saturday: 1:00 PM – 5:30 PM",,,,,,,,,,,,,,,,,,,,,,,,,,,,,
365,Fletcher Hills Animal Hospital,(619) 463-6604,8807 Grossmont Blvd,La Mesa,91942,General Practice,"Tuesday: 8:00 AM – 4:00 PM
Wednesday: 8:00 AM – 4:00 PM
Thursday: 8:00 AM – 12:00 PM
Friday: 8:00 AM – 4:00 PM
Saturday: 8:00 AM – 4:00 PM",,,,,,,,,,,,,,,,,,,,,,,,,,,,,
366,Our Pet Vets - University Pet Hospital,(619) 463-9861,7134 University Ave,La Mesa,91942,General Practice,"Tuesday: 8:00 AM – 6:00 PM
Wednesday: 8:00 AM – 6:00 PM
Thursday: 8:00 AM – 6:00 PM
Friday: 8:00 AM – 6:00 PM
Saturday: 8:00 AM – 6:00 PM
Sunday: 8:00 AM – 4:00 PM",,,,,,,,,,,,,,,,,,,,,,,,,,,,,
367,Pet Emergency & Specialty Center-East County,(619) 462-4800,5232 Jackson Dr Suite 105,La Mesa,91942,General Practice,Monday: Open 24 hours,,,,,,,,,,,,,,,,,,,,,,,,,,,,,
368,Pet Urgent Care,(619) 670-0087,5200 Jackson Dr,La Mesa,91942,General Practice,"Monday: 10:00 AM – 8:00 PM
Tuesday: 10:00 AM – 8:00 PM
Wednesday: 10:00 AM – 8:00 PM
Thursday: 10:00 AM – 8:00 PM
Friday: 10:00 AM – 8:00 PM
Saturday: 10:00 AM – 8:00 PM
Sunday: 10:00 AM – 8:00 PM",,,,,,,,,,,,,,,,,,,,,,,,,,,,,
369,Rancho Village Veterinary Hospital,(619) 670-6278,3647 Avocado Blvd,La Mesa,91941,General Practice,"Monday: 8:00 AM – 5:00 PM
Tuesday: 7:30 AM – 6:00 PM
Wednesday: 7:30 AM – 6:00 PM
Thursday: 7:30 AM – 6:00 PM
Friday: 7:30 AM – 6:00 PM
Saturday: 7:30 AM – 6:00 PM
Sunday: 8:00 AM – 5:00 PM",,,,,,,,,,,,,,,,,,,,,,,,,,,,,
370,The Helix Pet Hospital,(619) 469-2129,4223 Palm Ave,La Mesa,91941,General Practice,"Tuesday: 8:00 AM – 5:00 PM
Wednesday: 8:00 AM – 5:00 PM
Thursday: 8:00 AM – 5:00 PM
Friday: 8:00 AM – 5:00 PM
Saturday: 8:00 AM – 5:00 PM",,,,,,,,,,,,,,,,,,,,,,,,,,,,,
371,The Pet Hospital of La Mesa,(619) 469-0138,5336 Jackson Dr,La Mesa,91942,General Practice,"Tuesday: 8:00 AM – 5:00 PM
Wednesday: 8:00 AM – 5:00 PM
Thursday: 8:00 AM – 5:00 PM
Friday: 8:00 AM – 5:00 PM
Saturday: 8:00 AM – 5:00 PM
Sunday: 9:00 AM – 3:00 PM",,,,,,,,,,,,,,,,,,,,,,,,,,,,,
372,VCA Grossmont Animal Hospital,(619) 697-0082,8274 Parkway Dr # 106,La Mesa,91942,General Practice,"Tuesday: 8:00 AM – 6:00 PM
Wednesday: 8:00 AM – 6:00 PM
Thursday: 8:00 AM – 6:00 PM
Friday: 8:00 AM – 6:00 PM
Saturday: 8:00 AM – 6:00 PM
Sunday: 8:00 AM – 2:00 PM",,,,,,,,,,,,,,,,,,,,,,,,,,,,,
373,Animal Clinic of La Mirada,(562) 943-0103,15808 Imperial Hwy.,La Mirada,90638,General Practice,"Wednesday: 2:00 PM – 5:00 PM
Thursday: 2:00 PM – 5:00 PM
Friday: 2:00 PM – 5:00 PM
Saturday: 2:00 PM – 5:00 PM
Sunday: 9:00 AM – 1:00 PM",,,,,,,,,,,,,,,,,,,,,,,,,,,,,
374,Imperial Animal Hospital,(562) 941-0284,14313 Imperial Hwy.,La Mirada,90638,General Practice,"Tuesday: 8:00 AM – 12:00 PM
Tuesday: 1:00 PM – 5:00 PM
Wednesday: 8:00 AM – 12:00 PM
Wednesday: 1:00 PM – 5:00 PM
Thursday: 8:00 AM – 12:00 PM
Thursday: 1:00 PM – 5:00 PM
Friday: 8:00 AM – 12:00 PM
Friday: 1:00 PM – 5:00 PM
Saturday: 8:00 AM – 12:00 PM
Saturday: 1:00 PM – 5:00 PM
Sunday: 8:00 AM – 1:00 PM",,,,,,,,,,,,,,,,,,,,,,,,,,,,,
375,La Mirada Animal Health Center,(562) 947-9424,12248 La Mirada Blvd,La Mirada,90638,General Practice,"Tuesday: 2:30 PM – 6:30 PM
Thursday: 2:30 PM – 6:30 PM
Saturday: 2:30 PM – 6:30 PM
Sunday: 8:30 AM – 12:00 PM",,,,,,,,,,,,,,,,,,,,,,,,,,,,,
376,Petra Pet Clinic,(714) 523-1190,14768 Beach Blvd,La Mirada,90638,General Practice,"Tuesday: 8:30 AM – 5:30 PM
Wednesday: 8:30 AM – 5:30 PM
Thursday: 8:30 AM – 5:30 PM
Friday: 8:30 AM – 5:30 PM
Saturday: 8:30 AM – 5:30 PM",,,,,,,,,,,,,,,,,,,,,,,,,,,,,
377,VCA La Mirada Animal Hospital,(562) 921-3539,15122 Rosecrans Ave,La Mirada,90638,General Practice,"Tuesday: 7:00 AM – 7:00 PM
Wednesday: 7:00 AM – 7:00 PM
Thursday: 7:00 AM – 7:00 PM
Friday: 7:00 AM – 7:00 PM
Saturday: 7:00 AM – 7:00 PM
Sunday: 8:00 AM – 4:00 PM",,,,,,,,,,,,,,,,,,,,,,,,,,,,,
378,Amar Glen Veterinary Hospital,(626) 333-2282,712 Glendora Ave,La Puente,91744,General Practice,"Tuesday: 9:00 AM – 1:00 PM
Tuesday: 2:00 PM – 6:00 PM
Wednesday: 9:00 AM – 1:00 PM
Wednesday: 2:00 PM – 6:00 PM
Thursday: 9:00 AM – 1:00 PM
Thursday: 2:00 PM – 6:00 PM
Friday: 9:00 AM – 1:00 PM
Friday: 2:00 PM – 6:00 PM
Saturday: 9:00 AM – 1:00 PM
Saturday: 2:00 PM – 6:00 PM
Sunday: 8:00 AM – 1:00 PM
Sunday: 2:00 PM – 5:00 PM",,,,,,,,,,,,,,,,,,,,,,,,,,,,,
379,LA Quality Pet Care Animal Clinic,(323) 922-2230,1338 N Hacienda Blvd,La Puente,91744,General Practice,"Monday: 10:00 AM – 8:00 PM
Tuesday: 8:00 AM – 6:00 PM
Wednesday: 8:00 AM – 6:00 PM
Thursday: 8:00 AM – 6:00 PM",,,,,,,,,,,,,,,,,,,,,,,,,,,,,
380,Southern California Animal Hospital,(626) 330-4558,14744 Valley Blvd,La Puente,91746,General Practice,"Tuesday: 9:00 AM – 1:00 PM
Tuesday: 3:00 PM – 6:00 PM
Wednesday: 9:00 AM – 1:00 PM
Wednesday: 3:00 PM – 6:00 PM
Thursday: 9:00 AM – 1:00 PM
Thursday: 3:00 PM – 6:00 PM
Friday: 9:00 AM – 1:00 PM
Friday: 3:00 PM – 6:00 PM
Saturday: 9:00 AM – 1:00 PM
Saturday: 3:00 PM – 6:00 PM
Sunday: 8:00 AM – 1:00 PM",,,,,,,,,,,,,,,,,,,,,,,,,,,,,
381,Atlas Veterinary Hospital,(909) 222-6682,3744 Towne Center Dr,La Verne,91750,General Practice,"Monday: 10:00 AM – 6:00 PM
Tuesday: 12:00 PM – 10:00 PM
Wednesday: 12:00 PM – 10:00 PM
Thursday: 12:00 PM – 10:00 PM
Friday: 12:00 PM – 10:00 PM
Sunday: 3:00 PM – 10:00 PM",,,,,,,,,,,,,,,,,,,,,,,,,,,,,
382,Baldy View Animal Hospital,(909) 833-4111,1497 Foothill Blvd,La Verne,91750,General Practice,"Monday: 9:00 AM – 10:00 PM
Tuesday: 9:00 AM – 10:00 PM
Wednesday: 9:00 AM – 10:00 PM
Thursday: 9:00 AM – 10:00 PM
Friday: 9:00 AM – 10:00 PM
Saturday: 9:00 AM – 10:00 PM
Sunday: 9:00 AM – 10:00 PM",,,,,,,,,,,,,,,,,,,,,,,,,,,,,
383,Baldy View Animal Hospital: Bobek Michael A DVM,(909) 596-7771,1497 Foothill Blvd,La Verne,91750,General Practice,"Tuesday: 8:00 AM – 5:00 PM
Wednesday: 8:00 AM – 4:00 PM
Thursday: 8:00 AM – 4:00 PM
Friday: 8:00 AM – 2:00 PM
Saturday: 8:00 AM – 5:00 PM
Sunday: 8:00 AM – 4:00 PM",,,,,,,,,,,,,,,,,,,,,,,,,,,,,
384,Citrus Veterinary,(909) 596-1881,2187 Foothill Blvd,La Verne,91750,General Practice,"Tuesday: 8:00 AM – 7:00 PM
Wednesday: 8:00 AM – 7:00 PM
Thursday: 8:00 AM – 7:00 PM
Friday: 8:00 AM – 7:00 PM
Saturday: 8:00 AM – 7:00 PM
Sunday: 8:00 AM – 7:00 PM",,,,,,,,,,,,,,,,,,,,,,,,,,,,,
385,La Verne Animal Hospital,(909) 593-4340,2132 Bonita Ave,La Verne,91750,General Practice,"Tuesday: 8:00 AM – 6:30 PM
Wednesday: 8:00 AM – 6:30 PM
Thursday: 8:00 AM – 6:30 PM
Friday: 8:00 AM – 6:30 PM
Saturday: 8:00 AM – 6:30 PM
Sunday: 8:00 AM – 6:30 PM",,,,,,,,,,,,,,,,,,,,,,,,,,,,,
386,PET DEPOT La Verne,(909) 392-9552,1941 Foothill Blvd # A,La Verne,91750,General Practice,"Monday: 11:00 AM – 4:00 PM
Tuesday: 9:00 AM – 8:00 PM
Wednesday: 9:00 AM – 8:00 PM
Thursday: 9:00 AM – 8:00 PM
Friday: 9:00 AM – 8:00 PM
Saturday: 9:00 AM – 8:00 PM
Sunday: 9:00 AM – 8:00 PM",,,,,,,,,,,,,,,,,,,,,,,,,,,,,
387,PET DEPOT Veterinary Group,(909) 392-7799,1941 Foothill Blvd suite b,La Verne,91750,General Practice,"Tuesday: 11:00 AM – 4:00 PM
Wednesday: 9:00 AM – 6:00 PM
Thursday: 9:00 AM – 6:00 PM
Friday: 9:00 AM – 6:00 PM
Saturday: 9:00 AM – 6:00 PM
Sunday: 9:00 AM – 5:00 PM",,,,,,,,,,,,,,,,,,,,,,,,,,,,,
388,Aliso Beach Animal Clinic | Laguna Beach Veterinarian,(949) 499-4190,30816 Coast Hwy,Laguna Beach,92651,General Practice,"Tuesday: 7:30 AM – 4:30 PM
Wednesday: 7:30 AM – 4:30 PM
Thursday: 7:30 AM – 4:30 PM
Friday: 7:30 AM – 4:30 PM
Saturday: 7:30 AM – 4:30 PM
Sunday: 8:00 AM – 12:00 PM",,,,,,,,,,,,,,,,,,,,,,,,,,,,,
389,Arch Beach Veterinary Clinic,(949) 494-6583,2880 S Coast Hwy,Laguna Beach,92651,General Practice,"Tuesday: 7:00 AM – 5:00 PM
Wednesday: 7:00 AM – 5:00 PM
Thursday: 7:00 AM – 5:00 PM
Friday: 7:00 AM – 5:00 PM
Saturday: 7:00 AM – 5:00 PM",,,,,,,,,,,,,,,,,,,,,,,,,,,,,
390,Laguna Beach Animal Hospital,(949) 494-9721,460 Forest Ave,Laguna Beach,92651,General Practice,"Tuesday: 7:30 AM – 6:30 PM
Wednesday: 7:30 AM – 6:30 PM
Thursday: 7:30 AM – 6:30 PM
Friday: 7:30 AM – 6:30 PM
Saturday: 7:30 AM – 6:30 PM
Sunday: 9:00 AM – 2:00 PM",,,,,,,,,,,,,,,,,,,,,,,,,,,,,
391,Laguna Beach Veterinary Medical Center,(949) 464-1000,1855 Laguna Canyon Rd,Laguna Beach,92651,General Practice,"Tuesday: 8:00 AM – 6:00 PM
Wednesday: 8:00 AM – 6:00 PM
Thursday: 8:00 AM – 6:00 PM
Friday: 8:00 AM – 6:00 PM
Saturday: 8:00 AM – 6:00 PM
Sunday: 8:00 AM – 2:00 PM",,,,,,,,,,,,,,,,,,,,,,,,,,,,,
392,Alicia Pacific Veterinary Center,(949) 388-8499,30051 Alicia Pkwy,Laguna Niguel,92677,General Practice,"Tuesday: 7:00 AM – 5:00 PM
Wednesday: 7:00 AM – 5:00 PM
Thursday: 7:00 AM – 5:00 PM
Friday: 7:00 AM – 5:00 PM",,,,,,,,,,,,,,,,,,,,,,,,,,,,,
393,Aliso Niguel Animal Hospital,(949) 305-3700,27261 La Paz Rd Suite i,Laguna Niguel,92677,General Practice,"Tuesday: 9:00 AM – 6:00 PM
Wednesday: 9:00 AM – 6:00 PM
Thursday: 9:00 AM – 6:00 PM
Friday: 9:00 AM – 6:00 PM
Saturday: 9:00 AM – 6:00 PM
Sunday: 9:00 AM – 1:00 PM",,,,,,,,,,,,,,,,,,,,,,,,,,,,,
394,EPIC Pet Center,(949) 226-8226,30012 Crown Valley Pkwy # M,Laguna Niguel,92677,General Practice,"Tuesday: 9:00 AM – 7:00 PM
Wednesday: 9:00 AM – 5:00 PM
Thursday: 9:00 AM – 7:00 PM
Friday: 9:00 AM – 5:00 PM
Saturday: 9:00 AM – 7:00 PM",,,,,,,,,,,,,,,,,,,,,,,,,,,,,
395,Marina Hills Animal Hospital,(949) 495-2224,30251 Golden Lantern Ste A,Laguna Niguel,92677,General Practice,"Tuesday: 7:00 AM – 6:00 PM
Wednesday: 7:00 AM – 6:00 PM
Thursday: 7:00 AM – 6:00 PM
Friday: 7:00 AM – 6:00 PM
Saturday: 7:00 AM – 6:00 PM
Sunday: 7:00 AM – 6:00 PM",,,,,,,,,,,,,,,,,,,,,,,,,,,,,
396,Monarch Veterinary Hospital,(949) 443-1466,31271 Niguel Rd,Laguna Niguel,92677,General Practice,"Tuesday: 8:00 AM – 5:00 PM
Wednesday: 8:00 AM – 5:00 PM
Thursday: 8:00 AM – 5:00 PM
Friday: 8:00 AM – 5:00 PM
Saturday: 8:00 AM – 5:00 PM
Sunday: 8:00 AM – 1:00 PM",,,,,,,,,,,,,,,,,,,,,,,,,,,,,
397,Niguel Animal Care Center,(949) 916-7387,27821 La Paz Rd,Laguna Niguel,92677,General Practice,"Monday: 8:00 AM – 7:00 PM
Tuesday: 8:00 AM – 7:00 PM
Wednesday: 8:00 AM – 7:00 PM
Thursday: 8:00 AM – 7:00 PM
Friday: 8:00 AM – 7:00 PM
Saturday: 8:00 AM – 7:00 PM
Sunday: 8:00 AM – 7:00 PM",,,,,,,,,,,,,,,,,,,,,,,,,,,,,
398,Rancho Niguel Animal Hospital,(949) 273-5010,27981 Greenfield Dr Ste. B,Laguna Niguel,92677,General Practice,"Tuesday: 8:30 AM – 5:30 PM
Wednesday: 8:30 AM – 5:30 PM
Thursday: 8:30 AM – 5:30 PM
Friday: 8:30 AM – 5:30 PM
Saturday: 8:30 AM – 3:00 PM",,,,,,,,,,,,,,,,,,,,,,,,,,,,,
399,South Coast Veterinary Hospital,(949) 208-0130,30001 Town Center Dr Suite 5,Laguna Niguel,92677,General Practice,"Tuesday: 8:00 AM – 5:00 PM
Wednesday: 8:00 AM – 5:00 PM
Thursday: 8:00 AM – 5:00 PM
Friday: 8:00 AM – 5:00 PM
Saturday: 8:00 AM – 5:00 PM
Sunday: 8:00 AM – 12:00 PM",,,,,,,,,,,,,,,,,,,,,,,,,,,,,
400,VCA Laguna Niguel Animal Hospital,(949) 495-1123,28892 Crown Valley Pkwy,Laguna Niguel,92677,General Practice,"Tuesday: 7:00 AM – 5:00 PM
Wednesday: 7:00 AM – 5:00 PM
Thursday: 7:00 AM – 5:00 PM
Friday: 7:00 AM – 5:00 PM
Saturday: 7:00 AM – 5:00 PM
Sunday: 7:00 AM – 5:00 PM",,,,,,,,,,,,,,,,,,,,,,,,,,,,,
401,Lake Elsinore Animal Hospital at SoCalVetGroup,(951) 674-9392,31577 Canyon Estates Dr,Lake Elsinore,92532,General Practice,"Monday: 9:00 AM – 8:00 PM
Tuesday: 7:00 AM – 8:00 PM
Wednesday: 7:00 AM – 8:00 PM
Thursday: 9:00 AM – 8:00 PM
Friday: 9:00 AM – 8:00 PM
Saturday: 7:00 AM – 8:00 PM
Sunday: 7:00 AM – 6:00 PM",,,,,,,,,,,,,,,,,,,,,,,,,,,,,
402,Mountainview Small Animal Hospital,(951) 674-1475,151 Diamond Dr,Lake Elsinore,92530,General Practice,"Tuesday: 8:00 AM – 5:00 PM
Wednesday: 8:00 AM – 5:00 PM
Thursday: 8:00 AM – 5:00 PM
Friday: 8:00 AM – 5:00 PM
Saturday: 8:00 AM – 5:00 PM
Sunday: 8:00 AM – 5:00 PM",,,,,,,,,,,,,,,,,,,,,,,,,,,,,
403,Baker Ranch Animal Hospital,(949) 600-8310,20780 Lake Forest Dr Suite A,Lake Forest,92630,General Practice,"Tuesday: 8:00 AM – 6:00 PM
Wednesday: 8:00 AM – 6:00 PM
Thursday: 8:00 AM – 3:00 PM
Friday: 8:00 AM – 6:00 PM
Saturday: 8:00 AM – 6:00 PM",,,,,,,,,,,,,,,,,,,,,,,,,,,,,
404,Bliss Animal Hospital,(949) 354-5201,26741 Rancho Pkwy Suite 105-D,Lake Forest,92630,General Practice,"Tuesday: 9:00 AM – 5:00 PM
Wednesday: 9:00 AM – 5:00 PM
Thursday: 9:00 AM – 5:00 PM
Friday: 9:00 AM – 5:00 PM
Saturday: 9:00 AM – 5:00 PM",,,,,,,,,,,,,,,,,,,,,,,,,,,,,
405,El Toro Animal Hospital,(949) 837-5222,23162 El Toro Frontage Rd,Lake Forest,92630,General Practice,"Tuesday: 8:00 AM – 6:00 PM
Wednesday: 8:00 AM – 6:00 PM
Thursday: 8:00 AM – 6:00 PM
Friday: 8:00 AM – 6:00 PM
Saturday: 8:00 AM – 6:00 PM
Sunday: 8:00 AM – 2:00 PM",,,,,,,,,,,,,,,,,,,,,,,,,,,,,
406,Fauna Veterinary Collective,(949) 704-1043,45 Auto Center Dr # 108,Lake Forest,92610,General Practice,"Tuesday: 10:00 AM – 8:00 PM
Wednesday: 10:00 AM – 8:00 PM
Friday: 10:00 AM – 8:00 PM
Saturday: 10:00 AM – 8:00 PM",,,,,,,,,,,,,,,,,,,,,,,,,,,,,
407,"Foothill Animal Hospital, Inc.",(949) 380-1255,29040 Portola Pkwy,Lake Forest,92630,General Practice,"Tuesday: 7:00 AM – 6:00 PM
Wednesday: 7:00 AM – 6:00 PM
Thursday: 7:00 AM – 6:00 PM
Friday: 7:00 AM – 6:00 PM
Saturday: 7:00 AM – 6:00 PM
Sunday: 8:00 AM – 4:00 PM",,,,,,,,,,,,,,,,,,,,,,,,,,,,,
408,Irvine Lake Forest Animal Hospital,(949) 343-2336,23600 Rockfield Blvd ste 2g f,Lake Forest,92630,General Practice,"Tuesday: 8:00 AM – 5:00 PM
Wednesday: 8:00 AM – 5:00 PM
Friday: 8:00 AM – 5:00 PM
Saturday: 8:00 AM – 5:00 PM
Sunday: 8:00 AM – 4:00 PM",,,,,,,,,,,,,,,,,,,,,,,,,,,,,
409,Lake Forest Animal Clinic,(949) 837-7660,24271 Muirlands Blvd,Lake Forest,92630,General Practice,"Monday: 8:00 AM – 4:00 PM
Tuesday: 7:00 AM – 6:00 PM
Wednesday: 7:00 AM – 6:00 PM
Thursday: 7:00 AM – 6:00 PM
Friday: 7:00 AM – 6:00 PM
Saturday: 7:00 AM – 6:00 PM
Sunday: 8:00 AM – 4:00 PM",,,,,,,,,,,,,,,,,,,,,,,,,,,,,
410,Our Pet's Vet,(949) 297-4070,22421 El Toro Rd Suite B,Lake Forest,92630,General Practice,"Tuesday: 8:00 AM – 5:00 PM
Wednesday: 12:00 PM – 6:30 PM
Thursday: 8:00 AM – 5:00 PM
Friday: 8:00 AM – 5:00 PM
Saturday: 8:00 AM – 5:00 PM",,,,,,,,,,,,,,,,,,,,,,,,,,,,,
411,PetWellClinic - Lake Forest,(949) 771-7090,22681 Lake Forest Dr a1 b,Lake Forest,92630,General Practice,"Tuesday: 11:00 AM – 7:00 PM
Wednesday: 11:00 AM – 7:00 PM
Thursday: 11:00 AM – 7:00 PM
Friday: 11:00 AM – 7:00 PM
Saturday: 11:00 AM – 7:00 PM",,,,,,,,,,,,,,,,,,,,,,,,,,,,,
412,Plaza Pet Hospital,(949) 581-7979,3 Rancho Cir,Lake Forest,92630,General Practice,"Tuesday: 9:00 AM – 6:00 PM
Wednesday: 9:00 AM – 6:00 PM
Friday: 9:00 AM – 6:00 PM
Saturday: 9:00 AM – 6:00 PM
Sunday: 9:00 AM – 2:00 PM",,,,,,,,,,,,,,,,,,,,,,,,,,,,,
413,Serrano Animal & Bird Hospital,(949) 855-9744,22377 El Toro Rd,Lake Forest,92630,General Practice,"Tuesday: 7:30 AM – 6:00 PM
Wednesday: 7:30 AM – 6:00 PM
Thursday: 7:30 AM – 6:00 PM
Friday: 7:30 AM – 6:00 PM
Saturday: 7:30 AM – 6:00 PM
Sunday: 7:30 AM – 1:00 PM",,,,,,,,,,,,,,,,,,,,,,,,,,,,,
414,South Orange County Animal Hospital,(949) 313-6331,24801 Raton Dr,Lake Forest,92630,General Practice,"Tuesday: 7:30 AM – 5:00 PM
Wednesday: 7:30 AM – 5:00 PM
Thursday: 7:30 AM – 5:00 PM
Friday: 7:30 AM – 5:00 PM
Saturday: 7:30 AM – 5:00 PM
Sunday: 8:00 AM – 3:30 PM",,,,,,,,,,,,,,,,,,,,,,,,,,,,,
415,VCA Arroyo Animal Hospital,(949) 770-1808,1 S Pointe Dr,Lake Forest,92630,General Practice,"Monday: 8:00 AM – 5:00 PM
Tuesday: 7:00 AM – 6:00 PM
Wednesday: 7:00 AM – 6:00 PM
Thursday: 7:00 AM – 6:00 PM
Friday: 7:00 AM – 6:00 PM
Saturday: 7:00 AM – 6:00 PM
Sunday: 8:00 AM – 5:00 PM",,,,,,,,,,,,,,,,,,,,,,,,,,,,,
416,Bloomfield Animal Hospital,(562) 383-7788,20927 Norwalk Blvd,Lakewood,90715,General Practice,"Tuesday: 8:30 AM – 1:30 PM
Tuesday: 3:00 PM – 5:30 PM
Wednesday: 8:30 AM – 1:30 PM
Wednesday: 3:00 PM – 5:30 PM
Friday: 8:30 AM – 1:30 PM
Friday: 3:00 PM – 5:30 PM
Saturday: 8:30 AM – 1:30 PM
Saturday: 3:00 PM – 5:30 PM
Sunday: 8:00 AM – 1:00 PM",,,,,,,,,,,,,,,,,,,,,,,,,,,,,
417,Lakewood Pet Vet,(562) 925-2300,6405 Del Amo Blvd,Lakewood,90713,General Practice,"Monday: 8:00 AM – 6:00 PM
Tuesday: 8:00 AM – 7:00 PM
Wednesday: 8:00 AM – 7:00 PM
Thursday: 8:00 AM – 7:00 PM
Friday: 8:00 AM – 7:00 PM
Saturday: 8:00 AM – 7:00 PM
Sunday: 8:00 AM – 6:00 PM",,,,,,,,,,,,,,,,,,,,,,,,,,,,,
418,911 Vet Care,(661) 874-0000,42053 10th St W,Lancaster,93534,General Practice,"Tuesday: 8:00 AM – 10:00 PM
Wednesday: 8:00 AM – 10:00 PM
Thursday: 8:00 AM – 10:00 PM
Friday: 8:00 AM – 10:00 PM
Saturday: 8:00 AM – 10:00 PM
Sunday: 8:00 AM – 10:00 PM",,,,,,,,,,,,,,,,,,,,,,,,,,,,,
419,Affordable Veterinary Services,null,44825 Beech Ave,Lancaster,93534,General Practice,"Monday: 6:00 AM – 9:00 PM
Tuesday: 6:00 AM – 9:00 PM
Wednesday: 6:00 AM – 9:00 PM
Thursday: 6:00 AM – 9:00 PM
Friday: 6:00 AM – 9:00 PM
Saturday: 6:00 AM – 9:00 PM
Sunday: 6:00 AM – 9:00 PM",,,,,,,,,,,,,,,,,,,,,,,,,,,,,
420,AV Veterinary Center,(661) 729-1500,1055 Columbia Way #103,Lancaster,93534,General Practice,"Monday: 8:00 AM – 10:00 PM
Tuesday: 8:00 AM – 10:00 PM
Wednesday: 8:00 AM – 6:00 PM
Thursday: 8:00 AM – 7:00 PM
Friday: 8:00 AM – 10:00 PM
Saturday: 8:00 AM – 10:00 PM
Sunday: 8:00 AM – 10:00 PM",,,,,,,,,,,,,,,,,,,,,,,,,,,,,
421,Boulevard Veterinary Hospital,(661) 942-1489,354 W Lancaster Blvd,Lancaster,93534,General Practice,"Monday: 8:30 AM – 9:00 PM
Tuesday: 8:30 AM – 9:00 PM
Wednesday: 8:30 AM – 7:00 PM
Thursday: 8:30 AM – 7:00 PM
Friday: 8:30 AM – 7:00 PM
Saturday: 8:30 AM – 7:00 PM
Sunday: 8:30 AM – 7:00 PM",,,,,,,,,,,,,,,,,,,,,,,,,,,,,
422,Greater Good Veterinary Care,(661) 603-1771,1250 Commerce Center Dr,Lancaster,93534,General Practice,"Monday: 6:00 PM – 6:00 AM
Friday: 6:00 PM – 6:00 AM
Saturday: 6:00 PM – 6:00 AM
Sunday: 6:00 PM – 6:00 AM",,,,,,,,,,,,,,,,,,,,,,,,,,,,,
423,Lancaster Pet Clinic,(661) 949-9389,2060 W Ave K,Lancaster,93536,General Practice,"Tuesday: 8:00 AM – 6:00 PM
Wednesday: 8:00 AM – 5:00 PM
Thursday: 8:00 AM – 12:00 PM
Friday: 8:00 AM – 6:00 PM
Saturday: 8:00 AM – 6:00 PM",,,,,,,,,,,,,,,,,,,,,,,,,,,,,
424,North Valley Veterinary Clinic: Bosma Larry F DVM,(661) 945-7906,43619 Sierra Hwy,Lancaster,93534,General Practice,"Monday: 8:00 AM – 6:00 PM
Tuesday: 8:00 AM – 6:00 PM
Wednesday: 8:00 AM – 6:00 PM
Thursday: 8:00 AM – 8:00 PM
Friday: 8:00 AM – 8:00 PM
Saturday: 8:00 AM – 8:00 PM
Sunday: 8:00 AM – 8:00 PM",,,,,,,,,,,,,,,,,,,,,,,,,,,,,
425,Sears Veterinary Hospital,(661) 948-5911,565 W Ave I,Lancaster,93534,General Practice,"Tuesday: 9:00 AM – 6:00 PM
Wednesday: 9:00 AM – 6:00 PM
Thursday: 9:00 AM – 6:00 PM
Friday: 9:00 AM – 6:00 PM
Saturday: 9:00 AM – 6:00 PM",,,,,,,,,,,,,,,,,,,,,,,,,,,,,
426,Smith Veterinary Hospital,(661) 948-5065,44623 10th St W,Lancaster,93534,General Practice,"Tuesday: 8:00 AM – 5:00 PM
Wednesday: 8:00 AM – 5:00 PM
Friday: 8:00 AM – 5:00 PM
Saturday: 8:00 AM – 5:00 PM
Sunday: 8:00 AM – 2:00 PM",,,,,,,,,,,,,,,,,,,,,,,,,,,,,
427,Lemon Grove Veterinary Hospital,(619) 463-0301,7572 North Ave,Lemon Grove,91945,General Practice,"Tuesday: 8:00 AM – 3:00 PM
Wednesday: 8:00 AM – 3:00 PM
Thursday: 8:00 AM – 3:00 PM
Saturday: 8:00 AM – 3:00 PM
Sunday: 8:00 AM – 1:00 PM",,,,,,,,,,,,,,,,,,,,,,,,,,,,,
428,San Diego Pet Hospital,(619) 462-6600,7368 Broadway Ste A,Lemon Grove,91945,General Practice,"Tuesday: 10:00 AM – 6:00 PM
Wednesday: 8:30 AM – 6:00 PM
Thursday: 8:30 AM – 6:00 PM
Friday: 8:30 AM – 6:00 PM
Saturday: 8:30 AM – 6:00 PM",,,,,,,,,,,,,,,,,,,,,,,,,,,,,
429,Lomita Pet Hospital,(310) 856-9443,25445 Narbonne Ave,Lomita,90717,General Practice,"Monday: 9:00 AM – 6:00 PM
Tuesday: 8:00 AM – 6:00 PM
Wednesday: 8:00 AM – 6:00 PM
Thursday: 8:00 AM – 6:00 PM
Friday: 8:00 AM – 6:00 PM
Saturday: 8:00 AM – 6:00 PM
Sunday: 9:00 AM – 6:00 PM",,,,,,,,,,,,,,,,,,,,,,,,,,,,,
430,Narbonne Animal Clinic,(310) 325-5850,25445 Narbonne Ave,Lomita,90717,General Practice,,,,,,,,,,,,,,,,,,,,,,,,,,,,,,
431,Ocean Pet Clinic,(424) 328-0069,24719 Narbonne Ave,Lomita,90717,General Practice,"Tuesday: 8:00 AM – 5:30 PM
Wednesday: 8:00 AM – 5:30 PM
Thursday: 8:00 AM – 5:30 PM
Friday: 8:00 AM – 5:30 PM
Saturday: 8:00 AM – 5:30 PM
Sunday: 8:00 AM – 12:00 PM",,,,,,,,,,,,,,,,,,,,,,,,,,,,,
432,Pierson Lisa a DVM,(310) 375-2467,"Lomita, CA 90717, USA",Lomita,90717,General Practice,,,,,,,,,,,,,,,,,,,,,,,,,,,,,,
433,Lompoc Veterinary Clinic,(805) 736-6555,1416 E Ocean Ave,Lompoc,93436,General Practice,"Tuesday: 7:00 AM – 6:00 PM
Wednesday: 7:00 AM – 5:00 PM
Thursday: 7:00 AM – 6:00 PM
Friday: 7:00 AM – 6:00 PM
Saturday: 7:00 AM – 6:00 PM
Sunday: 9:00 AM – 12:00 PM",,,,,,,,,,,,,,,,,,,,,,,,,,,,,
434,Thacker Verne DVM,(805) 733-3548,3883 Constellation Rd,Lompoc,93436,General Practice,,,,,,,,,,,,,,,,,,,,,,,,,,,,,,
435,Village Veterinary Clinic,(805) 616-2968,3883 Constellation Rd,Lompoc,93436,General Practice,"Tuesday: 8:30 AM – 6:00 PM
Wednesday: 8:30 AM – 6:00 PM
Thursday: 8:30 AM – 6:00 PM
Friday: 8:30 AM – 6:00 PM
Saturday: 8:30 AM – 6:00 PM",,,,,,,,,,,,,,,,,,,,,,,,,,,,,
436,West Valley Veterinary Clinic,(805) 736-1238,123 North V St,Lompoc,93436,General Practice,"Tuesday: 8:00 AM – 5:30 PM
Wednesday: 8:00 AM – 5:30 PM
Thursday: 8:00 AM – 5:30 PM
Friday: 8:00 AM – 5:00 PM
Saturday: 8:00 AM – 5:30 PM",,,,,,,,,,,,,,,,,,,,,,,,,,,,,
437,Ambassador Long Beach Veterinary Hospital,(562) 427-2889,2251 E Carson St,Long Beach,90807,General Practice,"Tuesday: 7:00 AM – 6:00 PM
Wednesday: 7:00 AM – 6:00 PM
Thursday: 7:00 AM – 6:00 PM
Friday: 7:00 AM – 6:00 PM
Saturday: 7:00 AM – 6:00 PM
Sunday: 7:30 AM – 4:00 PM",,,,,,,,,,,,,,,,,,,,,,,,,,,,,
438,Beach Veterinary Hospital,(562) 433-3400,2741 E 4th St,Long Beach,90814,General Practice,"Wednesday: 11:00 AM – 7:00 PM
Thursday: 11:00 AM – 7:00 PM
Friday: 11:00 AM – 7:00 PM
Saturday: 11:00 AM – 7:00 PM
Sunday: 11:00 AM – 3:00 PM",,,,,,,,,,,,,,,,,,,,,,,,,,,,,
439,Belmont Shore Veterinary Hospital,(562) 961-0028,6222 E Pacific Coast Hwy,Long Beach,90803,General Practice,"Tuesday: 7:30 AM – 6:00 PM
Wednesday: 7:30 AM – 6:00 PM
Thursday: 7:30 AM – 6:00 PM
Friday: 7:30 AM – 6:00 PM
Saturday: 7:30 AM – 6:00 PM
Sunday: 7:30 AM – 4:00 PM",,,,,,,,,,,,,,,,,,,,,,,,,,,,,
440,Bixby Animal Clinic,(562) 426-4066,3938 Atlantic Ave,Long Beach,90807,General Practice,"Monday: 8:00 AM – 11:00 PM
Tuesday: 8:00 AM – 11:00 PM
Wednesday: 8:00 AM – 11:00 PM
Thursday: 8:00 AM – 11:00 PM
Friday: 8:00 AM – 11:00 PM
Saturday: 8:00 AM – 11:00 PM
Sunday: 8:00 AM – 11:00 PM",,,,,,,,,,,,,,,,,,,,,,,,,,,,,
441,Boulevard Animal Hospital,(562) 633-6514,2139 E Artesia Blvd,Long Beach,90805,General Practice,"Tuesday: 8:00 AM – 6:00 PM
Wednesday: 8:00 AM – 6:00 PM
Thursday: 8:00 AM – 6:00 PM
Friday: 8:00 AM – 6:00 PM
Saturday: 8:00 AM – 6:00 PM
Sunday: 8:00 AM – 4:00 PM",,,,,,,,,,,,,,,,,,,,,,,,,,,,,
442,Cats & Dogs Animal Hospital,(562) 800-9982,627 Redondo Ave,Long Beach,90814,General Practice,"Tuesday: 7:00 AM – 7:00 PM
Wednesday: 7:00 AM – 7:00 PM
Thursday: 7:00 AM – 7:00 PM
Friday: 7:00 AM – 7:00 PM
Saturday: 7:00 AM – 7:00 PM",,,,,,,,,,,,,,,,,,,,,,,,,,,,,
443,Evening Pet Clinic,(562) 422-1223,6803 Cherry Ave,Long Beach,90805,General Practice,"Tuesday: 8:00 AM – 6:00 PM
Wednesday: 8:00 AM – 6:00 PM
Friday: 8:00 AM – 6:00 PM
Saturday: 8:00 AM – 5:00 PM
Sunday: 9:00 AM – 3:00 PM",,,,,,,,,,,,,,,,,,,,,,,,,,,,,
444,Gentle Care Pet Clinic,(562) 594-9955,8175 E Wardlow Rd,Long Beach,90808,General Practice,"Tuesday: 7:00 AM – 7:00 PM
Wednesday: 7:00 AM – 7:00 PM
Thursday: 7:00 AM – 7:00 PM
Friday: 8:00 AM – 6:00 PM
Saturday: 8:00 AM – 6:00 PM
Sunday: 8:00 AM – 4:00 PM",,,,,,,,,,,,,,,,,,,,,,,,,,,,,
445,Lbc Vets Primary and Urgent Care,(562) 579-4485,1752 Clark Ave,Long Beach,90815,General Practice,"Monday: 7:00 AM – 12:00 AM
Tuesday: 7:00 AM – 12:00 AM
Wednesday: 7:00 AM – 12:00 AM
Thursday: 7:00 AM – 12:00 AM
Friday: 7:00 AM – 12:00 AM
Saturday: 7:00 AM – 12:00 AM
Sunday: 7:00 AM – 12:00 AM",,,,,,,,,,,,,,,,,,,,,,,,,,,,,
446,Long Beach Animal Emergency,(562) 735-5200,4720 E Pacific Coast Hwy,Long Beach,90804,General Practice,Monday: Open 24 hours,,,,,,,,,,,,,,,,,,,,,,,,,,,,,
447,Long Beach Animal Hospital,(562) 434-9966,3816 E Anaheim St,Long Beach,90804,General Practice,"Monday: 10:00 AM – 10:00 PM
Tuesday: 7:30 AM – 10:00 PM
Wednesday: 7:30 AM – 10:00 PM
Thursday: 7:30 AM – 10:00 PM
Friday: 7:30 AM – 10:00 PM
Saturday: 7:30 AM – 10:00 PM
Sunday: 8:00 AM – 10:00 PM",,,,,,,,,,,,,,,,,,,,,,,,,,,,,
448,Long Beach Animal Urgent Care,(562) 550-3150,2540 E Anaheim St,Long Beach,90804,General Practice,"Tuesday: 12:00 PM – 10:00 PM
Wednesday: 12:00 PM – 10:00 PM
Thursday: 12:00 PM – 10:00 PM
Friday: 12:00 PM – 10:00 PM
Saturday: 12:00 PM – 10:00 PM",,,,,,,,,,,,,,,,,,,,,,,,,,,,,
449,Los Coyotes Pet Hospital,(562) 627-1000,3599 N Los Coyotes Diagonal B,Long Beach,90808,General Practice,"Tuesday: 8:00 AM – 5:00 PM
Wednesday: 8:00 AM – 5:00 PM
Thursday: 8:00 AM – 5:00 PM
Friday: 8:00 AM – 5:00 PM
Saturday: 8:00 AM – 5:00 PM",,,,,,,,,,,,,,,,,,,,,,,,,,,,,
450,Parkview Pet Hospital - Long Beach,(562) 425-8140,4103 N Viking Way Suite A,Long Beach,90808,General Practice,"Tuesday: 8:30 AM – 6:00 PM
Wednesday: 8:30 AM – 6:00 PM
Thursday: 8:30 AM – 6:00 PM
Friday: 10:00 AM – 4:00 PM
Saturday: 8:30 AM – 6:00 PM
Sunday: 8:30 AM – 4:00 PM",,,,,,,,,,,,,,,,,,,,,,,,,,,,,
451,Pine Animal Hospital,(562) 912-7463,900 Pine Ave,Long Beach,90813,General Practice,"Tuesday: 7:30 AM – 6:30 PM
Wednesday: 7:30 AM – 6:30 PM
Thursday: 7:30 AM – 6:30 PM
Friday: 7:30 AM – 6:30 PM
Saturday: 7:30 AM – 6:30 PM
Sunday: 7:30 AM – 4:30 PM",,,,,,,,,,,,,,,,,,,,,,,,,,,,,
452,Primary Care Animal Hospital,(562) 274-7776,2200 N Lakewood Blvd,Long Beach,90815,General Practice,"Monday: 8:00 AM – 6:00 PM
Tuesday: 8:00 AM – 10:00 PM
Wednesday: 8:00 AM – 10:00 PM
Thursday: 8:00 AM – 10:00 PM
Friday: 8:00 AM – 10:00 PM
Saturday: 8:00 AM – 10:00 PM
Sunday: 8:00 AM – 6:00 PM",,,,,,,,,,,,,,,,,,,,,,,,,,,,,
453,Primary Care Animal Hospital - Bixby Knolls,(562) 471-7711,920 E Wardlow Rd,Long Beach,90807,General Practice,"Tuesday: 8:00 AM – 6:00 PM
Wednesday: 8:00 AM – 6:00 PM
Thursday: 8:00 AM – 6:00 PM
Friday: 8:00 AM – 6:00 PM
Saturday: 8:00 AM – 6:00 PM
Sunday: 8:00 AM – 6:00 PM",,,,,,,,,,,,,,,,,,,,,,,,,,,,,
454,Promenade Veterinary Hospital,(562) 450-5893,201 The Promenade N #105,Long Beach,90802,General Practice,"Tuesday: 8:00 AM – 5:00 PM
Wednesday: 8:00 AM – 5:00 PM
Thursday: 8:00 AM – 5:00 PM
Friday: 8:00 AM – 5:00 PM
Saturday: 8:00 AM – 5:00 PM",,,,,,,,,,,,,,,,,,,,,,,,,,,,,
455,Spring Animal Hospital,(562) 421-8463,5858 E Spring St,Long Beach,90815,General Practice,"Tuesday: 8:00 AM – 5:00 PM
Wednesday: 8:00 AM – 5:00 PM
Thursday: 8:00 AM – 5:00 PM
Friday: 8:00 AM – 5:00 PM
Saturday: 8:00 AM – 5:00 PM",,,,,,,,,,,,,,,,,,,,,,,,,,,,,
456,Stitches Veterinary Surgery,(562) 579-4899,2211 N Bellflower Blvd,Long Beach,90815,General Practice,"Tuesday: 8:00 AM – 5:00 PM
Wednesday: 8:00 AM – 5:00 PM
Thursday: 8:00 AM – 5:00 PM
Friday: 8:00 AM – 5:00 PM
Saturday: 8:00 AM – 5:00 PM",,,,,,,,,,,,,,,,,,,,,,,,,,,,,
457,Uptown Animal Hospital Inc,(562) 424-8541,3350 Atlantic Ave,Long Beach,90807,General Practice,"Tuesday: 8:00 AM – 6:00 PM
Wednesday: 8:00 AM – 6:00 PM
Thursday: 8:00 AM – 6:00 PM
Friday: 8:00 AM – 6:00 PM
Saturday: 8:00 AM – 6:00 PM
Sunday: 8:00 AM – 1:00 PM",,,,,,,,,,,,,,,,,,,,,,,,,,,,,
458,VCA Los Altos Animal Hospital,(562) 421-3749,3080 Woodruff Ave Suite B,Long Beach,90808,General Practice,"Tuesday: 7:00 AM – 7:00 PM
Wednesday: 7:00 AM – 7:00 PM
Thursday: 7:00 AM – 7:00 PM
Friday: 7:00 AM – 7:00 PM
Saturday: 7:00 AM – 6:00 PM
Sunday: 7:00 AM – 4:00 PM",,,,,,,,,,,,,,,,,,,,,,,,,,,,,
459,Little Cottonwood Animal Hospital,(562) 372-6642,4102 Katella Ave,Los Alamitos,90720,General Practice,"Tuesday: 8:00 AM – 6:00 PM
Wednesday: 8:00 AM – 6:00 PM
Thursday: 8:00 AM – 6:00 PM
Friday: 8:00 AM – 6:00 PM
Saturday: 8:00 AM – 6:00 PM
Sunday: 8:00 AM – 12:00 PM",,,,,,,,,,,,,,,,,,,,,,,,,,,,,
460,"Shawn Camacho, DVM",(562) 375-6950,10832 Los Alamitos Blvd,Los Alamitos,90720,General Practice,"Tuesday: 7:00 AM – 7:00 PM
Wednesday: 7:00 AM – 7:00 PM
Thursday: 7:00 AM – 7:00 PM
Friday: 7:00 AM – 7:00 PM
Saturday: 7:00 AM – 7:00 PM
Sunday: 8:00 AM – 3:00 PM",,,,,,,,,,,,,,,,,,,,,,,,,,,,,
461,VCA Rossmoor-El Dorado Animal Hospital,(562) 598-8621,10832 Los Alamitos Blvd,Los Alamitos,90720,General Practice,"Tuesday: 7:00 AM – 7:00 PM
Wednesday: 7:00 AM – 7:00 PM
Thursday: 7:00 AM – 7:00 PM
Friday: 7:00 AM – 7:00 PM
Saturday: 7:00 AM – 7:00 PM
Sunday: 8:00 AM – 3:00 PM",,,,,,,,,,,,,,,,,,,,,,,,,,,,,
462,ACCESS Specialty Animal Hospitals - San Fernando Valley,(818) 887-2262,20051 Ventura Blvd,Los Angeles,91364,General Practice,Monday: Open 24 hours,,,,,,,,,,,,,,,,,,,,,,,,,,,,,
463,Ace Animal Hospital,(310) 833-1111,1450 W 25th St,Los Angeles,90732,General Practice,"Monday: 9:00 AM – 9:00 PM
Tuesday: 8:30 AM – 9:00 PM
Wednesday: 8:30 AM – 9:00 PM
Thursday: 8:30 AM – 9:00 PM
Friday: 8:30 AM – 9:00 PM
Saturday: 8:30 AM – 9:00 PM
Sunday: 9:00 AM – 9:00 PM",,,,,,,,,,,,,,,,,,,,,,,,,,,,,
464,Advanced Veterinary Mobile Clinic,(818) 441-9366,5447 White Oak Ave,Los Angeles,91316,General Practice,,,,,,,,,,,,,,,,,,,,,,,,,,,,,,
465,Affordable Animal Hospital NOHO,(818) 572-4054,5118 Vineland Ave,Los Angeles,91601,General Practice,"Tuesday: 9:00 AM – 5:00 PM
Wednesday: 9:00 AM – 5:00 PM
Thursday: 9:00 AM – 5:00 PM
Friday: 9:00 AM – 5:00 PM
Saturday: 9:00 AM – 5:00 PM
Sunday: 9:00 AM – 5:00 PM",,,,,,,,,,,,,,,,,,,,,,,,,,,,,
466,Affordable Animal Hospital Silver Lake,(323) 664-2188,2417 Riverside Dr,Los Angeles,90039,General Practice,"Monday: 9:00 AM – 3:00 PM
Tuesday: 9:00 AM – 5:30 PM
Wednesday: 9:00 AM – 5:30 PM
Thursday: 9:00 AM – 5:30 PM
Friday: 9:00 AM – 5:30 PM
Saturday: 9:00 AM – 5:30 PM
Sunday: 9:00 AM – 3:00 PM",,,,,,,,,,,,,,,,,,,,,,,,,,,,,
467,All Pets Medical Centre,(818) 883-2600,7606 Fallbrook Ave,Los Angeles,91304,General Practice,"Tuesday: 8:00 AM – 6:00 PM
Wednesday: 8:00 AM – 6:00 PM
Thursday: 8:00 AM – 6:00 PM
Friday: 8:00 AM – 6:00 PM
Saturday: 8:00 AM – 6:00 PM
Sunday: 8:00 AM – 3:00 PM",,,,,,,,,,,,,,,,,,,,,,,,,,,,,
468,Aloro Pet Hospital,(818) 766-8197,4846 Laurel Canyon Blvd,Los Angeles,91607,General Practice,"Tuesday: 8:00 AM – 6:00 PM
Wednesday: 8:00 AM – 6:00 PM
Thursday: 8:00 AM – 6:00 PM
Friday: 8:00 AM – 6:00 PM
Saturday: 8:00 AM – 6:00 PM
Sunday: 9:00 AM – 5:00 PM",,,,,,,,,,,,,,,,,,,,,,,,,,,,,
469,Ambassador Dog & Cat Hospital,(213) 384-1255,3684 Beverly Blvd,Los Angeles,90004,General Practice,"Tuesday: 9:00 AM – 6:00 PM
Wednesday: 9:00 AM – 6:00 PM
Thursday: 9:00 AM – 6:00 PM
Friday: 8:00 AM – 6:00 PM
Saturday: 8:00 AM – 6:00 PM
Sunday: 8:00 AM – 6:00 PM",,,,,,,,,,,,,,,,,,,,,,,,,,,,,
470,Angel City Animal Hospital,(323) 522-3134,4364 Fountain Ave,Los Angeles,90029,General Practice,"Tuesday: 9:00 AM – 5:00 PM
Wednesday: 9:00 AM – 5:00 PM
Thursday: 9:00 AM – 5:00 PM
Friday: 9:00 AM – 2:00 PM
Saturday: 9:00 AM – 5:00 PM
Sunday: 9:00 AM – 2:00 PM",,,,,,,,,,,,,,,,,,,,,,,,,,,,,
471,Angeles Vista Pet Medical Center,(323) 292-0387,4414 Crenshaw Blvd,Los Angeles,90043,General Practice,"Wednesday: 8:00 AM – 4:00 PM
Thursday: 8:00 AM – 4:00 PM
Friday: 8:00 AM – 3:00 PM
Saturday: 8:00 AM – 3:00 PM
Sunday: 8:00 AM – 3:00 PM",,,,,,,,,,,,,,,,,,,,,,,,,,,,,
472,Animal Clinic of Encino,(818) 342-7900,18010 W Ventura Blvd,Los Angeles,91316,General Practice,"Tuesday: 8:00 AM – 12:00 PM
Tuesday: 2:00 PM – 6:00 PM
Wednesday: 8:00 AM – 12:00 PM
Wednesday: 2:00 PM – 6:00 PM
Thursday: 8:00 AM – 12:00 PM
Thursday: 2:00 PM – 6:00 PM
Friday: 8:00 AM – 12:00 PM
Friday: 2:00 PM – 6:00 PM
Saturday: 8:00 AM – 12:00 PM
Saturday: 2:00 PM – 6:00 PM",,,,,,,,,,,,,,,,,,,,,,,,,,,,,
473,Animal Clinic Western Inc,(310) 534-0315,23820 Western Ave,Los Angeles,90710,General Practice,"Tuesday: 8:00 AM – 5:00 PM
Wednesday: 8:00 AM – 5:00 PM
Thursday: 8:00 AM – 5:00 PM
Friday: 8:00 AM – 5:00 PM
Saturday: 8:00 AM – 5:00 PM
Sunday: 8:00 AM – 12:00 PM",,,,,,,,,,,,,,,,,,,,,,,,,,,,,
474,Animal Dermatology Center,(818) 981-8877,13125 Ventura Blvd,Los Angeles,91604,General Practice,"Tuesday: 8:00 AM – 5:00 PM
Wednesday: 8:00 AM – 5:00 PM
Thursday: 8:00 AM – 5:00 PM
Friday: 8:00 AM – 5:00 PM
Saturday: 8:00 AM – 5:00 PM",,,,,,,,,,,,,,,,,,,,,,,,,,,,,
475,Animal Health Care Center,(323) 258-2122,5211 El Verano Ave,Los Angeles,90041,General Practice,"Wednesday: 8:00 AM – 5:00 PM
Thursday: 8:00 AM – 5:00 PM
Friday: 8:00 AM – 5:00 PM
Saturday: 8:00 AM – 5:00 PM
Sunday: 8:00 AM – 2:00 PM",,,,,,,,,,,,,,,,,,,,,,,,,,,,,
476,Animal Urgent Care K-Town,(323) 302-5200,3035 W Olympic Blvd,Los Angeles,90006,General Practice,"Monday: 12:00 PM – 10:00 PM
Tuesday: 12:00 PM – 10:00 PM
Wednesday: 12:00 PM – 10:00 PM
Thursday: 12:00 PM – 10:00 PM
Friday: 12:00 PM – 10:00 PM
Saturday: 12:00 PM – 10:00 PM
Sunday: 12:00 PM – 10:00 PM",,,,,,,,,,,,,,,,,,,,,,,,,,,,,
477,Animal Vision Care & Surgical Center,(818) 501-5155,12147 Ventura Blvd,Los Angeles,91604,General Practice,"Tuesday: 8:00 AM – 5:00 PM
Wednesday: 8:00 AM – 5:00 PM
Thursday: 8:00 AM – 5:00 PM
Friday: 8:00 AM – 5:00 PM",,,,,,,,,,,,,,,,,,,,,,,,,,,,,
478,"Aristide, Mobile Veterinarian",(310) 593-4606,838 N Doheny Dr,Los Angeles,90069,General Practice,"Tuesday: 9:00 AM – 6:00 PM
Wednesday: 9:00 AM – 6:00 PM
Thursday: 9:00 AM – 6:00 PM
Friday: 9:00 AM – 6:00 PM",,,,,,,,,,,,,,,,,,,,,,,,,,,,,
479,ARK ANIMAL HOSPITAL,(323) 402-0039,2901 W Exposition Blvd,Los Angeles,90018,General Practice,"Tuesday: 8:00 AM – 5:00 PM
Wednesday: 8:00 AM – 5:00 PM
Thursday: 8:00 AM – 4:00 PM
Friday: 8:00 AM – 5:00 PM
Saturday: 8:00 AM – 5:00 PM
Sunday: 8:00 AM – 4:00 PM",,,,,,,,,,,,,,,,,,,,,,,,,,,,,
480,At Your Service Veterinary Hospital,(310) 561-1872,770 W 9th St,Los Angeles,90731,General Practice,"Tuesday: 8:00 AM – 6:00 PM
Wednesday: 8:00 AM – 6:00 PM
Thursday: 8:00 AM – 6:00 PM
Friday: 8:00 AM – 6:00 PM
Saturday: 8:00 AM – 6:00 PM",,,,,,,,,,,,,,,,,,,,,,,,,,,,,
481,Avenue 26 Small Animal Hospital,(323) 224-1231,609 W Ave 26,Los Angeles,90065,General Practice,"Tuesday: 9:00 AM – 6:00 PM
Wednesday: 9:00 AM – 2:00 PM
Thursday: 9:00 AM – 6:00 PM
Friday: 9:00 AM – 2:00 PM
Saturday: 9:00 AM – 6:00 PM
Sunday: 9:00 AM – 3:00 PM",,,,,,,,,,,,,,,,,,,,,,,,,,,,,
482,Balboa Veterinary Medical Center,(818) 368-2846,10361 Balboa Blvd,Los Angeles,91344,General Practice,"Tuesday: 8:00 AM – 6:00 PM
Wednesday: 8:00 AM – 6:00 PM
Thursday: 8:00 AM – 6:00 PM
Friday: 8:00 AM – 6:00 PM
Saturday: 8:00 AM – 6:00 PM
Sunday: 8:00 AM – 4:00 PM",,,,,,,,,,,,,,,,,,,,,,,,,,,,,
483,Berkley Pet Hospital,(818) 763-6221,10908 Burbank Blvd,Los Angeles,91601,General Practice,"Tuesday: 8:00 AM – 5:00 PM
Wednesday: 8:00 AM – 5:00 PM
Thursday: 8:00 AM – 5:00 PM
Friday: 8:00 AM – 5:00 PM
Saturday: 9:00 AM – 5:00 PM
Sunday: 9:00 AM – 2:00 PM",,,,,,,,,,,,,,,,,,,,,,,,,,,,,
484,Best Friends Animal Hospital,(818) 766-2140,5425 Laurel Canyon Blvd,Los Angeles,91607,General Practice,"Tuesday: 7:30 AM – 7:00 PM
Wednesday: 7:30 AM – 7:00 PM
Thursday: 7:30 AM – 7:00 PM
Friday: 7:30 AM – 7:00 PM
Saturday: 7:30 AM – 7:00 PM",,,,,,,,,,,,,,,,,,,,,,,,,,,,,
485,Beverly Pet Clinic,(323) 378-5402,4655 Beverly Blvd,Los Angeles,90004,General Practice,"Tuesday: 9:00 AM – 5:00 PM
Wednesday: 9:00 AM – 5:00 PM
Thursday: 9:00 AM – 5:00 PM
Friday: 9:00 AM – 5:00 PM
Saturday: 9:00 AM – 5:00 PM
Sunday: 9:00 AM – 3:00 PM",,,,,,,,,,,,,,,,,,,,,,,,,,,,,
486,Beverly Robertson Veterinary Clinic,(310) 464-0264,1800 S Robertson Blvd #8,Los Angeles,90035,General Practice,"Tuesday: 8:00 AM – 6:00 PM
Wednesday: 8:00 AM – 6:00 PM
Thursday: 8:00 AM – 6:00 PM
Friday: 8:00 AM – 6:00 PM
Saturday: 8:00 AM – 6:00 PM",,,,,,,,,,,,,,,,,,,,,,,,,,,,,
487,BeWell Animal Hospital,(213) 785-2918,275 S Atlantic Blvd Unit B,Los Angeles,90022,General Practice,"Tuesday: 8:00 AM – 4:30 PM
Wednesday: 8:00 AM – 4:30 PM
Thursday: 8:00 AM – 4:30 PM
Friday: 8:00 AM – 4:30 PM
Saturday: 8:00 AM – 4:30 PM
Sunday: 8:00 AM – 4:30 PM",,,,,,,,,,,,,,,,,,,,,,,,,,,,,
488,Boulevard Pet Clinic,(818) 506-2440,11440 Ventura Blvd # 102,Los Angeles,91604,General Practice,"Monday: 10:00 AM – 2:00 PM
Tuesday: 8:00 AM – 4:30 PM
Wednesday: 8:00 AM – 4:30 PM
Thursday: 8:00 AM – 4:30 PM
Friday: 8:00 AM – 4:30 PM
Saturday: 8:00 AM – 4:30 PM
Sunday: 8:00 AM – 2:00 PM",,,,,,,,,,,,,,,,,,,,,,,,,,,,,
489,Brighter Veterinary Center,(818) 435-9865,18523 Devonshire St,Los Angeles,91324,General Practice,"Tuesday: 9:00 AM – 8:00 PM
Wednesday: 9:00 AM – 8:00 PM
Thursday: 9:00 AM – 8:00 PM
Friday: 9:00 AM – 8:00 PM
Saturday: 9:00 AM – 8:00 PM
Sunday: 8:30 AM – 4:00 PM",,,,,,,,,,,,,,,,,,,,,,,,,,,,,
490,Cahuenga Veterinary Hospital,(323) 462-0660,825 N Cahuenga Blvd,Los Angeles,90038,General Practice,"Tuesday: 8:00 AM – 6:00 PM
Wednesday: 8:00 AM – 6:00 PM
Thursday: 8:00 AM – 6:00 PM
Friday: 8:00 AM – 6:00 PM
Saturday: 8:00 AM – 6:00 PM
Sunday: 8:30 AM – 3:00 PM",,,,,,,,,,,,,,,,,,,,,,,,,,,,,
491,CAMP Clinic - Los Angeles,(310) 574-5555,3612 11th Ave,Los Angeles,90018,General Practice,"Monday: 9:00 AM – 4:00 PM
Tuesday: 9:00 AM – 4:00 PM
Wednesday: 9:00 AM – 4:00 PM
Thursday: 9:00 AM – 4:00 PM
Friday: 9:00 AM – 4:00 PM
Saturday: 9:00 AM – 4:00 PM
Sunday: 9:00 AM – 4:00 PM",,,,,,,,,,,,,,,,,,,,,,,,,,,,,
492,Canoga Park Veterinary Center,(818) 992-8860,22323 Sherman Way,Los Angeles,91303,General Practice,"Tuesday: 8:30 AM – 6:00 PM
Wednesday: 8:30 AM – 6:00 PM
Thursday: 8:30 AM – 6:00 PM
Friday: 8:30 AM – 6:00 PM
Saturday: 8:30 AM – 6:00 PM
Sunday: 8:30 AM – 4:00 PM",,,,,,,,,,,,,,,,,,,,,,,,,,,,,
493,Capri Plaza Pet Clinic,(818) 881-6344,19582 Ventura Blvd,Los Angeles,91356,General Practice,"Tuesday: 9:00 AM – 5:00 PM
Wednesday: 9:00 AM – 5:00 PM
Friday: 9:00 AM – 5:00 PM
Saturday: 9:00 AM – 5:00 PM
Sunday: 9:00 AM – 3:00 PM",,,,,,,,,,,,,,,,,,,,,,,,,,,,,
494,Cat's Meow Veterinary Clinic,(818) 346-7161,19909 Ventura Blvd,Los Angeles,91364,General Practice,"Tuesday: 8:00 AM – 6:00 PM
Wednesday: 8:00 AM – 6:00 PM
Thursday: 8:00 AM – 6:00 PM
Friday: 8:00 AM – 6:00 PM
Saturday: 8:00 AM – 6:00 PM
Sunday: 8:00 AM – 1:00 PM",,,,,,,,,,,,,,,,,,,,,,,,,,,,,
495,Cats Only Veterinary House Calls,(818) 884-0500,22430 Ventura Blvd,Los Angeles,91364,General Practice,"Monday: 10:00 AM – 4:00 PM
Tuesday: 9:00 AM – 5:00 PM
Wednesday: 9:00 AM – 5:00 PM
Thursday: 9:00 AM – 5:00 PM
Friday: 9:00 AM – 5:00 PM",,,,,,,,,,,,,,,,,,,,,,,,,,,,,
496,Center Sinai Animal Hospital,(310) 559-3770,10737 Venice Blvd.,Los Angeles,90034,General Practice,"Monday: 10:00 AM – 4:00 PM
Tuesday: 7:30 AM – 9:00 PM
Wednesday: 7:30 AM – 9:00 PM
Thursday: 7:30 AM – 9:00 PM
Friday: 7:30 AM – 9:00 PM
Saturday: 7:30 AM – 9:00 PM
Sunday: 7:30 AM – 4:00 PM",,,,,,,,,,,,,,,,,,,,,,,,,,,,,
497,Complete Animal Eye Care Center,(818) 986-4356,14120 Ventura Blvd,Los Angeles,91423,General Practice,"Tuesday: 8:00 AM – 5:30 PM
Wednesday: 8:00 AM – 5:30 PM
Thursday: 8:00 AM – 5:30 PM
Friday: 8:00 AM – 5:30 PM
Saturday: 8:00 AM – 5:30 PM",,,,,,,,,,,,,,,,,,,,,,,,,,,,,
498,Cozycroft Pet Hospital,(818) 341-3040,20601 Plummer St,Los Angeles,91311,General Practice,"Tuesday: 8:00 AM – 11:30 AM
Tuesday: 2:00 PM – 5:00 PM
Wednesday: 8:00 AM – 11:30 AM
Wednesday: 2:00 PM – 5:00 PM
Thursday: 8:00 AM – 11:30 AM
Thursday: 2:00 PM – 4:45 PM
Friday: 8:00 AM – 11:30 AM
Friday: 2:00 PM – 5:00 PM
Saturday: 8:00 AM – 11:30 AM
Saturday: 2:00 PM – 5:00 PM
Sunday: 9:30 AM – 11:30 AM
Sunday: 2:00 PM – 4:00 PM",,,,,,,,,,,,,,,,,,,,,,,,,,,,,
499,Culver Palms Animal Hospital,(310) 398-7256,11511 W Washington Blvd,Los Angeles,90066,General Practice,"Monday: 10:00 AM – 6:00 PM
Tuesday: 7:30 AM – 6:00 PM
Wednesday: 7:30 AM – 6:00 PM
Thursday: 7:30 AM – 6:00 PM
Friday: 7:30 AM – 6:00 PM
Saturday: 7:30 AM – 6:00 PM
Sunday: 8:00 AM – 4:00 PM",,,,,,,,,,,,,,,,,,,,,,,,,,,,,
500,Dr. Gayle Grasmehr,(818) 342-3142,18452 Burbank Blvd,Los Angeles,91356,General Practice,"Tuesday: 8:00 AM – 5:00 PM
Wednesday: 8:00 AM – 5:00 PM
Thursday: 8:00 AM – 5:00 PM
Friday: 8:00 AM – 5:00 PM
Saturday: 8:00 AM – 5:00 PM
Sunday: 9:00 AM – 1:00 PM",,,,,,,,,,,,,,,,,,,,,,,,,,,,,
501,DTLAvets - Wellness and Urgent Care Services,(213) 613-1537,333 S Spring St,Los Angeles,90013,General Practice,"Tuesday: 8:00 AM – 10:00 PM
Wednesday: 8:00 AM – 10:00 PM
Thursday: 8:00 AM – 10:00 PM
Friday: 8:00 AM – 10:00 PM
Saturday: 8:00 AM – 10:00 PM
Sunday: 8:00 AM – 12:00 PM",,,,,,,,,,,,,,,,,,,,,,,,,,,,,
502,Eagle Glen Veterinary Clinic,(323) 256-0405,4305 N Eagle Rock Blvd,Los Angeles,90041,General Practice,"Tuesday: 9:00 AM – 6:00 PM
Wednesday: 9:00 AM – 6:00 PM
Thursday: 9:00 AM – 6:00 PM
Saturday: 9:00 AM – 6:00 PM
Sunday: 9:00 AM – 1:00 PM",,,,,,,,,,,,,,,,,,,,,,,,,,,,,
503,Eagle Rock Pet Care,(323) 794-0566,4000 N Eagle Rock Blvd,Los Angeles,90065,General Practice,"Tuesday: 9:00 AM – 6:00 PM
Wednesday: 9:00 AM – 6:00 PM
Thursday: 9:00 AM – 6:00 PM
Friday: 9:00 AM – 6:00 PM
Saturday: 9:00 AM – 6:00 PM",,,,,,,,,,,,,,,,,,,,,,,,,,,,,
504,East Los Angeles Dog and Cat Hospital,(323) 688-5570,5655 Whittier Blvd,Los Angeles,90022,General Practice,"Tuesday: 8:00 AM – 12:00 PM
Tuesday: 1:00 PM – 5:00 PM
Wednesday: 8:00 AM – 12:00 PM
Wednesday: 1:00 PM – 5:00 PM
Thursday: 8:00 AM – 12:00 PM
Thursday: 1:00 PM – 5:00 PM
Friday: 8:00 AM – 12:00 PM
Friday: 1:00 PM – 5:00 PM
Saturday: 8:00 AM – 12:00 PM
Saturday: 1:00 PM – 5:00 PM",,,,,,,,,,,,,,,,,,,,,,,,,,,,,
505,East Valley Veterinary Clinic,(818) 767-7116,8246 Sunland Blvd,Los Angeles,91352,General Practice,"Tuesday: 7:00 AM – 5:00 PM
Wednesday: 7:00 AM – 1:00 PM
Thursday: 7:00 AM – 5:00 PM
Friday: 7:00 AM – 5:00 PM
Saturday: 7:00 AM – 5:00 PM
Sunday: 7:00 AM – 5:00 PM",,,,,,,,,,,,,,,,,,,,,,,,,,,,,
506,Echo Park Veterinary Hospital,(323) 663-1107,1739 Glendale Blvd,Los Angeles,90026,General Practice,"Monday: 9:00 AM – 5:00 PM
Tuesday: 9:00 AM – 6:00 PM
Wednesday: 9:00 AM – 6:00 PM
Thursday: 9:00 AM – 6:00 PM
Friday: 9:00 AM – 6:00 PM
Saturday: 9:00 AM – 6:00 PM
Sunday: 9:00 AM – 5:00 PM",,,,,,,,,,,,,,,,,,,,,,,,,,,,,
507,Emerald Animal Hospital,(310) 564-0013,11560 W Olympic Blvd,Los Angeles,90064,General Practice,"Monday: 9:00 AM – 3:00 PM
Tuesday: 8:00 AM – 6:00 PM
Wednesday: 8:00 AM – 6:00 PM
Friday: 8:00 AM – 6:00 PM
Saturday: 8:00 AM – 6:00 PM",,,,,,,,,,,,,,,,,,,,,,,,,,,,,
508,Encino Pet Hospital and Emergency,(818) 922-2209,17324 Ventura Blvd,Los Angeles,91316,General Practice,"Monday: 7:30 AM – 7:00 PM
Tuesday: 7:30 AM – 7:00 PM
Wednesday: 7:30 AM – 7:00 PM
Thursday: 7:30 AM – 7:00 PM
Friday: 7:30 AM – 7:00 PM
Saturday: 7:30 AM – 7:00 PM
Sunday: 7:30 AM – 7:00 PM",,,,,,,,,,,,,,,,,,,,,,,,,,,,,
509,Encino Veterinary Center,(818) 783-7387,17623 Ventura Blvd,Los Angeles,91316,General Practice,"Monday: 8:00 AM – 7:00 PM
Tuesday: 8:00 AM – 7:00 PM
Wednesday: 8:00 AM – 7:00 PM
Thursday: 8:00 AM – 7:00 PM
Friday: 8:00 AM – 7:00 PM
Saturday: 8:00 AM – 7:00 PM
Sunday: 8:00 AM – 7:00 PM",,,,,,,,,,,,,,,,,,,,,,,,,,,,,
510,Fallbrook Veterinary Clinic,(818) 225-7071,5960 Fallbrook Ave,Los Angeles,91367,General Practice,"Tuesday: 9:00 AM – 6:00 PM
Wednesday: 9:00 AM – 6:00 PM
Friday: 9:00 AM – 6:00 PM
Saturday: 9:00 AM – 6:00 PM
Sunday: 9:00 AM – 1:00 PM",,,,,,,,,,,,,,,,,,,,,,,,,,,,,
511,Florence Pet Clinic,(323) 585-6486,2027 E Florence Ave,Los Angeles,90001,General Practice,"Tuesday: 10:00 AM – 5:45 PM
Wednesday: 10:00 AM – 5:45 PM
Thursday: 10:00 AM – 5:45 PM
Friday: 10:00 AM – 5:45 PM",,,,,,,,,,,,,,,,,,,,,,,,,,,,,
512,Gemcore Veterinary Services,(818) 626-4964,21701 Devonshire St Suite F,Los Angeles,91311,General Practice,Monday: Open 24 hours,,,,,,,,,,,,,,,,,,,,,,,,,,,,,
513,Gold Coast Mobile Veterinary Care,(310) 528-4026,"Mailing address only, 9854 National Blvd #500",Los Angeles,90034,General Practice,"Tuesday: 9:00 AM – 6:00 PM
Wednesday: 9:00 AM – 6:00 PM
Thursday: 9:00 AM – 6:00 PM
Friday: 9:00 AM – 6:00 PM
Saturday: 9:00 AM – 6:00 PM
Sunday: 9:00 AM – 2:00 PM",,,,,,,,,,,,,,,,,,,,,,,,,,,,,
514,Granada Veterinary Clinic,(818) 361-0125,10838 Sepulveda Blvd,Los Angeles,91345,General Practice,"Tuesday: 9:00 AM – 5:30 PM
Wednesday: 9:00 AM – 5:30 PM
Thursday: 9:00 AM – 5:30 PM
Friday: 9:00 AM – 5:30 PM
Saturday: 9:00 AM – 5:30 PM",,,,,,,,,,,,,,,,,,,,,,,,,,,,,
515,Grand Park Animal Hospital,(213) 935-8160,333 S Alameda St Ste 222,Los Angeles,90013,General Practice,"Tuesday: 9:00 AM – 5:00 PM
Wednesday: 9:00 AM – 5:00 PM
Thursday: 9:00 AM – 5:00 PM
Friday: 9:00 AM – 5:00 PM
Saturday: 9:00 AM – 5:00 PM
Sunday: 9:00 AM – 5:00 PM",,,,,,,,,,,,,,,,,,,,,,,,,,,,,
516,Green Abernathy and Moore,(828) 532-5559,433 S Spring St # 10,Los Angeles,90013,General Practice,,,,,,,,,,,,,,,,,,,,,,,,,,,,,,
517,Green Dog & Cat Hospital,(323) 753-8440,1544 W Slauson Ave,Los Angeles,90047,General Practice,"Tuesday: 8:00 AM – 4:00 PM
Wednesday: 8:00 AM – 4:00 PM
Thursday: 8:30 AM – 4:00 PM
Friday: 8:00 AM – 4:00 PM
Saturday: 8:30 AM – 4:00 PM
Sunday: 8:30 AM – 3:00 PM",,,,,,,,,,,,,,,,,,,,,,,,,,,,,
518,Green Dog Dental and Veterinary Center,(310) 606-2407,210 Main St,Los Angeles,90291,General Practice,"Tuesday: 9:00 AM – 6:00 PM
Wednesday: 9:00 AM – 6:00 PM
Thursday: 9:00 AM – 6:00 PM
Friday: 9:00 AM – 6:00 PM
Saturday: 9:00 AM – 6:00 PM
Sunday: 9:00 AM – 6:00 PM",,,,,,,,,,,,,,,,,,,,,,,,,,,,,
519,Hancock Park Veterinary Clinic,(323) 936-6952,5200 Wilshire Blvd,Los Angeles,90036,General Practice,"Tuesday: 8:00 AM – 6:00 PM
Wednesday: 8:00 AM – 6:00 PM
Thursday: 8:00 AM – 6:00 PM
Friday: 8:00 AM – 6:00 PM
Saturday: 8:00 AM – 6:00 PM
Sunday: 8:00 AM – 6:00 PM",,,,,,,,,,,,,,,,,,,,,,,,,,,,,
520,Harbor Pines Veterinary Center,(310) 517-1832,26640 Western Ave,Los Angeles,90710,General Practice,"Tuesday: 7:00 AM – 7:00 PM
Wednesday: 7:00 AM – 7:00 PM
Thursday: 7:00 AM – 7:00 PM
Friday: 7:00 AM – 7:00 PM
Saturday: 7:00 AM – 7:00 PM
Sunday: 8:00 AM – 2:00 PM",,,,,,,,,,,,,,,,,,,,,,,,,,,,,
521,Healing Touch Veterinary Wellness Center,(818) 453-8911,19501 Ventura Blvd,Los Angeles,91356,General Practice,"Tuesday: 9:00 AM – 5:00 PM
Wednesday: 9:00 AM – 5:00 PM
Thursday: 9:00 AM – 5:00 PM
Friday: 9:00 AM – 5:00 PM
Saturday: 9:00 AM – 5:00 PM",,,,,,,,,,,,,,,,,,,,,,,,,,,,,
522,Highland Park Animal Hospital,(323) 254-6868,5210 York Blvd,Los Angeles,90042,General Practice,"Tuesday: 8:00 AM – 12:30 PM
Tuesday: 2:30 PM – 6:00 PM
Wednesday: 8:00 AM – 12:30 PM
Wednesday: 2:30 PM – 6:00 PM
Thursday: 8:00 AM – 12:30 PM
Thursday: 2:30 PM – 6:00 PM
Friday: 8:00 AM – 12:30 PM
Friday: 2:30 PM – 6:00 PM
Saturday: 8:00 AM – 12:30 PM
Saturday: 2:30 PM – 6:00 PM",,,,,,,,,,,,,,,,,,,,,,,,,,,,,
523,Holiday Humane Society Clinic,(818) 765-8196,7301 Fulton Ave,Los Angeles,91605,General Practice,"Wednesday: 8:00 AM – 11:30 AM
Wednesday: 1:00 PM – 4:30 PM
Thursday: 8:00 AM – 11:00 AM
Thursday: 1:00 PM – 4:30 PM
Friday: 8:00 AM – 11:00 AM
Friday: 1:00 PM – 4:30 PM
Saturday: 8:00 AM – 11:00 AM
Saturday: 1:00 PM – 4:30 PM
Sunday: 8:00 AM – 11:00 AM",,,,,,,,,,,,,,,,,,,,,,,,,,,,,
524,Kinder 4 Rescue Low Cost Pet Clinic,(818) 505-0006,5308 Vineland Ave,Los Angeles,91601,General Practice,"Tuesday: 7:30 AM – 7:00 PM
Wednesday: 7:30 AM – 7:00 PM
Thursday: 7:30 AM – 7:00 PM
Saturday: 7:30 AM – 7:00 PM",,,,,,,,,,,,,,,,,,,,,,,,,,,,,
525,Kitten Rescue Spay/Neuter Clinic,(818) 527-1344,20655 Plummer St,Los Angeles,91311,General Practice,,,,,,,,,,,,,,,,,,,,,,,,,,,,,,
526,L A Central Animal Hospital,(323) 225-4228,220 W Ave 26,Los Angeles,90031,General Practice,"Tuesday: 8:00 AM – 5:00 PM
Wednesday: 8:00 AM – 5:00 PM
Thursday: 8:00 AM – 5:00 PM
Friday: 8:00 AM – 5:00 PM
Saturday: 8:00 AM – 5:00 PM",,,,,,,,,,,,,,,,,,,,,,,,,,,,,
527,L.A. Pet Clinic,(323) 461-3575,5853 Melrose Ave,Los Angeles,90038,General Practice,"Tuesday: 11:00 AM – 7:00 PM
Wednesday: 11:00 AM – 4:00 PM
Thursday: 11:00 AM – 4:00 PM
Friday: 11:00 AM – 7:00 PM
Saturday: 11:00 AM – 7:00 PM",,,,,,,,,,,,,,,,,,,,,,,,,,,,,
528,"LAASER Los Angeles Animal Specialty, Emergency & Rehabilitation",(323) 800-8387,2500 N San Fernando Rd,Los Angeles,90065,General Practice,Monday: Open 24 hours,,,,,,,,,,,,,,,,,,,,,,,,,,,,,
529,Laguna Vista Veterinary Center,(310) 737-8600,26333 Vermont Ave,Los Angeles,90710,General Practice,"Tuesday: 9:00 AM – 5:00 PM
Wednesday: 9:00 AM – 5:00 PM
Thursday: 9:00 AM – 5:00 PM
Friday: 9:00 AM – 5:00 PM
Saturday: 9:00 AM – 5:00 PM",,,,,,,,,,,,,,,,,,,,,,,,,,,,,
530,Lake Balboa Veterinary Care,(818) 907-0929,6440 Sepulveda Blvd B,Los Angeles,91411,General Practice,"Wednesday: 8:00 AM – 6:00 PM
Thursday: 8:00 AM – 6:00 PM
Friday: 8:00 AM – 5:30 PM
Saturday: 8:00 AM – 6:00 PM
Sunday: 8:00 AM – 5:00 PM",,,,,,,,,,,,,,,,,,,,,,,,,,,,,
531,Little Tokyo Pet Clinic,(213) 537-0989,236 S Los Angeles St suite h,Los Angeles,90012,General Practice,"Tuesday: 8:00 AM – 7:00 PM
Wednesday: 8:00 AM – 7:00 PM
Thursday: 8:00 AM – 4:00 PM
Friday: 8:00 AM – 4:00 PM
Saturday: 8:00 AM – 7:00 PM
Sunday: 8:00 AM – 4:00 PM",,,,,,,,,,,,,,,,,,,,,,,,,,,,,
532,Los Angeles Veterinary Center,(323) 685-7131,109 N Boyle Ave,Los Angeles,90033,General Practice,"Tuesday: 8:30 AM – 6:00 PM
Wednesday: 8:30 AM – 6:00 PM
Thursday: 8:30 AM – 6:00 PM
Friday: 8:30 AM – 6:00 PM
Saturday: 8:30 AM – 6:00 PM
Sunday: 8:30 AM – 4:00 PM",,,,,,,,,,,,,,,,,,,,,,,,,,,,,
533,Los Feliz Small Animal Hospital,(323) 664-3309,3166 Los Feliz Blvd,Los Angeles,90039,General Practice,"Tuesday: 7:30 AM – 5:00 PM
Wednesday: 7:30 AM – 5:00 PM
Thursday: 7:30 AM – 5:00 PM
Friday: 7:30 AM – 5:00 PM
Saturday: 7:30 AM – 5:00 PM
Sunday: 8:00 AM – 3:00 PM",,,,,,,,,,,,,,,,,,,,,,,,,,,,,
534,Low Cost Pet Vaccines of Los Angeles - One Generation Parking Lot,(818) 478-2403,17400 Victory Blvd,Los Angeles,91406,General Practice,"Monday: 3:00 PM – 5:00 PM
Sunday: 1:00 PM – 2:30 PM",,,,,,,,,,,,,,,,,,,,,,,,,,,,,
535,Low Cost Pet Vaccines Serrania Park Woodland Hills,null,20726 Wells Dr,Los Angeles,91364,General Practice,Sunday: 3:30 PM – 5:00 PM,,,,,,,,,,,,,,,,,,,,,,,,,,,,,
536,M J Brandt,(310) 821-4967,2506 Lincoln Blvd,Los Angeles,90291,General Practice,"Monday: 9:00 AM – 4:00 PM
Tuesday: 7:00 AM – 7:00 PM
Wednesday: 7:00 AM – 7:00 PM
Thursday: 7:00 AM – 7:00 PM
Friday: 7:00 AM – 7:00 PM
Saturday: 7:00 AM – 7:00 PM
Sunday: 8:00 AM – 5:00 PM",,,,,,,,,,,,,,,,,,,,,,,,,,,,,
537,Mar Vista Animal Medical Center,(310) 391-6741,3850 Grand View Blvd,Los Angeles,90066,General Practice,"Monday: 8:00 AM – 3:00 PM
Tuesday: 8:00 AM – 6:00 PM
Wednesday: 8:00 AM – 6:00 PM
Thursday: 8:00 AM – 6:00 PM
Friday: 8:00 AM – 6:00 PM
Saturday: 8:00 AM – 6:00 PM
Sunday: 8:00 AM – 3:00 PM",,,,,,,,,,,,,,,,,,,,,,,,,,,,,
538,Marina Veterinary Center,(310) 642-8080,8421 Lincoln Blvd,Los Angeles,90045,General Practice,"Tuesday: 8:00 AM – 6:00 PM
Wednesday: 8:00 AM – 6:00 PM
Thursday: 8:00 AM – 6:00 PM
Friday: 8:00 AM – 6:00 PM
Saturday: 8:00 AM – 6:00 PM
Sunday: 8:00 AM – 6:00 PM",,,,,,,,,,,,,,,,,,,,,,,,,,,,,
539,Marine Mammal Care Center,(424) 450-0570,3601 S Gaffey St #8,Los Angeles,90731,General Practice,"Monday: 10:00 AM – 4:00 PM
Tuesday: 10:00 AM – 4:00 PM
Saturday: 10:00 AM – 4:00 PM
Sunday: 10:00 AM – 4:00 PM",,,,,,,,,,,,,,,,,,,,,,,,,,,,,
540,McGrath Veterinary Center,(818) 796-4550,4560 Sherman Oaks Ave,Los Angeles,91403,General Practice,"Monday: 8:00 AM – 8:00 PM
Tuesday: 7:00 AM – 8:00 PM
Wednesday: 7:00 AM – 8:00 PM
Thursday: 7:00 AM – 8:00 PM
Friday: 7:00 AM – 8:00 PM
Saturday: 7:00 AM – 8:00 PM
Sunday: 8:00 AM – 8:00 PM",,,,,,,,,,,,,,,,,,,,,,,,,,,,,
541,Melrose La Brea Animal Hospital,(323) 937-2334,7116 Melrose Ave,Los Angeles,90046,General Practice,"Tuesday: 8:00 AM – 5:00 PM
Thursday: 8:00 AM – 5:00 PM
Friday: 8:00 AM – 5:00 PM
Saturday: 8:00 AM – 5:00 PM
Sunday: 8:00 AM – 2:00 PM",,,,,,,,,,,,,,,,,,,,,,,,,,,,,
542,Metropolitan Animal Specialty Hospital (MASH),(855) 350-7387,6565 Santa Monica Blvd,Los Angeles,90038,General Practice,Monday: Open 24 hours,,,,,,,,,,,,,,,,,,,,,,,,,,,,,
543,Mid Valley Veterinary Hospital,(818) 705-4585,17280 Saticoy St,Los Angeles,91406,General Practice,"Monday: 9:00 AM – 6:00 PM
Tuesday: 10:00 AM – 8:00 PM
Wednesday: 10:00 AM – 8:00 PM
Thursday: 10:00 AM – 8:00 PM
Friday: 10:00 AM – 8:00 PM
Saturday: 10:00 AM – 8:00 PM
Sunday: 9:00 AM – 6:00 PM",,,,,,,,,,,,,,,,,,,,,,,,,,,,,
544,Mission Veterinary Clinic and Animal Emergency Hospital,(818) 363-8143,16915 San Fernando Mission Blvd,Los Angeles,91344,General Practice,"Thursday: 8:30 AM – 11:30 PM
Friday: 8:30 AM – 11:30 PM
Saturday: 12:00 AM – 12:00 AM",,,,,,,,,,,,,,,,,,,,,,,,,,,,,
545,Modern Animal Downtown LA,(213) 335-2199,301 W Olympic Blvd,Los Angeles,90015,General Practice,"Tuesday: 8:00 AM – 6:00 PM
Wednesday: 8:00 AM – 6:00 PM
Thursday: 8:00 AM – 6:00 PM
Friday: 8:00 AM – 6:00 PM
Saturday: 8:00 AM – 6:00 PM",,,,,,,,,,,,,,,,,,,,,,,,,,,,,
546,Modern Animal Encino,(747) 269-6832,16437 Ventura Blvd,Los Angeles,91436,General Practice,"Tuesday: 8:00 AM – 6:00 PM
Wednesday: 8:00 AM – 6:00 PM
Thursday: 8:00 AM – 6:00 PM
Friday: 8:00 AM – 6:00 PM
Saturday: 8:00 AM – 6:00 PM
Sunday: 8:00 AM – 6:00 PM",,,,,,,,,,,,,,,,,,,,,,,,,,,,,
547,Modern Animal La Brea,(213) 632-3908,359 S La Brea Ave,Los Angeles,90036,General Practice,"Tuesday: 8:00 AM – 6:00 PM
Wednesday: 8:00 AM – 6:00 PM
Thursday: 8:00 AM – 6:00 PM
Friday: 8:00 AM – 6:00 PM
Saturday: 8:00 AM – 6:00 PM
Sunday: 8:00 AM – 6:00 PM",,,,,,,,,,,,,,,,,,,,,,,,,,,,,
548,Modern Animal Los Feliz,(213) 642-1194,4850 Hollywood Blvd,Los Angeles,90027,General Practice,"Tuesday: 8:00 AM – 6:00 PM
Wednesday: 8:00 AM – 6:00 PM
Thursday: 8:00 AM – 6:00 PM
Friday: 8:00 AM – 6:00 PM
Saturday: 8:00 AM – 6:00 PM",,,,,,,,,,,,,,,,,,,,,,,,,,,,,
549,Modern Animal Playa Vista,(424) 276-7260,12775 Millennium Dr Suite 115,Los Angeles,90094,General Practice,"Tuesday: 8:00 AM – 6:00 PM
Wednesday: 8:00 AM – 6:00 PM
Thursday: 8:00 AM – 6:00 PM
Friday: 8:00 AM – 6:00 PM
Saturday: 8:00 AM – 6:00 PM",,,,,,,,,,,,,,,,,,,,,,,,,,,,,
550,Modern Animal Studio City,(747) 302-2747,12157 Ventura Blvd,Los Angeles,91604,General Practice,"Tuesday: 8:00 AM – 6:00 PM
Wednesday: 8:00 AM – 6:00 PM
Thursday: 8:00 AM – 6:00 PM
Friday: 8:00 AM – 6:00 PM
Saturday: 8:00 AM – 6:00 PM
Sunday: 8:00 AM – 6:00 PM",,,,,,,,,,,,,,,,,,,,,,,,,,,,,
551,Modern Animal West Hollywood,(213) 642-2188,8122 Beverly Blvd,Los Angeles,90048,General Practice,"Tuesday: 8:00 AM – 6:00 PM
Wednesday: 8:00 AM – 6:00 PM
Thursday: 8:00 AM – 6:00 PM
Friday: 8:00 AM – 6:00 PM
Saturday: 8:00 AM – 6:00 PM",,,,,,,,,,,,,,,,,,,,,,,,,,,,,
552,Modern Animal West LA,(424) 842-4244,1901 Westwood Blvd,Los Angeles,90025,General Practice,"Tuesday: 8:00 AM – 6:00 PM
Wednesday: 8:00 AM – 6:00 PM
Thursday: 8:00 AM – 6:00 PM
Friday: 8:00 AM – 6:00 PM
Saturday: 8:00 AM – 6:00 PM
Sunday: 8:00 AM – 6:00 PM",,,,,,,,,,,,,,,,,,,,,,,,,,,,,
553,Mohawk Alley Animal Hospital,(213) 201-7900,2162 Sunset Blvd,Los Angeles,90026,General Practice,"Monday: 8:00 AM – 6:00 PM
Tuesday: 8:00 AM – 6:00 PM
Wednesday: 8:00 AM – 6:00 PM
Thursday: 8:00 AM – 6:00 PM
Friday: 8:00 AM – 6:00 PM
Saturday: 8:00 AM – 6:00 PM
Sunday: 8:00 AM – 6:00 PM",,,,,,,,,,,,,,,,,,,,,,,,,,,,,
554,NOHO Urgent Care Animal Hospital,(818) 514-4551,5160 Vineland Ave,Los Angeles,91601,General Practice,"Monday: 7:00 AM – 11:00 PM
Tuesday: 7:00 AM – 11:00 PM
Wednesday: 7:00 AM – 11:00 PM
Thursday: 7:00 AM – 11:00 PM
Friday: 7:00 AM – 11:00 PM
Saturday: 7:00 AM – 11:00 PM
Sunday: 7:00 AM – 11:00 PM",,,,,,,,,,,,,,,,,,,,,,,,,,,,,
555,Nordhoff Veterinary Hospital,(818) 882-6111,21624 Nordhoff St,Los Angeles,91311,General Practice,"Tuesday: 8:00 AM – 6:00 PM
Wednesday: 8:00 AM – 6:00 PM
Thursday: 8:00 AM – 6:00 PM
Friday: 8:00 AM – 6:00 PM
Saturday: 8:00 AM – 6:00 PM
Sunday: 8:00 AM – 4:00 PM",,,,,,,,,,,,,,,,,,,,,,,,,,,,,
556,North Figueroa Animal Hospital,(323) 258-8068,5550 N Figueroa St,Los Angeles,90042,General Practice,"Wednesday: 8:30 AM – 10:30 AM
Thursday: 8:30 AM – 10:30 AM
Friday: 8:30 AM – 10:30 AM
Saturday: 8:30 AM – 10:30 AM
Sunday: 8:30 AM – 10:30 AM",,,,,,,,,,,,,,,,,,,,,,,,,,,,,
557,North Hollywood Animal Care Center,(818) 508-8530,11561 Oxnard St,Los Angeles,91606,General Practice,"Tuesday: 8:00 AM – 5:00 PM
Wednesday: 8:00 AM – 5:00 PM
Thursday: 8:00 AM – 5:00 PM
Friday: 8:00 AM – 5:00 PM
Saturday: 8:00 AM – 1:00 PM",,,,,,,,,,,,,,,,,,,,,,,,,,,,,
558,North Valley Veterinary Clinic,(818) 366-7777,11152 Balboa Blvd,Los Angeles,91344,General Practice,"Monday: 8:00 AM – 6:00 PM
Tuesday: 8:00 AM – 6:00 PM
Wednesday: 8:00 AM – 6:00 PM
Thursday: 8:00 AM – 6:00 PM
Friday: 8:00 AM – 6:00 PM
Saturday: 8:00 AM – 12:00 PM",,,,,,,,,,,,,,,,,,,,,,,,,,,,,
559,Northridge Animal Medical Center,(818) 658-2504,8918 Reseda Blvd,Los Angeles,91324,General Practice,"Tuesday: 9:00 AM – 1:00 PM
Tuesday: 2:00 PM – 5:00 PM
Wednesday: 9:00 AM – 1:00 PM
Wednesday: 2:00 PM – 5:00 PM
Thursday: 9:00 AM – 1:00 PM
Thursday: 2:00 PM – 5:00 PM
Friday: 9:00 AM – 1:00 PM
Friday: 2:00 PM – 5:00 PM
Saturday: 9:00 AM – 1:00 PM
Saturday: 2:00 PM – 5:00 PM",,,,,,,,,,,,,,,,,,,,,,,,,,,,,
560,Northridge Pet Hospital,(818) 885-8323,8615 Lindley Ave,Los Angeles,91325,General Practice,"Tuesday: 9:00 AM – 6:00 PM
Wednesday: 9:00 AM – 6:00 PM
Thursday: 9:00 AM – 6:00 PM
Friday: 9:00 AM – 6:00 PM
Saturday: 9:00 AM – 6:00 PM
Sunday: 9:00 AM – 12:00 PM",,,,,,,,,,,,,,,,,,,,,,,,,,,,,
561,Northridge Veterinary Center,(818) 832-1888,19462 Rinaldi St,Los Angeles,91326,General Practice,"Monday: 10:00 AM – 4:00 PM
Tuesday: 7:00 AM – 6:00 PM
Wednesday: 7:00 AM – 6:00 PM
Thursday: 7:00 AM – 6:00 PM
Friday: 7:00 AM – 6:00 PM
Saturday: 7:00 AM – 6:00 PM
Sunday: 8:00 AM – 4:00 PM",,,,,,,,,,,,,,,,,,,,,,,,,,,,,
562,Overland Veterinary Clinic,(310) 559-2424,3465 Overland Ave,Los Angeles,90034,General Practice,"Monday: 8:00 AM – 5:00 PM
Tuesday: 7:00 AM – 5:00 PM
Wednesday: 7:00 AM – 5:00 PM
Thursday: 7:00 AM – 5:00 PM
Friday: 7:00 AM – 5:00 PM
Saturday: 7:00 AM – 5:00 PM
Sunday: 8:00 AM – 5:00 PM",,,,,,,,,,,,,,,,,,,,,,,,,,,,,
563,PAC: Private Animal Care,(844) 722-4738,19525 Ventura Blvd,Los Angeles,91356,General Practice,"Wednesday: 9:00 AM – 5:00 PM
Thursday: 9:00 AM – 5:00 PM
Friday: 9:00 AM – 5:00 PM
Saturday: 9:00 AM – 5:00 PM",,,,,,,,,,,,,,,,,,,,,,,,,,,,,
564,Pacific Animal Clinic,(310) 473-4030,11343 Santa Monica Blvd,Los Angeles,90025,General Practice,"Tuesday: 8:00 AM – 5:30 PM
Wednesday: 8:00 AM – 5:30 PM
Thursday: 8:00 AM – 5:30 PM
Friday: 8:00 AM – 5:30 PM
Saturday: 8:00 AM – 5:30 PM
Sunday: 9:00 AM – 12:00 PM",,,,,,,,,,,,,,,,,,,,,,,,,,,,,
565,Pacific Palisades Veterinary Center,(310) 573-7707,853 Vía De La Paz,Los Angeles,90272,General Practice,"Tuesday: 8:00 AM – 6:00 PM
Wednesday: 8:00 AM – 6:00 PM
Thursday: 8:00 AM – 6:00 PM
Friday: 8:00 AM – 6:00 PM
Saturday: 8:00 AM – 6:00 PM
Sunday: 8:00 AM – 4:00 PM",,,,,,,,,,,,,,,,,,,,,,,,,,,,,
566,Pacoima Pet Clinic,(818) 890-9777,13682 Van Nuys Blvd,Los Angeles,91331,General Practice,"Tuesday: 8:00 AM – 4:00 PM
Wednesday: 10:00 AM – 6:00 PM
Thursday: 8:00 AM – 4:00 PM
Friday: 8:00 AM – 4:00 PM
Saturday: 8:00 AM – 1:00 PM",,,,,,,,,,,,,,,,,,,,,,,,,,,,,
567,Panorama Pet Hospital,(818) 786-4300,14519 Arminta St,Los Angeles,91402,General Practice,"Tuesday: 9:00 AM – 7:00 PM
Wednesday: 9:00 AM – 7:00 PM
Thursday: 9:00 AM – 7:00 PM
Friday: 9:00 AM – 7:00 PM
Saturday: 9:00 AM – 7:00 PM
Sunday: 9:00 AM – 7:00 PM",,,,,,,,,,,,,,,,,,,,,,,,,,,,,
568,Papaya Veterinary Care - Culver City,(424) 501-1578,11924 Washington Blvd Unit C,Los Angeles,90066,General Practice,"Monday: 8:00 AM – 6:00 PM
Tuesday: 7:00 AM – 5:00 PM
Wednesday: 7:00 AM – 5:00 PM
Thursday: 8:00 AM – 5:00 PM
Friday: 7:00 AM – 5:00 PM",,,,,,,,,,,,,,,,,,,,,,,,,,,,,
569,Park La Brea Veterinary Care,(323) 931-1210,477 S Fairfax Ave,Los Angeles,90036,General Practice,"Tuesday: 8:00 AM – 5:00 PM
Wednesday: 8:00 AM – 5:00 PM
Thursday: 8:00 AM – 5:00 PM
Friday: 8:00 AM – 5:00 PM
Saturday: 8:00 AM – 5:00 PM
Sunday: 8:00 AM – 4:00 PM",,,,,,,,,,,,,,,,,,,,,,,,,,,,,
570,Pasternak Veterinary Center,(310) 268-2275,2038 S Sepulveda Blvd,Los Angeles,90025,General Practice,"Tuesday: 9:00 AM – 4:00 PM
Wednesday: 9:00 AM – 4:00 PM
Thursday: 9:00 AM – 4:00 PM
Friday: 9:00 AM – 4:00 PM
Saturday: 9:00 AM – 4:00 PM
Sunday: 9:00 AM – 3:00 PM",,,,,,,,,,,,,,,,,,,,,,,,,,,,,
571,Paw by Paw Veterinary Rehabilitation,(818) 252-9586,5019 Lankershim Blvd,Los Angeles,91601,General Practice,"Tuesday: 9:00 AM – 1:00 PM
Tuesday: 2:00 PM – 6:00 PM
Wednesday: 9:00 AM – 1:00 PM
Wednesday: 2:00 PM – 6:00 PM
Thursday: 9:00 AM – 1:00 PM
Thursday: 2:00 PM – 6:00 PM
Friday: 9:00 AM – 1:00 PM
Friday: 2:00 PM – 6:00 PM
Saturday: 9:00 AM – 1:00 PM
Saturday: 2:00 PM – 6:00 PM",,,,,,,,,,,,,,,,,,,,,,,,,,,,,
572,PAW CENTER Veterinary Hospital/Urgent Care,(818) 722-9729,7660 N Clybourn Ave,Los Angeles,91352,General Practice,"Monday: 8:30 AM – 4:00 PM
Tuesday: 8:30 AM – 7:00 PM
Wednesday: 8:30 AM – 7:00 PM
Thursday: 8:30 AM – 5:00 PM
Friday: 8:30 AM – 7:00 PM
Saturday: 8:30 AM – 7:00 PM
Sunday: 8:30 AM – 5:00 PM",,,,,,,,,,,,,,,,,,,,,,,,,,,,,
573,Paw Priority: Veterinary Urgent and Primary Care,(310) 776-5544,8020 Melrose Ave,Los Angeles,90046,General Practice,"Tuesday: 9:00 AM – 6:00 PM
Wednesday: 9:00 AM – 6:00 PM
Thursday: 9:00 AM – 6:00 PM
Friday: 9:00 AM – 6:00 PM
Saturday: 9:00 AM – 5:00 PM
Sunday: 10:00 AM – 2:00 PM",,,,,,,,,,,,,,,,,,,,,,,,,,,,,
574,PAW REHAB Pacific Animal Wellness Rehabilitation Center,(818) 847-7299,14942 Ventura Blvd,Los Angeles,91403,General Practice,"Tuesday: 8:00 AM – 6:00 PM
Wednesday: 8:00 AM – 6:00 PM
Thursday: 8:00 AM – 6:00 PM
Friday: 8:00 AM – 6:00 PM
Saturday: 8:00 AM – 6:00 PM",,,,,,,,,,,,,,,,,,,,,,,,,,,,,
575,Paws & Claws Veterinary Hospital & Mobile Vet,(818) 346-7387,23210 Ventura Blvd STE A,Los Angeles,91364,General Practice,"Tuesday: 8:00 AM – 6:00 PM
Wednesday: 8:00 AM – 6:00 PM
Thursday: 8:00 AM – 6:00 PM
Friday: 8:00 AM – 6:00 PM
Saturday: 8:00 AM – 6:00 PM
Sunday: 8:00 AM – 6:00 PM",,,,,,,,,,,,,,,,,,,,,,,,,,,,,
576,Pet Cure Veterinary Center,(818) 996-0000,18205 Sherman Way,Los Angeles,91335,General Practice,"Tuesday: 8:00 AM – 8:00 PM
Wednesday: 8:00 AM – 8:00 PM
Thursday: 8:00 AM – 8:00 PM
Friday: 8:00 AM – 8:00 PM
Saturday: 8:00 AM – 8:00 PM
Sunday: 8:00 AM – 8:00 PM",,,,,,,,,,,,,,,,,,,,,,,,,,,,,
577,Pet Orphans of Southern California,(818) 901-0190,7720 Gloria Ave,Los Angeles,91406,General Practice,"Tuesday: 8:00 AM – 4:00 PM
Wednesday: 8:00 AM – 4:00 PM
Thursday: 8:00 AM – 4:00 PM
Friday: 9:00 AM – 4:00 PM
Saturday: 8:00 AM – 4:00 PM",,,,,,,,,,,,,,,,,,,,,,,,,,,,,
578,Pet Vet Animal Hospital,(818) 346-2455,19748 Sherman Way,Los Angeles,91306,General Practice,"Tuesday: 9:00 AM – 6:00 PM
Wednesday: 9:00 AM – 6:00 PM
Thursday: 9:00 AM – 6:00 PM
Friday: 9:00 AM – 6:00 PM
Saturday: 9:00 AM – 6:00 PM",,,,,,,,,,,,,,,,,,,,,,,,,,,,,
579,Port of Los Angeles Animal ER,(424) 272-7678,400 N Avalon Blvd,Los Angeles,90744,General Practice,"Monday: 6:00 PM – 8:00 AM
Tuesday: 6:00 PM – 8:00 AM
Thursday: 6:00 PM – 8:00 AM
Friday: 6:00 PM – 8:00 AM
Saturday: 6:00 PM – 8:00 AM
Sunday: 6:00 PM – 8:00 AM",,,,,,,,,,,,,,,,,,,,,,,,,,,,,
580,Quality Animal Clinic,(323) 920-7445,7625 Crenshaw Blvd,Los Angeles,90043,General Practice,"Tuesday: 7:30 AM – 6:00 PM
Wednesday: 7:30 AM – 1:00 PM
Thursday: 7:30 AM – 6:00 PM
Friday: 7:30 AM – 6:00 PM
Saturday: 7:30 AM – 6:00 PM
Sunday: 8:00 AM – 1:00 PM",,,,,,,,,,,,,,,,,,,,,,,,,,,,,
581,Rancho Park Veterinary Clinic,(310) 474-3398,10585 W Pico Blvd,Los Angeles,90064,General Practice,"Tuesday: 7:30 AM – 5:00 PM
Wednesday: 7:30 AM – 5:00 PM
Thursday: 7:30 AM – 5:00 PM
Friday: 7:30 AM – 5:00 PM
Saturday: 7:30 AM – 5:00 PM
Sunday: 9:00 AM – 3:00 PM",,,,,,,,,,,,,,,,,,,,,,,,,,,,,
582,Rivers Veterinary,(818) 241-1696,2613 Sunset Blvd,Los Angeles,90026,General Practice,"Wednesday: 8:00 AM – 5:00 PM
Thursday: 8:00 AM – 5:00 PM
Friday: 8:00 AM – 5:00 PM
Saturday: 8:00 AM – 5:00 PM
Sunday: 8:00 AM – 5:00 PM",,,,,,,,,,,,,,,,,,,,,,,,,,,,,
583,Roswinn Pet Hospital,(818) 718-2112,20021 Roscoe Blvd # 15,Los Angeles,91306,General Practice,"Tuesday: 8:30 AM – 6:00 PM
Wednesday: 8:30 AM – 6:00 PM
Thursday: 8:30 AM – 6:00 PM
Friday: 8:30 AM – 6:00 PM
Saturday: 8:30 AM – 6:00 PM
Sunday: 8:30 AM – 4:00 PM",,,,,,,,,,,,,,,,,,,,,,,,,,,,,
584,Sharp Pet Hospital,(818) 765-4871,7328 Radford Ave,Los Angeles,91605,General Practice,"Tuesday: 8:00 AM – 2:00 PM
Wednesday: 8:00 AM – 2:00 PM
Thursday: 8:00 AM – 11:00 AM
Friday: 8:00 AM – 2:00 PM
Saturday: 8:00 AM – 2:00 PM",,,,,,,,,,,,,,,,,,,,,,,,,,,,,
585,Shatto Veterinary Center,(213) 352-1252,3130 W 6th St,Los Angeles,90020,General Practice,"Tuesday: 9:00 AM – 6:00 PM
Wednesday: 9:00 AM – 6:00 PM
Thursday: 9:00 AM – 6:00 PM
Friday: 9:00 AM – 6:00 PM
Saturday: 9:00 AM – 6:00 PM",,,,,,,,,,,,,,,,,,,,,,,,,,,,,
586,Sherman Oaks Veterinary Group,(818) 784-9977,13624 Moorpark St,Los Angeles,91423,General Practice,"Monday: 9:00 AM – 4:00 PM
Tuesday: 7:30 AM – 7:00 PM
Wednesday: 7:30 AM – 7:00 PM
Thursday: 7:30 AM – 7:00 PM
Friday: 7:30 AM – 7:00 PM
Saturday: 7:30 AM – 6:00 PM
Sunday: 8:00 AM – 4:00 PM",,,,,,,,,,,,,,,,,,,,,,,,,,,,,
587,Simon Veterinary Surgical - Sherman Oaks,(310) 402-3573,14302 Ventura Blvd,Los Angeles,91423,General Practice,"Monday: 7:00 AM – 5:00 PM
Tuesday: 7:00 AM – 9:00 PM
Wednesday: 7:00 AM – 9:00 PM
Thursday: 7:00 AM – 9:00 PM
Friday: 7:00 AM – 9:00 PM
Saturday: 7:00 AM – 9:00 PM
Sunday: 7:00 AM – 5:00 PM",,,,,,,,,,,,,,,,,,,,,,,,,,,,,
588,South Shores Pet Clinic,(310) 832-5327,2318 S Western Ave,Los Angeles,90732,General Practice,"Tuesday: 8:00 AM – 5:00 PM
Wednesday: 8:00 AM – 5:00 PM
Thursday: 8:00 AM – 6:00 PM
Friday: 8:00 AM – 5:00 PM
Saturday: 8:00 AM – 5:00 PM
Sunday: 8:00 AM – 3:00 PM",,,,,,,,,,,,,,,,,,,,,,,,,,,,,
589,Southern California Veterinary Hospital & Animal Skin Clinic,(818) 999-1290,5421 CA-27,Los Angeles,91367,General Practice,"Tuesday: 7:30 AM – 6:00 PM
Wednesday: 7:30 AM – 6:00 PM
Thursday: 7:30 AM – 6:00 PM
Friday: 7:30 AM – 6:00 PM
Saturday: 7:30 AM – 6:00 PM
Sunday: 8:00 AM – 4:00 PM",,,,,,,,,,,,,,,,,,,,,,,,,,,,,
590,Southpaw Vets,(818) 935-5444,13520 Ventura Blvd,Los Angeles,91423,General Practice,"Tuesday: 8:00 AM – 6:00 PM
Wednesday: 8:00 AM – 6:00 PM
Thursday: 8:00 AM – 6:00 PM
Friday: 8:00 AM – 6:00 PM
Saturday: 8:00 AM – 6:00 PM
Sunday: 8:00 AM – 6:00 PM",,,,,,,,,,,,,,,,,,,,,,,,,,,,,
591,Stewart Veterinary Group,(310) 207-0651,12241 Wilshire Blvd,Los Angeles,90025,General Practice,"Tuesday: 9:00 AM – 5:00 PM
Wednesday: 9:00 AM – 5:00 PM
Thursday: 9:00 AM – 5:00 PM
Friday: 9:00 AM – 5:00 PM
Saturday: 9:00 AM – 5:00 PM
Sunday: 9:00 AM – 2:00 PM",,,,,,,,,,,,,,,,,,,,,,,,,,,,,
592,Studio City Animal Hospital,(818) 769-1338,11800 Ventura Blvd,Los Angeles,91604,General Practice,"Monday: 9:00 AM – 5:00 PM
Tuesday: 7:30 AM – 7:00 PM
Wednesday: 7:30 AM – 7:00 PM
Thursday: 7:30 AM – 7:00 PM
Friday: 7:30 AM – 7:00 PM
Saturday: 7:30 AM – 7:00 PM
Sunday: 7:30 AM – 7:00 PM",,,,,,,,,,,,,,,,,,,,,,,,,,,,,
593,Sunset Animal Hospital,(323) 850-6952,7361 Sunset Blvd,Los Angeles,90046,General Practice,"Tuesday: 8:00 AM – 2:00 PM
Wednesday: 8:00 AM – 2:00 PM
Thursday: 8:00 AM – 2:00 PM
Friday: 8:00 AM – 2:00 PM
Saturday: 8:00 AM – 2:00 PM",,,,,,,,,,,,,,,,,,,,,,,,,,,,,
594,Sweet Home Veterinary Hospital,(818) 509-2987,10617 Burbank Blvd,Los Angeles,91601,General Practice,"Tuesday: 8:00 AM – 5:00 PM
Wednesday: 8:00 AM – 5:00 PM
Thursday: 8:00 AM – 5:00 PM
Friday: 8:00 AM – 5:00 PM
Saturday: 8:00 AM – 5:00 PM",,,,,,,,,,,,,,,,,,,,,,,,,,,,,
595,Tarzana Pet Clinic,(818) 788-7860,14302 Ventura Blvd,Los Angeles,91423,General Practice,"Monday: 8:00 AM – 6:00 PM
Tuesday: 8:00 AM – 6:00 PM
Wednesday: 8:00 AM – 6:00 PM
Thursday: 8:00 AM – 6:00 PM
Friday: 8:00 AM – 6:00 PM
Saturday: 8:00 AM – 6:00 PM
Sunday: 8:00 AM – 6:00 PM",,,,,,,,,,,,,,,,,,,,,,,,,,,,,
596,The ASPCA Los Angeles Spay/Neuter Clinic,(844) 692-7722,1850 W 60th St,Los Angeles,90047,General Practice,"Tuesday: 7:00 AM – 4:00 PM
Wednesday: 7:00 AM – 4:00 PM
Thursday: 7:00 AM – 4:00 PM
Friday: 7:00 AM – 4:00 PM
Saturday: 7:00 AM – 4:00 PM",,,,,,,,,,,,,,,,,,,,,,,,,,,,,
597,The Melrose Vet,(323) 310-5555,8304 Melrose Ave,Los Angeles,90069,General Practice,"Monday: 10:00 AM – 7:00 PM
Tuesday: 8:00 AM – 7:00 PM
Wednesday: 8:00 AM – 7:00 PM
Thursday: 8:00 AM – 5:00 PM
Friday: 8:00 AM – 7:00 PM
Saturday: 8:00 AM – 5:00 PM
Sunday: 8:00 AM – 5:00 PM",,,,,,,,,,,,,,,,,,,,,,,,,,,,,
598,The Pet Doctors of Sherman Oaks,(818) 981-1899,13756 Ventura Blvd #101,Los Angeles,91423,General Practice,"Monday: 7:30 AM – 6:00 PM
Tuesday: 7:30 AM – 6:00 PM
Wednesday: 7:30 AM – 6:00 PM
Thursday: 7:30 AM – 6:00 PM
Friday: 7:30 AM – 6:00 PM
Saturday: 7:30 AM – 6:00 PM
Sunday: 7:30 AM – 6:00 PM",,,,,,,,,,,,,,,,,,,,,,,,,,,,,
599,Topanga Veterinary Clinic,(818) 280-3530,21913 Devonshire St,Los Angeles,91311,General Practice,"Monday: 9:00 AM – 1:00 AM
Wednesday: 9:00 AM – 12:00 AM
Thursday: 9:00 AM – 12:00 AM
Friday: 9:00 AM – 12:00 AM
Saturday: 9:00 AM – 12:30 AM
Sunday: 9:00 AM – 1:00 AM",,,,,,,,,,,,,,,,,,,,,,,,,,,,,
600,TrueCare for Pets,(818) 760-3882,11730 Ventura Blvd,Los Angeles,91604,General Practice,Monday: Open 24 hours,,,,,,,,,,,,,,,,,,,,,,,,,,,,,
601,Urgent Care Animal Hospital,(323) 285-2279,4945 N Eagle Rock Blvd Suite A,Los Angeles,90041,General Practice,"Monday: 10:00 AM – 11:00 PM
Tuesday: 10:00 AM – 11:00 PM
Wednesday: 10:00 AM – 11:00 PM
Thursday: 10:00 AM – 11:00 PM
Friday: 10:00 AM – 11:00 PM
Saturday: 10:00 AM – 11:00 PM
Sunday: 10:00 AM – 11:00 PM",,,,,,,,,,,,,,,,,,,,,,,,,,,,,
602,valley animal hospital,(818) 785-5483,7721 Sepulveda Blvd,Los Angeles,91405,General Practice,"Monday: 9:00 AM – 3:00 PM
Tuesday: 8:00 AM – 6:30 PM
Wednesday: 8:00 AM – 6:30 PM
Thursday: 8:00 AM – 6:30 PM
Friday: 8:00 AM – 6:30 PM
Saturday: 8:00 AM – 6:30 PM
Sunday: 8:00 AM – 3:00 PM",,,,,,,,,,,,,,,,,,,,,,,,,,,,,
603,Value Vet Canoga Park,(818) 592-0092,21724 Sherman Way,Los Angeles,91303,General Practice,"Tuesday: 9:00 AM – 1:00 PM
Tuesday: 2:00 PM – 5:00 PM
Wednesday: 9:00 AM – 1:00 PM
Wednesday: 2:00 PM – 5:00 PM
Thursday: 9:00 AM – 1:00 PM
Thursday: 2:00 PM – 5:00 PM
Friday: 9:00 AM – 1:00 PM
Friday: 2:00 PM – 5:00 PM
Saturday: 9:00 AM – 1:00 PM
Saturday: 2:00 PM – 5:00 PM",,,,,,,,,,,,,,,,,,,,,,,,,,,,,
604,Value Vet Inc. (NOT a clinic),(805) 522-2103,"Chatsworth, CA 91311, USA",Los Angeles,91311,General Practice,"Tuesday: 8:00 AM – 5:00 PM
Wednesday: 8:00 AM – 5:00 PM
Thursday: 8:00 AM – 5:00 PM
Friday: 8:00 AM – 5:00 PM
Saturday: 8:00 AM – 5:00 PM",,,,,,,,,,,,,,,,,,,,,,,,,,,,,
605,Van Nuys Veterinary Clinic,(818) 453-8789,7215 Van Nuys Blvd,Los Angeles,91405,General Practice,"Tuesday: 8:30 AM – 8:00 PM
Wednesday: 8:30 AM – 8:00 PM
Thursday: 8:30 AM – 8:00 PM
Friday: 8:30 AM – 8:00 PM
Saturday: 8:30 AM – 8:00 PM
Sunday: 9:00 AM – 6:00 PM",,,,,,,,,,,,,,,,,,,,,,,,,,,,,
606,VCA Animal Hospitals Urgent Care - Mar Vista,(310) 558-5121,12108 Venice Blvd.,Los Angeles,90066,General Practice,"Monday: 10:00 AM – 8:00 PM
Tuesday: 10:00 AM – 8:00 PM
Wednesday: 10:00 AM – 8:00 PM
Thursday: 10:00 AM – 8:00 PM
Friday: 10:00 AM – 8:00 PM
Saturday: 10:00 AM – 8:00 PM
Sunday: 10:00 AM – 8:00 PM",,,,,,,,,,,,,,,,,,,,,,,,,,,,,
607,VCA Animal Medical Center,(818) 786-1651,14931 Oxnard St,Los Angeles,91411,General Practice,"Tuesday: 8:00 AM – 6:00 PM
Wednesday: 8:00 AM – 6:00 PM
Thursday: 8:00 AM – 6:00 PM
Friday: 8:00 AM – 6:00 PM
Saturday: 8:00 AM – 6:00 PM
Sunday: 8:00 AM – 4:00 PM",,,,,,,,,,,,,,,,,,,,,,,,,,,,,
608,VCA Animal Medical Center of Southern California,(310) 575-5656,2340 S Sepulveda Blvd,Los Angeles,90064,General Practice,"Tuesday: 8:00 AM – 7:00 PM
Wednesday: 8:00 AM – 7:00 PM
Thursday: 8:00 AM – 7:00 PM
Friday: 8:00 AM – 7:00 PM
Saturday: 8:00 AM – 7:00 PM",,,,,,,,,,,,,,,,,,,,,,,,,,,,,
609,VCA Animal Specialty Group,(818) 244-7977,4641 Colorado Blvd,Los Angeles,90039,General Practice,Monday: Open 24 hours,,,,,,,,,,,,,,,,,,,,,,,,,,,,,
610,VCA ASEC,(310) 473-5906,1535 S Sepulveda Blvd,Los Angeles,90025,General Practice,Monday: Open 24 hours,,,,,,,,,,,,,,,,,,,,,,,,,,,,,
611,VCA Brentwood Animal Hospital,(310) 473-0957,11718 W Olympic Blvd,Los Angeles,90064,General Practice,"Tuesday: 7:30 AM – 6:00 PM
Wednesday: 7:30 AM – 6:00 PM
Thursday: 7:30 AM – 6:00 PM
Friday: 7:30 AM – 6:00 PM
Saturday: 7:30 AM – 6:00 PM
Sunday: 8:00 AM – 4:00 PM",,,,,,,,,,,,,,,,,,,,,,,,,,,,,
612,VCA Chatoak Animal Hospital,(818) 363-7444,17659 Chatsworth St,Los Angeles,91344,General Practice,"Monday: 7:00 AM – 12:00 AM
Tuesday: 7:00 AM – 12:00 AM
Wednesday: 7:00 AM – 12:00 AM
Thursday: 7:00 AM – 12:00 AM
Friday: 7:00 AM – 12:00 AM
Saturday: 7:00 AM – 12:00 AM
Sunday: 7:00 AM – 12:00 AM",,,,,,,,,,,,,,,,,,,,,,,,,,,,,
613,VCA Chatsworth Veterinary Center,(818) 341-7770,21418 Devonshire St,Los Angeles,91311,General Practice,"Tuesday: 8:00 AM – 6:00 PM
Wednesday: 8:00 AM – 6:00 PM
Thursday: 8:00 AM – 6:00 PM
Friday: 8:00 AM – 6:00 PM
Saturday: 8:00 AM – 6:00 PM
Sunday: 8:00 AM – 4:00 PM",,,,,,,,,,,,,,,,,,,,,,,,,,,,,
614,VCA Marina Bay Cities Animal Hospital,(310) 306-8707,2506 Lincoln Blvd,Los Angeles,90291,General Practice,"Monday: 9:00 AM – 4:00 PM
Tuesday: 7:00 AM – 6:00 PM
Wednesday: 7:00 AM – 6:00 PM
Thursday: 7:00 AM – 6:00 PM
Friday: 7:00 AM – 6:00 PM
Saturday: 7:00 AM – 6:00 PM
Sunday: 8:00 AM – 5:00 PM",,,,,,,,,,,,,,,,,,,,,,,,,,,,,
615,VCA McClave Animal Hospital,(818) 881-5102,6950 Reseda Blvd,Los Angeles,91335,General Practice,"Monday: 8:00 AM – 6:00 PM
Tuesday: 8:00 AM – 6:00 PM
Wednesday: 8:00 AM – 6:00 PM
Thursday: 8:00 AM – 6:00 PM
Friday: 8:00 AM – 6:00 PM
Saturday: 8:00 AM – 6:00 PM
Sunday: 8:00 AM – 6:00 PM",,,,,,,,,,,,,,,,,,,,,,,,,,,,,
616,VCA Miller-Robertson Animal Hospital,(310) 657-7050,8807 Melrose Ave,Los Angeles,90069,General Practice,"Tuesday: 7:00 AM – 7:00 PM
Wednesday: 7:00 AM – 7:00 PM
Thursday: 7:00 AM – 7:00 PM
Friday: 7:00 AM – 7:00 PM
Saturday: 7:00 AM – 7:00 PM
Sunday: 8:00 AM – 5:00 PM",,,,,,,,,,,,,,,,,,,,,,,,,,,,,
617,VCA Parkwood Animal Hospital,(818) 884-5506,6330 Fallbrook Ave,Los Angeles,91367,General Practice,"Tuesday: 8:00 AM – 7:00 PM
Wednesday: 8:00 AM – 7:00 PM
Thursday: 8:00 AM – 7:00 PM
Friday: 8:00 AM – 7:00 PM
Saturday: 8:00 AM – 7:00 PM
Sunday: 8:00 AM – 5:00 PM",,,,,,,,,,,,,,,,,,,,,,,,,,,,,
618,VCA Venture Animal Hospital,(310) 559-2500,8750 Venice Blvd.,Los Angeles,90034,General Practice,"Tuesday: 7:00 AM – 6:00 PM
Wednesday: 7:00 AM – 6:00 PM
Thursday: 7:00 AM – 6:00 PM
Friday: 7:00 AM – 6:00 PM
Saturday: 7:00 AM – 6:00 PM
Sunday: 8:00 AM – 5:00 PM",,,,,,,,,,,,,,,,,,,,,,,,,,,,,
619,VCA Veterinary Specialists of the Valley,(818) 883-8387,22123 Ventura Blvd,Los Angeles,91364,General Practice,"Monday: 7:30 AM – 12:00 AM
Tuesday: 7:30 AM – 12:00 AM
Sunday: 7:30 AM – 12:00 AM",,,,,,,,,,,,,,,,,,,,,,,,,,,,,
620,VCA West Los Angeles Animal Hospital,(310) 473-2951,1900 S Sepulveda Blvd,Los Angeles,90025,General Practice,Monday: Open 24 hours,,,,,,,,,,,,,,,,,,,,,,,,,,,,,
621,Vermont Animal Hospital,(213) 263-9500,1502 S Vermont Ave,Los Angeles,90006,General Practice,"Tuesday: 8:00 AM – 12:00 PM
Tuesday: 2:00 PM – 4:30 PM
Wednesday: 8:00 AM – 12:00 PM
Wednesday: 2:00 PM – 4:30 PM
Thursday: 8:00 AM – 12:00 PM
Thursday: 2:00 PM – 4:30 PM
Friday: 8:00 AM – 12:00 PM
Friday: 2:00 PM – 4:30 PM
Saturday: 8:00 AM – 12:00 PM
Saturday: 2:00 PM – 4:30 PM
Sunday: 8:00 AM – 12:30 PM",,,,,,,,,,,,,,,,,,,,,,,,,,,,,
622,Veterinary Cancer Group of San Fernando Valley,(818) 888-6882,20051 Ventura Blvd,Los Angeles,91364,General Practice,"Tuesday: 8:00 AM – 6:00 PM
Wednesday: 8:00 AM – 6:00 PM
Thursday: 10:00 AM – 6:00 PM
Friday: 8:00 AM – 6:00 PM
Saturday: 8:00 AM – 6:00 PM",,,,,,,,,,,,,,,,,,,,,,,,,,,,,
623,Veterinary Hospital Animal Clinic International Inc.,(747) 217-4006,14006 Ventura Blvd,Los Angeles,91423,General Practice,"Tuesday: 9:00 AM – 6:00 PM
Wednesday: 9:00 AM – 6:00 PM
Thursday: 9:00 AM – 6:00 PM
Friday: 9:00 AM – 6:00 PM
Saturday: 9:00 AM – 6:00 PM
Sunday: 9:00 AM – 6:00 PM",,,,,,,,,,,,,,,,,,,,,,,,,,,,,
624,Veterinary Medical Center of Woodland Hills,(818) 225-1661,22544 Ventura Blvd,Los Angeles,91364,General Practice,"Tuesday: 8:00 AM – 6:00 PM
Wednesday: 8:00 AM – 6:00 PM
Thursday: 8:00 AM – 6:00 PM
Friday: 8:00 AM – 6:00 PM
Saturday: 8:00 AM – 6:00 PM
Sunday: 8:00 AM – 1:00 PM",,,,,,,,,,,,,,,,,,,,,,,,,,,,,
625,Veterinary Mobile Services,(818) 878-9599,18601 Oxnard St,Los Angeles,91356,General Practice,"Wednesday: 9:30 AM – 4:00 PM
Thursday: 9:30 AM – 12:30 PM",,,,,,,,,,,,,,,,,,,,,,,,,,,,,
626,Veterinary Skin & Ear,(310) 855-3499,2237 Corinth Ave,Los Angeles,90064,General Practice,"Tuesday: 7:00 AM – 5:00 PM
Wednesday: 7:00 AM – 7:00 PM
Thursday: 7:00 AM – 5:00 PM
Friday: 7:00 AM – 7:00 PM
Saturday: 7:00 AM – 5:00 PM",,,,,,,,,,,,,,,,,,,,,,,,,,,,,
627,Warner Center Pet Clinic,(818) 710-8528,20930 Victory Blvd,Los Angeles,91367,General Practice,"Tuesday: 8:30 AM – 4:00 PM
Wednesday: 8:30 AM – 4:00 PM
Thursday: 8:30 AM – 4:00 PM
Friday: 8:30 AM – 4:00 PM
Saturday: 8:30 AM – 3:00 PM
Sunday: 8:30 AM – 12:00 PM",,,,,,,,,,,,,,,,,,,,,,,,,,,,,
628,West Hills Animal Hospital,(818) 888-8111,6402 Platt Ave,Los Angeles,91307,General Practice,"Tuesday: 7:00 AM – 5:00 PM
Wednesday: 7:00 AM – 5:00 PM
Thursday: 7:00 AM – 5:00 PM
Friday: 7:00 AM – 5:00 PM
Saturday: 7:00 AM – 5:00 PM
Sunday: 9:00 AM – 4:00 PM",,,,,,,,,,,,,,,,,,,,,,,,,,,,,
629,Westchester Veterinary Center and Cat Clinic,(310) 645-4444,8911 S Sepulveda Blvd,Los Angeles,90045,General Practice,"Monday: 8:00 AM – 12:00 PM
Monday: 1:00 PM – 4:00 PM
Tuesday: 8:00 AM – 12:00 PM
Tuesday: 1:00 PM – 6:00 PM
Wednesday: 8:00 AM – 12:00 PM
Wednesday: 1:00 PM – 6:00 PM
Thursday: 8:00 AM – 12:00 PM
Thursday: 1:00 PM – 6:00 PM
Friday: 8:00 AM – 12:00 PM
Friday: 1:00 PM – 6:00 PM
Saturday: 8:00 AM – 12:00 PM
Saturday: 1:00 PM – 6:00 PM
Sunday: 8:00 AM – 12:00 PM
Sunday: 1:00 PM – 4:00 PM",,,,,,,,,,,,,,,,,,,,,,,,,,,,,
630,Western Animal Hospital,(323) 230-3726,1803 S Western Ave,Los Angeles,90006,General Practice,"Monday: 10:00 AM – 2:00 PM
Tuesday: 8:00 AM – 7:00 PM
Wednesday: 8:00 AM – 7:00 PM
Thursday: 8:00 AM – 7:00 PM
Friday: 8:00 AM – 7:00 PM
Saturday: 8:00 AM – 7:00 PM
Sunday: 8:00 AM – 6:00 PM",,,,,,,,,,,,,,,,,,,,,,,,,,,,,
631,Winnetka Animal Clinic,(818) 341-8373,20203 Saticoy St,Los Angeles,91306,General Practice,"Tuesday: 8:00 AM – 5:00 PM
Wednesday: 8:00 AM – 5:00 PM
Thursday: 8:00 AM – 5:00 PM
Friday: 8:00 AM – 5:00 PM
Saturday: 8:00 AM – 5:00 PM
Sunday: 8:00 AM – 1:00 PM",,,,,,,,,,,,,,,,,,,,,,,,,,,,,
632,Woodland Hills Pet Clinic,(818) 222-7387,6200 Variel Ave suite D,Los Angeles,91367,General Practice,"Tuesday: 8:00 AM – 6:00 PM
Wednesday: 8:00 AM – 6:00 PM
Thursday: 8:00 AM – 6:00 PM
Friday: 8:00 AM – 6:00 PM
Saturday: 8:00 AM – 6:00 PM",,,,,,,,,,,,,,,,,,,,,,,,,,,,,
633,Lynwood Dog and Cat Hospital,(323) 694-9335,10300 Long Beach Blvd,Lynwood,90262,General Practice,"Tuesday: 8:00 AM – 12:00 PM
Tuesday: 1:00 PM – 5:00 PM
Wednesday: 8:00 AM – 12:00 PM
Wednesday: 1:00 PM – 5:00 PM
Thursday: 8:00 AM – 12:00 PM
Friday: 8:00 AM – 12:00 PM
Friday: 1:00 PM – 5:00 PM
Saturday: 8:00 AM – 12:00 PM
Saturday: 1:00 PM – 5:00 PM
Sunday: 8:00 AM – 12:00 PM",,,,,,,,,,,,,,,,,,,,,,,,,,,,,
634,Alex Yankopoulos DVM,null,33418 Pacific Coast Hwy,Malibu,90265,General Practice,"Monday: 9:00 AM – 3:00 AM
Tuesday: 9:00 AM – 3:00 PM
Saturday: 9:00 AM – 3:00 PM
Sunday: 9:00 AM – 3:00 PM",,,,,,,,,,,,,,,,,,,,,,,,,,,,,
635,Holistic Veterinary Healthcare,(310) 231-4415,22775 Pacific Coast Hwy,Malibu,90265,General Practice,"Tuesday: 9:00 AM – 4:00 PM
Wednesday: 9:00 AM – 4:00 PM
Thursday: 9:00 AM – 4:00 PM
Friday: 9:00 AM – 4:00 PM",,,,,,,,,,,,,,,,,,,,,,,,,,,,,
636,Malibu Coast Animal Hospital,(310) 317-4560,23431 Pacific Coast Hwy,Malibu,90265,General Practice,"Monday: 8:30 AM – 2:00 PM
Tuesday: 7:30 AM – 6:30 PM
Wednesday: 7:30 AM – 6:30 PM
Thursday: 7:30 AM – 6:30 PM
Friday: 7:30 AM – 6:30 PM
Saturday: 7:30 AM – 6:30 PM
Sunday: 8:30 AM – 2:00 PM",,,,,,,,,,,,,,,,,,,,,,,,,,,,,
637,Malibu Vet Clinic,(310) 457-6453,28990 CA-1 UNIT 103,Malibu,90265,General Practice,"Tuesday: 8:00 AM – 6:00 PM
Wednesday: 8:00 AM – 6:00 PM
Thursday: 8:00 AM – 6:00 PM
Friday: 8:00 AM – 6:00 PM
Saturday: 8:00 AM – 6:00 PM
Sunday: 9:00 AM – 4:00 PM",,,,,,,,,,,,,,,,,,,,,,,,,,,,,
638,Bay Animal Hospital,(323) 638-4479,1801 N Sepulveda Blvd,Manhattan Beach,90266,General Practice,"Tuesday: 7:30 AM – 6:00 PM
Wednesday: 7:30 AM – 6:00 PM
Thursday: 7:30 AM – 6:00 PM
Friday: 7:30 AM – 6:00 PM
Saturday: 7:30 AM – 6:00 PM
Sunday: 7:30 AM – 4:00 PM",,,,,,,,,,,,,,,,,,,,,,,,,,,,,
639,Deborah Robertson,(424) 277-0888,1590 Rosecrans Ave Suite D-314,Manhattan Beach,90266,General Practice,"Tuesday: 9:00 AM – 5:00 PM
Wednesday: 9:00 AM – 5:00 PM
Thursday: 9:00 AM – 5:00 PM
Friday: 9:00 AM – 5:00 PM
Saturday: 9:00 AM – 5:00 PM",,,,,,,,,,,,,,,,,,,,,,,,,,,,,
640,Manhattan Beach Animal Hospital,(310) 536-9654,2705 N Sepulveda Blvd,Manhattan Beach,90266,General Practice,"Tuesday: 7:30 AM – 6:00 PM
Wednesday: 7:30 AM – 6:00 PM
Thursday: 7:30 AM – 6:00 PM
Friday: 7:30 AM – 6:00 PM
Saturday: 7:30 AM – 6:00 PM
Sunday: 8:00 AM – 2:00 PM",,,,,,,,,,,,,,,,,,,,,,,,,,,,,
641,Modern Animal Manhattan Beach,(424) 842-4656,1108 N Sepulveda Blvd,Manhattan Beach,90266,General Practice,"Monday: 8:00 AM – 5:00 PM
Tuesday: 8:00 AM – 6:00 PM
Wednesday: 8:00 AM – 6:00 PM
Thursday: 8:00 AM – 6:00 PM
Friday: 8:00 AM – 6:00 PM
Saturday: 8:00 AM – 6:00 PM
Sunday: 8:00 AM – 6:00 PM",,,,,,,,,,,,,,,,,,,,,,,,,,,,,
642,VCA Animal Medical & Dental Group,(310) 546-5731,1401 N Sepulveda Blvd,Manhattan Beach,90266,General Practice,"Tuesday: 8:00 AM – 6:00 PM
Wednesday: 8:00 AM – 6:00 PM
Thursday: 8:00 AM – 6:00 PM
Friday: 8:00 AM – 6:00 PM
Saturday: 8:00 AM – 6:00 PM
Sunday: 8:00 AM – 6:00 PM",,,,,,,,,,,,,,,,,,,,,,,,,,,,,
643,Burns Cade DVM,(951) 301-0201,28940 Scott Rd,Menifee,92584,General Practice,,,,,,,,,,,,,,,,,,,,,,,,,,,,,,
644,Menifee Animal Hospital,(951) 679-4100,30406 Haun Rd STE 730,Menifee,92584,General Practice,"Tuesday: 8:00 AM – 6:00 PM
Wednesday: 8:00 AM – 6:00 PM
Thursday: 8:00 AM – 6:00 PM
Friday: 8:00 AM – 6:00 PM
Saturday: 8:00 AM – 6:00 PM",,,,,,,,,,,,,,,,,,,,,,,,,,,,,
645,Menifee Valley Animal Clinic,(951) 672-8077,26900 Newport Rd,Menifee,92584,General Practice,"Tuesday: 8:00 AM – 6:00 PM
Wednesday: 8:00 AM – 6:00 PM
Friday: 8:00 AM – 6:00 PM
Saturday: 8:00 AM – 6:00 PM",,,,,,,,,,,,,,,,,,,,,,,,,,,,,
646,Sun City Veterinary Clinic,(951) 672-1802,27994 Bradley Rd STE J,Menifee,92586,General Practice,"Tuesday: 9:00 AM – 5:30 PM
Wednesday: 9:00 AM – 5:30 PM
Thursday: 9:00 AM – 5:30 PM
Saturday: 9:00 AM – 5:30 PM
Sunday: 9:00 AM – 1:00 PM",,,,,,,,,,,,,,,,,,,,,,,,,,,,,
647,Alicia Pet Care Center,(949) 768-1313,25800 Jeronimo Rd Ste. 100,Mission Viejo,92691,General Practice,"Monday: 7:00 AM – 5:00 PM
Tuesday: 7:00 AM – 7:00 PM
Wednesday: 7:00 AM – 7:00 PM
Thursday: 7:00 AM – 7:00 PM
Friday: 7:00 AM – 7:00 PM
Saturday: 7:00 AM – 7:00 PM
Sunday: 7:00 AM – 5:00 PM",,,,,,,,,,,,,,,,,,,,,,,,,,,,,
648,Alisos Animal Hospital,(949) 768-8308,22902 Los Alisos Blvd Unit D,Mission Viejo,92691,General Practice,"Tuesday: 7:00 AM – 6:00 PM
Wednesday: 7:00 AM – 6:00 PM
Thursday: 7:00 AM – 6:00 PM
Friday: 7:00 AM – 6:00 PM
Saturday: 7:00 AM – 6:00 PM
Sunday: 8:00 AM – 2:00 PM",,,,,,,,,,,,,,,,,,,,,,,,,,,,,
649,Animal & Bird Clinic of Mission Viejo,(949) 768-3651,24912 Chrisanta Dr,Mission Viejo,92691,General Practice,"Tuesday: 8:00 AM – 7:00 PM
Wednesday: 8:00 AM – 7:00 PM
Thursday: 8:00 AM – 7:00 PM
Friday: 8:00 AM – 7:00 PM
Saturday: 8:00 AM – 7:00 PM
Sunday: 8:00 AM – 5:00 PM",,,,,,,,,,,,,,,,,,,,,,,,,,,,,
650,Animal Medical Center of Mission Viejo,(949) 768-3300,27230 La Paz Rd A,Mission Viejo,92692,General Practice,"Tuesday: 7:30 AM – 6:00 PM
Wednesday: 7:30 AM – 6:00 PM
Thursday: 7:30 AM – 6:00 PM
Friday: 7:30 AM – 6:00 PM
Saturday: 7:30 AM – 6:00 PM
Sunday: 8:00 AM – 4:00 PM",,,,,,,,,,,,,,,,,,,,,,,,,,,,,
651,Animal Urgent Care of South Orange County,(949) 364-6228,28085 Hillcrest,Mission Viejo,92692,General Practice,Monday: Open 24 hours,,,,,,,,,,,,,,,,,,,,,,,,,,,,,
652,Jeronimo Pet Clinic,(949) 830-7387,25571 Jeronimo Rd #11,Mission Viejo,92691,General Practice,"Tuesday: 8:00 AM – 4:00 PM
Wednesday: 8:00 AM – 4:00 PM
Thursday: 8:00 AM – 4:00 PM
Friday: 8:00 AM – 4:00 PM
Saturday: 8:00 AM – 4:00 PM
Sunday: 2:00 PM – 8:00 PM",,,,,,,,,,,,,,,,,,,,,,,,,,,,,
653,Marguerite Animal Hospital,(949) 245-6098,25106 Marguerite Pkwy STE A,Mission Viejo,92692,General Practice,"Monday: 8:00 AM – 6:00 PM
Tuesday: 8:00 AM – 8:00 PM
Wednesday: 8:00 AM – 8:00 PM
Thursday: 8:00 AM – 8:00 PM
Friday: 8:00 AM – 8:00 PM
Saturday: 8:00 AM – 8:00 PM
Sunday: 8:00 AM – 8:00 PM",,,,,,,,,,,,,,,,,,,,,,,,,,,,,
654,Mission Hills Pet Care Center,(949) 206-1988,25222 Charlinda Dr # C,Mission Viejo,92691,General Practice,"Tuesday: 9:00 AM – 5:00 PM
Wednesday: 9:00 AM – 5:00 PM
Thursday: 9:00 AM – 5:00 PM
Friday: 9:00 AM – 5:00 PM
Saturday: 9:00 AM – 5:00 PM",,,,,,,,,,,,,,,,,,,,,,,,,,,,,
655,Mission Park Pet Hospital,(949) 364-2042,27672 Crown Valley Pkwy,Mission Viejo,92691,General Practice,"Tuesday: 7:00 AM – 6:00 PM
Wednesday: 7:00 AM – 6:00 PM
Thursday: 7:00 AM – 6:00 PM
Friday: 7:00 AM – 6:00 PM
Saturday: 7:00 AM – 6:00 PM
Sunday: 8:00 AM – 12:00 PM",,,,,,,,,,,,,,,,,,,,,,,,,,,,,
656,Mission Viejo Area Veterinarians,(949) 593-2426,27001 La Paz Rd,Mission Viejo,92691,General Practice,Monday: Open 24 hours,,,,,,,,,,,,,,,,,,,,,,,,,,,,,
657,Oso Pet Care Center,(949) 272-2233,26852 Oso Pkwy,Mission Viejo,92691,General Practice,"Tuesday: 8:00 AM – 6:00 PM
Wednesday: 8:00 AM – 6:00 PM
Thursday: 8:00 AM – 6:00 PM
Friday: 8:00 AM – 6:00 PM
Saturday: 8:00 AM – 6:00 PM",,,,,,,,,,,,,,,,,,,,,,,,,,,,,
658,Portola Plaza Veterinary Hospital,(949) 859-2101,27752 Santa Margarita Pkwy,Mission Viejo,92691,General Practice,"Tuesday: 7:00 AM – 5:00 PM
Wednesday: 7:00 AM – 5:00 PM
Thursday: 7:00 AM – 5:00 PM
Friday: 7:00 AM – 5:00 PM
Saturday: 7:00 AM – 5:00 PM
Sunday: 7:00 AM – 12:00 PM",,,,,,,,,,,,,,,,,,,,,,,,,,,,,
659,The Animal Doctors of Mission Viejo,(949) 472-3555,27855 Santa Margarita Pkwy suite g,Mission Viejo,92691,General Practice,,,,,,,,,,,,,,,,,,,,,,,,,,,,,,
660,VCA Olympiad Animal Hospital,(949) 588-9339,23032 Alicia Pkwy Suite A,Mission Viejo,92692,General Practice,"Tuesday: 7:00 AM – 6:00 PM
Wednesday: 7:00 AM – 6:00 PM
Thursday: 7:00 AM – 6:00 PM
Friday: 7:00 AM – 6:00 PM
Saturday: 7:00 AM – 6:00 PM
Sunday: 7:45 AM – 3:00 PM",,,,,,,,,,,,,,,,,,,,,,,,,,,,,
661,Banfield Huntington Veterinary Hospital,(626) 357-2335,535 W Huntington Dr,Monrovia,91016,General Practice,"Tuesday: 8:00 AM – 6:00 PM
Wednesday: 8:00 AM – 6:00 PM
Thursday: 8:00 AM – 6:00 PM
Friday: 8:00 AM – 6:00 PM
Saturday: 8:00 AM – 6:00 PM
Sunday: 8:00 AM – 2:00 PM",,,,,,,,,,,,,,,,,,,,,,,,,,,,,
662,Best Friends Pet Hospital,(626) 359-9193,911 W Foothill Blvd,Monrovia,91016,General Practice,"Tuesday: 8:00 AM – 6:00 PM
Wednesday: 8:00 AM – 6:00 PM
Thursday: 8:00 AM – 6:00 PM
Friday: 8:00 AM – 6:00 PM
Saturday: 8:00 AM – 6:00 PM",,,,,,,,,,,,,,,,,,,,,,,,,,,,,
663,Dr. Domotor's Animal House,(626) 303-7881,135 W Foothill Blvd,Monrovia,91016,General Practice,"Tuesday: 8:00 AM – 6:00 PM
Wednesday: 8:00 AM – 6:00 PM
Thursday: 8:00 AM – 6:00 PM
Friday: 8:00 AM – 6:00 PM
Saturday: 8:00 AM – 6:00 PM
Sunday: 8:00 AM – 4:30 PM",,,,,,,,,,,,,,,,,,,,,,,,,,,,,
664,"Elite Equine Veterinary Services, Inc.",(866) 981-6297,710 S Myrtle Ave,Monrovia,91016,General Practice,"Tuesday: 9:00 AM – 5:00 PM
Wednesday: 9:00 AM – 5:00 PM
Thursday: 9:00 AM – 5:00 PM
Friday: 9:00 AM – 5:00 PM
Saturday: 9:00 AM – 5:00 PM",,,,,,,,,,,,,,,,,,,,,,,,,,,,,
665,Monrovia Animal Medical Center,(626) 358-1146,1128 S Myrtle Ave,Monrovia,91016,General Practice,"Tuesday: 7:30 AM – 5:00 PM
Wednesday: 7:30 AM – 5:00 PM
Thursday: 7:30 AM – 5:00 PM
Friday: 7:30 AM – 5:00 PM
Saturday: 7:30 AM – 5:00 PM
Sunday: 8:00 AM – 12:00 PM",,,,,,,,,,,,,,,,,,,,,,,,,,,,,
666,Pacific Vet Medical Center,(626) 416-4568,535 W Huntington Dr,Monrovia,91016,General Practice,"Tuesday: 8:00 AM – 6:00 PM
Wednesday: 8:00 AM – 6:00 PM
Thursday: 8:00 AM – 6:00 PM
Friday: 8:00 AM – 6:00 PM
Saturday: 8:00 AM – 6:00 PM
Sunday: 8:30 AM – 1:00 PM",,,,,,,,,,,,,,,,,,,,,,,,,,,,,
667,VCA Santa Anita Animal Hospital,(626) 359-3281,245 W Duarte Rd,Monrovia,91016,General Practice,"Tuesday: 8:00 AM – 6:00 PM
Wednesday: 8:00 AM – 6:00 PM
Thursday: 8:00 AM – 6:00 PM
Friday: 8:00 AM – 6:00 PM
Saturday: 8:00 AM – 6:00 PM
Sunday: 8:00 AM – 4:00 PM",,,,,,,,,,,,,,,,,,,,,,,,,,,,,
668,Veterinary Allergy Reference,(626) 357-6304,1240 S Myrtle Ave,Monrovia,91016,General Practice,,,,,,,,,,,,,,,,,,,,,,,,,,,,,,
669,Montebello Veterinary Hospital,(323) 310-5225,2437 W Whittier Blvd,Montebello,90640,General Practice,"Tuesday: 8:00 AM – 5:00 PM
Wednesday: 8:00 AM – 5:00 PM
Thursday: 8:00 AM – 5:00 PM
Friday: 8:00 AM – 5:00 PM
Saturday: 8:00 AM – 5:00 PM
Sunday: 8:00 AM – 5:00 PM",,,,,,,,,,,,,,,,,,,,,,,,,,,,,
670,Atlantic Animal Hospital,(626) 576-0005,500 S Atlantic Blvd,Monterey Park,91754,General Practice,"Tuesday: 8:00 AM – 5:00 PM
Wednesday: 8:00 AM – 5:00 PM
Thursday: 8:00 AM – 5:00 PM
Friday: 8:00 AM – 5:00 PM
Saturday: 8:00 AM – 5:00 PM
Sunday: 8:00 AM – 2:00 PM",,,,,,,,,,,,,,,,,,,,,,,,,,,,,
671,Encanto Animal Hospital,(213) 724-0831,2390 S Garfield Ave,Monterey Park,91754,General Practice,"Tuesday: 8:00 AM – 12:00 PM
Tuesday: 1:00 PM – 5:00 PM
Wednesday: 8:00 AM – 12:00 PM
Wednesday: 1:00 PM – 5:00 PM
Thursday: 8:00 AM – 12:00 PM
Thursday: 1:00 PM – 5:00 PM
Saturday: 8:00 AM – 12:00 PM
Saturday: 1:00 PM – 5:00 PM
Sunday: 8:00 AM – 12:00 PM
Sunday: 1:00 PM – 3:00 PM",,,,,,,,,,,,,,,,,,,,,,,,,,,,,
672,Monterey Park Animal Hospital,(323) 722-9692,2314 S Atlantic Blvd,Monterey Park,91754,General Practice,"Tuesday: 8:00 AM – 7:00 PM
Wednesday: 8:00 AM – 7:00 PM
Thursday: 8:00 AM – 7:00 PM
Friday: 8:00 AM – 7:00 PM
Saturday: 8:00 AM – 7:00 PM
Sunday: 8:00 AM – 3:00 PM",,,,,,,,,,,,,,,,,,,,,,,,,,,,,
673,San Gabriel Animal Hospital,(626) 280-4070,1829 Potrero Grande Dr,Monterey Park,91755,General Practice,"Tuesday: 8:00 AM – 6:00 PM
Wednesday: 8:00 AM – 6:00 PM
Thursday: 8:00 AM – 6:00 PM
Friday: 8:00 AM – 6:00 PM
Saturday: 8:00 AM – 6:00 PM
Sunday: 8:00 AM – 4:00 PM",,,,,,,,,,,,,,,,,,,,,,,,,,,,,
674,Veterinary Healthcare Center,(323) 890-9000,241 W Pomona Blvd,Monterey Park,91754,General Practice,"Tuesday: 8:00 AM – 8:00 PM
Wednesday: 8:00 AM – 8:00 PM
Thursday: 8:00 AM – 8:00 PM
Friday: 8:00 AM – 8:00 PM
Saturday: 8:00 AM – 7:00 PM
Sunday: 9:00 AM – 6:00 PM",,,,,,,,,,,,,,,,,,,,,,,,,,,,,
675,Alessandro Animal Hospital,(951) 656-4455,23932 Alessandro Blvd # B,Moreno Valley,92553,General Practice,"Monday: 9:00 AM – 5:00 PM
Tuesday: 7:30 AM – 6:00 PM
Wednesday: 7:30 AM – 6:00 PM
Thursday: 7:30 AM – 6:00 PM
Friday: 7:30 AM – 6:00 PM
Saturday: 7:30 AM – 6:00 PM
Sunday: 9:00 AM – 5:00 PM",,,,,,,,,,,,,,,,,,,,,,,,,,,,,
676,Moreno Valley Animal Clinic,(951) 257-9311,14041 Elsworth St Entrance B,Moreno Valley,92553,General Practice,"Wednesday: 8:00 AM – 5:00 PM
Thursday: 8:00 AM – 5:00 PM
Friday: 8:00 AM – 5:00 PM
Saturday: 8:00 AM – 5:00 PM
Sunday: 8:00 AM – 4:00 PM",,,,,,,,,,,,,,,,,,,,,,,,,,,,,
677,Sunnymead Animal Hospital,(951) 242-3118,24537 Sunnymead Boulevard,Moreno Valley,92553,General Practice,"Tuesday: 8:00 AM – 6:00 PM
Wednesday: 8:00 AM – 6:00 PM
Thursday: 8:00 AM – 6:00 PM
Friday: 8:00 AM – 6:00 PM
Saturday: 8:00 AM – 6:00 PM",,,,,,,,,,,,,,,,,,,,,,,,,,,,,
678,Sunnymead Veterinary Clinic,(951) 242-4056,24588 Sunnymead Boulevard,Moreno Valley,92553,General Practice,"Tuesday: 8:00 AM – 6:00 PM
Wednesday: 8:00 AM – 6:00 PM
Thursday: 8:00 AM – 6:00 PM
Friday: 8:00 AM – 6:00 PM
Saturday: 8:00 AM – 5:00 PM",,,,,,,,,,,,,,,,,,,,,,,,,,,,,
679,Angel Care Pet Hospital,(951) 679-7755,33050 Antelope Rd #211,Murrieta,92563,General Practice,"Tuesday: 8:00 AM – 6:00 PM
Wednesday: 8:00 AM – 6:00 PM
Thursday: 8:00 AM – 6:00 PM
Friday: 8:00 AM – 6:00 PM
Saturday: 8:00 AM – 6:00 PM",,,,,,,,,,,,,,,,,,,,,,,,,,,,,
680,Hot Springs Animal Hospital,(951) 600-0830,40165 Murrieta Hot Springs Rd STE L,Murrieta,92563,General Practice,"Monday: 9:00 AM – 6:00 PM
Tuesday: 9:00 AM – 8:00 PM
Wednesday: 9:00 AM – 8:00 PM
Thursday: 9:00 AM – 8:00 PM
Friday: 9:00 AM – 8:00 PM
Saturday: 9:00 AM – 8:00 PM
Sunday: 9:00 AM – 6:00 PM",,,,,,,,,,,,,,,,,,,,,,,,,,,,,
681,Meadowridge Animal Hospital,(951) 698-7387,25182 Hancock Ave,Murrieta,92562,General Practice,"Tuesday: 8:00 AM – 6:00 PM
Wednesday: 8:00 AM – 6:00 PM
Thursday: 8:00 AM – 6:00 PM
Friday: 8:00 AM – 6:00 PM
Saturday: 8:00 AM – 6:00 PM",,,,,,,,,,,,,,,,,,,,,,,,,,,,,
682,Mindful Maine Coon,(951) 290-2885,20660 Dawn Ct,Murrieta,92562,General Practice,,,,,,,,,,,,,,,,,,,,,,,,,,,,,,
683,Murrieta Animal Hospital,(951) 677-6770,25095 Jefferson Ave STE 101,Murrieta,92562,General Practice,"Tuesday: 8:00 AM – 6:00 PM
Wednesday: 8:00 AM – 6:00 PM
Thursday: 8:00 AM – 6:00 PM
Friday: 8:00 AM – 6:00 PM
Saturday: 8:00 AM – 6:00 PM
Sunday: 8:00 AM – 5:00 PM",,,,,,,,,,,,,,,,,,,,,,,,,,,,,
684,Murrieta Family Pet Hospital,(951) 595-7754,23771 Washington Ave #105,Murrieta,92562,General Practice,"Tuesday: 9:00 AM – 6:00 PM
Wednesday: 9:00 AM – 6:00 PM
Thursday: 9:00 AM – 6:00 PM
Friday: 9:00 AM – 6:00 PM
Saturday: 9:00 AM – 6:00 PM",,,,,,,,,,,,,,,,,,,,,,,,,,,,,
685,Murrieta Oaks Veterinary Hospital,(951) 677-7007,40484 Murrieta Hot Springs Rd STE 101,Murrieta,92563,General Practice,"Tuesday: 8:00 AM – 6:00 PM
Wednesday: 8:00 AM – 6:00 PM
Thursday: 8:00 AM – 6:00 PM
Friday: 8:00 AM – 6:00 PM
Saturday: 8:00 AM – 6:00 PM
Sunday: 8:00 AM – 5:00 PM",,,,,,,,,,,,,,,,,,,,,,,,,,,,,
686,Old Town Veterinary Hospital,(951) 698-3200,41891 Kalmia St STE C,Murrieta,92562,General Practice,"Tuesday: 8:00 AM – 6:00 PM
Wednesday: 8:00 AM – 6:00 PM
Thursday: 8:00 AM – 6:00 PM
Friday: 8:00 AM – 6:00 PM
Saturday: 8:00 AM – 6:00 PM",,,,,,,,,,,,,,,,,,,,,,,,,,,,,
687,"Pet Wellness Center, Veterinarian",(951) 473-2227,23644 Clinton Keith Rd,Murrieta,92562,General Practice,"Tuesday: 9:00 AM – 11:00 PM
Wednesday: 9:00 AM – 11:00 PM
Thursday: 9:00 AM – 11:00 PM
Friday: 9:00 AM – 11:00 PM
Saturday: 9:00 AM – 11:00 PM
Sunday: 9:00 AM – 4:00 PM",,,,,,,,,,,,,,,,,,,,,,,,,,,,,
688,Serenity Holistic Vet,(951) 758-8365,41667 Ivy St e,Murrieta,92562,General Practice,"Wednesday: 10:30 AM – 2:00 PM
Thursday: 10:30 AM – 1:00 PM
Friday: 9:30 AM – 2:00 PM",,,,,,,,,,,,,,,,,,,,,,,,,,,,,
689,Sky Canyon Animal Hospital- Murrieta,(951) 461-4100,39112 Winchester Rd,Murrieta,92563,General Practice,"Tuesday: 8:00 AM – 6:00 PM
Wednesday: 8:00 AM – 6:00 PM
Thursday: 8:00 AM – 6:00 PM
Friday: 8:00 AM – 6:00 PM
Saturday: 8:00 AM – 6:00 PM
Sunday: 8:00 AM – 4:00 PM",,,,,,,,,,,,,,,,,,,,,,,,,,,,,
690,SoCal Pet Hospital,(951) 228-7182,25100 Hancock Ave #114,Murrieta,92562,General Practice,"Tuesday: 8:00 AM – 7:00 PM
Wednesday: 8:00 AM – 7:00 PM
Thursday: 8:00 AM – 7:00 PM
Friday: 8:00 AM – 7:00 PM
Saturday: 8:00 AM – 7:00 PM",,,,,,,,,,,,,,,,,,,,,,,,,,,,,
691,Temecula Valley Animal Hospital,(951) 200-3877,26612 Margarita Rd #104,Murrieta,92563,General Practice,"Tuesday: 9:00 AM – 6:00 PM
Wednesday: 9:00 AM – 6:00 PM
Thursday: 9:00 AM – 6:00 PM
Friday: 9:00 AM – 6:00 PM
Saturday: 9:00 AM – 6:00 PM",,,,,,,,,,,,,,,,,,,,,,,,,,,,,
692,VCA California Oaks Animal Hospital,(951) 698-8919,40575 California Oaks Rd D7,Murrieta,92562,General Practice,"Tuesday: 7:00 AM – 6:00 PM
Wednesday: 7:00 AM – 6:00 PM
Thursday: 7:00 AM – 6:00 PM
Friday: 7:00 AM – 6:00 PM
Saturday: 7:00 AM – 6:00 PM
Sunday: 7:00 AM – 6:00 PM",,,,,,,,,,,,,,,,,,,,,,,,,,,,,
693,VCA California Veterinary Specialists-Murrieta,(951) 600-9803,39809 Avenida Acacias STE E,Murrieta,92563,General Practice,Monday: Open 24 hours,,,,,,,,,,,,,,,,,,,,,,,,,,,,,
694,Plaza Boulevard Pet Hospital,(619) 267-8200,2415 E Plaza Blvd,National City,91950,General Practice,"Tuesday: 7:30 AM – 6:00 PM
Wednesday: 7:30 AM – 6:00 PM
Thursday: 7:30 AM – 6:00 PM
Friday: 7:30 AM – 6:00 PM
Saturday: 7:30 AM – 6:00 PM",,,,,,,,,,,,,,,,,,,,,,,,,,,,,
695,Back Bay Veterinary Hospital,(949) 756-0554,4263 Birch St,Newport Beach,92660,General Practice,"Tuesday: 7:00 AM – 5:30 PM
Wednesday: 7:00 AM – 5:30 PM
Thursday: 7:00 AM – 5:30 PM
Friday: 7:00 AM – 5:30 PM
Saturday: 7:00 AM – 5:30 PM
Sunday: 8:00 AM – 4:00 PM",,,,,,,,,,,,,,,,,,,,,,,,,,,,,
696,Central Orange County Emergency Animal Hospital,(949) 261-7979,3720 Campus Dr suite d,Newport Beach,92660,General Practice,Monday: Open 24 hours,,,,,,,,,,,,,,,,,,,,,,,,,,,,,
697,Corona del Mar Animal Hospital,(949) 644-8160,2948 East Coast Hwy,Newport Beach,92625,General Practice,"Tuesday: 7:00 AM – 5:30 PM
Wednesday: 7:00 AM – 5:30 PM
Thursday: 7:00 AM – 5:30 PM
Friday: 7:00 AM – 5:30 PM
Saturday: 7:00 AM – 5:30 PM
Sunday: 7:00 AM – 1:00 PM",,,,,,,,,,,,,,,,,,,,,,,,,,,,,
698,Lido Animal Hospital,(949) 675-4800,2915 Newport Blvd,Newport Beach,92663,General Practice,"Tuesday: 8:00 AM – 6:00 PM
Wednesday: 8:00 AM – 6:00 PM
Thursday: 8:00 AM – 6:00 PM
Friday: 8:00 AM – 6:00 PM
Saturday: 8:00 AM – 6:00 PM",,,,,,,,,,,,,,,,,,,,,,,,,,,,,
699,Mariners Mile Pet Clinic,(949) 515-0991,2630 Avon St,Newport Beach,92663,General Practice,"Tuesday: 8:00 AM – 5:00 PM
Wednesday: 8:00 AM – 5:00 PM
Thursday: 8:00 AM – 5:00 PM
Friday: 8:00 AM – 5:00 PM
Saturday: 8:00 AM – 5:00 PM
Sunday: 8:00 AM – 3:00 PM",,,,,,,,,,,,,,,,,,,,,,,,,,,,,
700,Newport Animal Hospital,(949) 706-8380,21157 Newport Coast Dr,Newport Beach,92657,General Practice,"Tuesday: 8:00 AM – 6:00 PM
Wednesday: 8:00 AM – 6:00 PM
Thursday: 8:00 AM – 6:00 PM
Friday: 8:00 AM – 6:00 PM
Saturday: 8:00 AM – 6:00 PM
Sunday: 8:00 AM – 3:00 PM",,,,,,,,,,,,,,,,,,,,,,,,,,,,,
701,Newport Beach Veterinary Hospital,(949) 722-8152,1610 West Coast Hwy,Newport Beach,92663,General Practice,"Tuesday: 8:00 AM – 5:00 PM
Wednesday: 8:00 AM – 6:00 PM
Thursday: 8:00 AM – 6:00 PM
Friday: 8:00 AM – 6:00 PM
Saturday: 8:00 AM – 6:00 PM
Sunday: 8:00 AM – 6:00 PM",,,,,,,,,,,,,,,,,,,,,,,,,,,,,
702,Newport Hills Animal Hospital,(949) 759-1911,2670 San Miguel Dr,Newport Beach,92660,General Practice,"Monday: 9:00 AM – 4:00 PM
Tuesday: 7:00 AM – 6:00 PM
Wednesday: 7:00 AM – 6:00 PM
Thursday: 7:00 AM – 6:00 PM
Friday: 7:00 AM – 6:00 PM
Saturday: 7:00 AM – 6:00 PM
Sunday: 8:00 AM – 3:00 PM",,,,,,,,,,,,,,,,,,,,,,,,,,,,,
703,UrbanVet,(949) 520-7440,1220 Bison Ave A7,Newport Beach,92660,General Practice,"Tuesday: 9:00 AM – 5:00 PM
Wednesday: 9:00 AM – 5:00 PM
Thursday: 9:00 AM – 5:00 PM
Friday: 9:00 AM – 5:00 PM
Saturday: 9:00 AM – 5:00 PM",,,,,,,,,,,,,,,,,,,,,,,,,,,,,
704,Animal Care Services,(951) 371-7120,3119 Hamner Ave,Norco,92860,General Practice,"Tuesday: 8:00 AM – 6:00 PM
Wednesday: 8:00 AM – 6:00 PM
Thursday: 8:00 AM – 6:00 PM
Friday: 8:00 AM – 6:00 PM
Saturday: 8:00 AM – 6:00 PM
Sunday: 8:00 AM – 2:00 PM",,,,,,,,,,,,,,,,,,,,,,,,,,,,,
705,Atlas Pet Hospital,(951) 737-1242,1560 Hamner Ave,Norco,92860,General Practice,"Tuesday: 8:00 AM – 9:00 PM
Wednesday: 8:00 AM – 9:00 PM
Thursday: 8:00 AM – 9:00 PM
Friday: 8:00 AM – 9:00 PM
Saturday: 8:00 AM – 7:00 PM
Sunday: 8:00 AM – 7:00 PM",,,,,,,,,,,,,,,,,,,,,,,,,,,,,
706,Dog Tired Inn,(951) 808-6125,3119 Hamner Ave,Norco,92860,General Practice,"Monday: 9:00 AM – 4:30 PM
Tuesday: 9:00 AM – 4:30 PM
Wednesday: 9:00 AM – 4:30 PM
Thursday: 9:00 AM – 4:30 PM
Friday: 9:00 AM – 4:30 PM
Saturday: 9:00 AM – 4:30 PM
Sunday: 9:00 AM – 4:30 PM",,,,,,,,,,,,,,,,,,,,,,,,,,,,,
707,Norco Animal Hospital at SoCalVetGroup,(951) 736-1917,892 Sixth St,Norco,92860,General Practice,"Monday: 7:00 AM – 8:00 PM
Tuesday: 7:00 AM – 10:00 PM
Wednesday: 7:00 AM – 10:00 PM
Thursday: 7:00 AM – 10:00 PM
Friday: 7:00 AM – 10:00 PM
Saturday: 7:00 AM – 10:00 PM
Sunday: 7:00 AM – 8:00 PM",,,,,,,,,,,,,,,,,,,,,,,,,,,,,
708,SoCal Equine Hospital,(951) 737-1615,875 Sixth St,Norco,92860,General Practice,"Tuesday: 9:00 AM – 4:30 PM
Wednesday: 9:00 AM – 4:30 PM
Thursday: 9:00 AM – 4:30 PM
Friday: 9:00 AM – 4:30 PM
Saturday: 9:00 AM – 4:30 PM",,,,,,,,,,,,,,,,,,,,,,,,,,,,,
709,The Critter Care Center,(951) 406-2127,2440 River Rd #130,Norco,92860,General Practice,"Tuesday: 8:00 AM – 6:00 PM
Wednesday: 8:00 AM – 6:00 PM
Thursday: 8:00 AM – 6:00 PM
Friday: 8:00 AM – 6:00 PM
Saturday: 8:00 AM – 6:00 PM
Sunday: 9:00 AM – 12:00 PM",,,,,,,,,,,,,,,,,,,,,,,,,,,,,
710,After Hours Animal Hospital,(562) 409-1011,11266 Firestone Blvd,Norwalk,90650,General Practice,"Monday: 9:00 AM – 7:00 PM
Tuesday: 9:00 AM – 9:00 PM
Wednesday: 9:00 AM – 9:00 PM
Thursday: 9:00 AM – 9:00 PM
Friday: 9:00 AM – 9:00 PM
Saturday: 9:00 AM – 9:00 PM
Sunday: 9:00 AM – 7:00 PM",,,,,,,,,,,,,,,,,,,,,,,,,,,,,
711,AM PM Ideal Pet Care,(562) 282-9639,13220 San Antonio Dr,Norwalk,90650,General Practice,"Monday: 10:00 AM – 10:00 PM
Tuesday: 9:00 AM – 12:00 AM
Wednesday: 9:00 AM – 12:00 AM
Thursday: 9:00 AM – 12:00 AM
Friday: 9:00 AM – 12:00 AM
Saturday: 9:00 AM – 12:00 AM
Sunday: 9:00 AM – 12:00 AM",,,,,,,,,,,,,,,,,,,,,,,,,,,,,
712,"Crossroads Animal Emergency (Norwalk), A Thrive Pet Healthcare Partner",(562) 863-2522,11057 Rosecrans Ave,Norwalk,90650,General Practice,Monday: Open 24 hours,,,,,,,,,,,,,,,,,,,,,,,,,,,,,
713,JH Animal Hospital,(562) 406-7500,10945 Alondra Blvd,Norwalk,90650,General Practice,"Tuesday: 9:00 AM – 5:00 PM
Wednesday: 9:00 AM – 5:00 PM
Thursday: 9:00 AM – 5:00 PM
Saturday: 9:00 AM – 5:00 PM
Sunday: 9:00 AM – 1:00 PM",,,,,,,,,,,,,,,,,,,,,,,,,,,,,
714,Norwalk Animal Hospital,(562) 386-8873,11834 Firestone Blvd,Norwalk,90650,General Practice,"Tuesday: 8:30 AM – 4:30 PM
Wednesday: 8:30 AM – 4:30 PM
Thursday: 8:30 AM – 4:30 PM
Friday: 8:30 AM – 4:30 PM
Saturday: 8:30 AM – 4:30 PM",,,,,,,,,,,,,,,,,,,,,,,,,,,,,
715,College Pet Clinic,(760) 631-2080,475 College Blvd,Oceanside,92057,General Practice,"Tuesday: 8:00 AM – 6:00 PM
Wednesday: 8:00 AM – 6:00 PM
Thursday: 8:00 AM – 6:00 PM
Friday: 8:00 AM – 6:00 PM
Saturday: 8:00 AM – 6:00 PM
Sunday: 8:00 AM – 12:00 PM",,,,,,,,,,,,,,,,,,,,,,,,,,,,,
716,Dorado Animal Hospital & Surgical Center,(760) 730-6626,3502 College Blvd Suite A,Oceanside,92056,General Practice,"Wednesday: 8:00 AM – 6:00 PM
Thursday: 8:00 AM – 6:00 PM
Friday: 8:00 AM – 6:00 PM
Saturday: 8:00 AM – 6:00 PM
Sunday: 8:00 AM – 4:00 PM",,,,,,,,,,,,,,,,,,,,,,,,,,,,,
717,Fire Mountain Veterinary Hospital,(760) 757-7557,613 Crouch St,Oceanside,92054,General Practice,"Tuesday: 8:00 AM – 6:00 PM
Wednesday: 8:00 AM – 6:00 PM
Thursday: 8:00 AM – 6:00 PM
Friday: 8:00 AM – 6:00 PM
Saturday: 8:00 AM – 6:00 PM
Sunday: 8:00 AM – 4:00 PM",,,,,,,,,,,,,,,,,,,,,,,,,,,,,
718,Lifeline Animal Urgent Care,(760) 231-5454,1024 S Coast Hwy,Oceanside,92054,General Practice,"Monday: 12:00 PM – 10:00 PM
Tuesday: 12:00 PM – 10:00 PM
Wednesday: 12:00 PM – 10:00 PM
Thursday: 12:00 PM – 10:00 PM
Friday: 12:00 PM – 10:00 PM
Saturday: 12:00 PM – 10:00 PM
Sunday: 12:00 PM – 10:00 PM",,,,,,,,,,,,,,,,,,,,,,,,,,,,,
719,Neighborhood Veterinary Hospital of Oceanside,(760) 517-7060,215 S Coast Hwy #101,Oceanside,92054,General Practice,"Tuesday: 8:00 AM – 6:00 PM
Wednesday: 8:00 AM – 6:00 PM
Thursday: 8:00 AM – 6:00 PM
Friday: 8:00 AM – 6:00 PM
Saturday: 8:00 AM – 6:00 PM",,,,,,,,,,,,,,,,,,,,,,,,,,,,,
720,North County Cat Hospital,(760) 758-6228,4225 Oceanside Blvd # U,Oceanside,92056,General Practice,"Tuesday: 8:00 AM – 6:00 PM
Wednesday: 8:00 AM – 6:00 PM
Thursday: 8:00 AM – 6:00 PM
Friday: 8:00 AM – 6:00 PM
Saturday: 9:00 AM – 12:00 PM",,,,,,,,,,,,,,,,,,,,,,,,,,,,,
721,Oceanside Veterinary Hospital,(760) 757-1571,2960 San Luis Rey Rd,Oceanside,92058,General Practice,"Tuesday: 8:00 AM – 6:00 PM
Wednesday: 8:00 AM – 6:00 PM
Thursday: 8:00 AM – 6:00 PM
Friday: 8:00 AM – 6:00 PM
Saturday: 8:00 AM – 6:00 PM
Sunday: 8:00 AM – 4:00 PM",,,,,,,,,,,,,,,,,,,,,,,,,,,,,
722,Ranch House Veterinary Services,(760) 967-4877,1619 Laurel Rd,Oceanside,92054,General Practice,"Tuesday: 7:00 AM – 7:00 PM
Wednesday: 7:00 AM – 7:00 PM
Thursday: 7:00 AM – 7:00 PM
Friday: 7:00 AM – 7:00 PM
Saturday: 7:00 AM – 7:00 PM
Sunday: 7:00 AM – 7:00 PM",,,,,,,,,,,,,,,,,,,,,,,,,,,,,
723,Rancho Del Oro Veterinary Hospital Inc.,(760) 945-0606,1646 Ord Way,Oceanside,92056,General Practice,"Tuesday: 7:30 AM – 6:00 PM
Wednesday: 7:30 AM – 6:00 PM
Thursday: 8:00 AM – 4:00 PM
Friday: 7:30 AM – 6:00 PM
Saturday: 7:30 AM – 6:00 PM
Sunday: 8:00 AM – 2:00 PM",,,,,,,,,,,,,,,,,,,,,,,,,,,,,
724,Surfside Animal Hospital,(760) 439-5500,3876 Mission Ave,Oceanside,92058,General Practice,"Tuesday: 8:00 AM – 6:00 PM
Wednesday: 8:00 AM – 6:00 PM
Thursday: 8:00 AM – 6:00 PM
Friday: 8:00 AM – 6:00 PM
Saturday: 8:00 AM – 6:00 PM
Sunday: 8:00 AM – 6:00 PM",,,,,,,,,,,,,,,,,,,,,,,,,,,,,
725,Temple Heights Animal Hospital,(760) 630-3590,4750 Oceanside Blvd a2,Oceanside,92056,General Practice,"Tuesday: 8:00 AM – 6:00 PM
Wednesday: 8:00 AM – 6:00 PM
Thursday: 8:00 AM – 6:00 PM
Friday: 8:00 AM – 6:00 PM
Saturday: 8:00 AM – 6:00 PM",,,,,,,,,,,,,,,,,,,,,,,,,,,,,
726,VCA Mission Animal and Bird Hospital,(760) 433-3763,655 Benet Rd,Oceanside,92058,General Practice,"Monday: 7:30 AM – 6:30 PM
Tuesday: 7:30 AM – 6:30 PM
Wednesday: 7:30 AM – 6:30 PM
Thursday: 7:30 AM – 6:30 PM
Friday: 7:30 AM – 6:30 PM
Saturday: 7:30 AM – 6:30 PM
Sunday: 7:30 AM – 6:30 PM",,,,,,,,,,,,,,,,,,,,,,,,,,,,,
727,Veterinary Services Camp Pendleton Branch,(760) 725-3439,16090 4th St,Oceanside,92055,General Practice,"Tuesday: 8:00 AM – 12:00 PM
Tuesday: 1:00 PM – 4:00 PM
Wednesday: 8:00 AM – 12:00 PM
Wednesday: 1:00 PM – 4:00 PM
Thursday: 8:00 AM – 12:00 PM
Thursday: 1:00 PM – 4:00 PM
Saturday: 8:00 AM – 12:00 PM
Saturday: 1:00 PM – 4:00 PM",,,,,,,,,,,,,,,,,,,,,,,,,,,,,
728,A R Animal Hospital,(909) 923-5400,3085 S Archibald Ave # D,Ontario,91761,General Practice,"Tuesday: 8:00 AM – 6:00 PM
Wednesday: 9:00 AM – 6:00 PM
Thursday: 8:00 AM – 6:00 PM
Friday: 8:00 AM – 6:00 PM
Saturday: 8:00 AM – 6:00 PM
Sunday: 9:00 AM – 4:00 PM",,,,,,,,,,,,,,,,,,,,,,,,,,,,,
729,Euclid Veterinary Hospital,(909) 591-4706,13525 Euclid Ave,Ontario,91762,General Practice,"Tuesday: 9:00 AM – 6:00 PM
Wednesday: 9:00 AM – 6:00 PM
Thursday: 9:00 AM – 6:00 PM
Friday: 9:00 AM – 6:00 PM
Saturday: 9:00 AM – 6:00 PM
Sunday: 9:00 AM – 6:00 PM",,,,,,,,,,,,,,,,,,,,,,,,,,,,,
730,Euclid-Walnut Pet Clinic,(909) 983-2119,2521 S Euclid Ave,Ontario,91761,General Practice,"Tuesday: 9:30 AM – 12:00 PM
Tuesday: 4:00 PM – 5:30 PM
Wednesday: 9:30 AM – 12:00 PM
Wednesday: 4:00 PM – 5:30 PM
Friday: 9:30 AM – 12:00 PM
Friday: 4:00 PM – 5:30 PM
Saturday: 9:30 AM – 12:00 PM
Saturday: 4:00 PM – 5:30 PM
Sunday: 9:30 AM – 2:00 PM",,,,,,,,,,,,,,,,,,,,,,,,,,,,,
731,Inland Animal Hospital,(909) 947-4040,2417 S Grove Ave,Ontario,91761,General Practice,"Tuesday: 8:00 AM – 6:00 PM
Wednesday: 8:00 AM – 6:00 PM
Thursday: 8:00 AM – 6:00 PM
Friday: 8:00 AM – 4:00 PM
Saturday: 8:00 AM – 6:00 PM
Sunday: 8:00 AM – 12:00 PM",,,,,,,,,,,,,,,,,,,,,,,,,,,,,
732,Mountain Avenue Animal Hospital,(909) 986-4548,1155 N Mountain Ave,Ontario,91762,General Practice,"Tuesday: 8:00 AM – 6:00 PM
Wednesday: 8:00 AM – 6:00 PM
Thursday: 8:00 AM – 6:00 PM
Friday: 8:00 AM – 6:00 PM
Saturday: 8:00 AM – 6:00 PM
Sunday: 8:00 AM – 1:00 PM",,,,,,,,,,,,,,,,,,,,,,,,,,,,,
733,New Haven Animal Hospital,(909) 235-4992,3450 Ontario Ranch Rd Suite #6,Ontario,91761,General Practice,"Tuesday: 9:00 AM – 6:00 PM
Wednesday: 9:00 AM – 6:00 PM
Thursday: 9:00 AM – 6:00 PM
Friday: 9:00 AM – 6:00 PM
Saturday: 9:00 AM – 6:00 PM
Sunday: 8:30 AM – 4:00 PM",,,,,,,,,,,,,,,,,,,,,,,,,,,,,
734,Ontario Spay and Neuter,(844) 676-7387,750 N Archibald Ave,Ontario,91764,General Practice,"Wednesday: 9:30 AM – 5:00 PM
Thursday: 9:30 AM – 5:00 PM
Friday: 9:30 AM – 5:00 PM
Saturday: 9:30 AM – 5:00 PM
Sunday: 9:30 AM – 5:00 PM",,,,,,,,,,,,,,,,,,,,,,,,,,,,,
735,Ontario Veterinarian,(909) 415-3210,1620 Fremont Ct,Ontario,91761,General Practice,"Monday: 9:00 AM – 4:00 PM
Tuesday: 8:00 AM – 6:00 PM
Wednesday: 8:00 AM – 6:00 PM
Thursday: 8:00 AM – 6:00 PM
Friday: 8:00 AM – 6:00 PM
Saturday: 8:00 AM – 6:00 PM
Sunday: 8:00 AM – 5:00 PM",,,,,,,,,,,,,,,,,,,,,,,,,,,,,
736,Ontario Veterinary Hospital,(909) 984-2211,121 East E Street,Ontario,91764,General Practice,"Tuesday: 8:00 AM – 6:00 PM
Wednesday: 8:00 AM – 6:00 PM
Thursday: 8:00 AM – 6:00 PM
Friday: 8:00 AM – 6:00 PM
Saturday: 8:00 AM – 6:00 PM",,,,,,,,,,,,,,,,,,,,,,,,,,,,,
737,VCA California Veterinary Specialists-Ontario,(909) 947-3600,2409 S Vineyard Ave Suite O,Ontario,91761,General Practice,Monday: Open 24 hours,,,,,,,,,,,,,,,,,,,,,,,,,,,,,
738,Affordable Animal Hospital of Orange,(714) 637-3660,1826 N Tustin St,Orange,92865,General Practice,"Tuesday: 8:30 AM – 5:00 PM
Wednesday: 8:30 AM – 5:00 PM
Thursday: 9:00 AM – 5:00 PM
Friday: 8:30 AM – 5:00 PM
Saturday: 8:30 AM – 5:00 PM",,,,,,,,,,,,,,,,,,,,,,,,,,,,,
739,Animal Medical Center of Orange,(714) 997-3686,1330 N Glassell St Suite M,Orange,92867,General Practice,"Tuesday: 8:00 AM – 6:00 PM
Wednesday: 8:00 AM – 6:00 PM
Thursday: 8:00 AM – 6:00 PM
Friday: 8:00 AM – 6:00 PM
Saturday: 8:00 AM – 6:00 PM",,,,,,,,,,,,,,,,,,,,,,,,,,,,,
740,Bird Clinic,(714) 633-2910,200 S Tustin St STE E,Orange,92866,General Practice,"Tuesday: 8:00 AM – 5:00 PM
Wednesday: 8:00 AM – 5:00 PM
Thursday: 8:00 AM – 5:00 PM
Saturday: 8:00 AM – 5:00 PM
Sunday: 8:00 AM – 2:00 PM",,,,,,,,,,,,,,,,,,,,,,,,,,,,,
741,East Chapman Veterinary Center,(714) 633-9780,4250 E Chapman Ave,Orange,92869,General Practice,"Tuesday: 8:00 AM – 6:00 PM
Wednesday: 8:00 AM – 6:00 PM
Thursday: 8:00 AM – 6:00 PM
Friday: 8:00 AM – 6:00 PM
Saturday: 8:00 AM – 6:00 PM",,,,,,,,,,,,,,,,,,,,,,,,,,,,,
742,Lee Animal Hospital of Orange County - Walk-Ins Welcome!,(657) 656-3404,3035 E Chapman Ave,Orange,92869,General Practice,"Tuesday: 9:00 AM – 12:00 PM
Tuesday: 2:30 PM – 5:00 PM
Wednesday: 9:00 AM – 12:00 PM
Wednesday: 2:30 PM – 5:00 PM
Thursday: 9:00 AM – 12:00 PM
Thursday: 2:30 PM – 5:00 PM
Friday: 9:00 AM – 12:00 PM
Friday: 2:30 PM – 5:00 PM
Saturday: 9:00 AM – 12:00 PM
Saturday: 2:30 PM – 5:00 PM",,,,,,,,,,,,,,,,,,,,,,,,,,,,,
743,Nohl Ranch Animal Hospital,(714) 921-2495,735 E Lincoln Ave,Orange,92865,General Practice,"Tuesday: 8:00 AM – 6:00 PM
Wednesday: 8:00 AM – 6:00 PM
Thursday: 8:00 AM – 6:00 PM
Friday: 8:00 AM – 6:00 PM
Saturday: 8:00 AM – 6:00 PM
Sunday: 8:00 AM – 5:00 PM",,,,,,,,,,,,,,,,,,,,,,,,,,,,,
744,OC Veterinary Medical Center,(714) 633-3323,200 S Tustin St B,Orange,92866,General Practice,"Tuesday: 7:00 AM – 6:00 PM
Wednesday: 7:00 AM – 6:00 PM
Thursday: 7:00 AM – 6:00 PM
Friday: 7:00 AM – 6:00 PM
Saturday: 7:00 AM – 6:00 PM
Sunday: 7:00 AM – 3:00 PM",,,,,,,,,,,,,,,,,,,,,,,,,,,,,
745,Orange Canyon Pet Clinic,(714) 633-4496,7614 E Chapman Ave,Orange,92869,General Practice,"Tuesday: 7:30 AM – 5:00 PM
Wednesday: 7:30 AM – 5:00 PM
Thursday: 7:30 AM – 5:00 PM
Friday: 7:30 AM – 5:00 PM
Saturday: 7:30 AM – 5:00 PM
Sunday: 7:30 AM – 1:00 PM",,,,,,,,,,,,,,,,,,,,,,,,,,,,,
746,Orange Friendly Animal Hospital,(714) 497-3996,3208 E Chapman Ave,Orange,92869,General Practice,"Monday: 8:00 AM – 8:00 PM
Wednesday: 8:00 AM – 8:00 PM
Thursday: 8:00 AM – 8:00 PM
Friday: 8:00 AM – 8:00 PM
Saturday: 8:00 AM – 8:00 PM
Sunday: 8:00 AM – 8:00 PM",,,,,,,,,,,,,,,,,,,,,,,,,,,,,
747,Orange Hill Veterinary Hospital,(714) 639-6100,4750 E Chapman Ave,Orange,92869,General Practice,"Tuesday: 8:00 AM – 6:00 PM
Wednesday: 8:00 AM – 6:00 PM
Thursday: 8:00 AM – 6:00 PM
Friday: 8:00 AM – 6:00 PM
Saturday: 8:00 AM – 6:00 PM
Sunday: 9:00 AM – 2:00 PM",,,,,,,,,,,,,,,,,,,,,,,,,,,,,
748,Orange Pet Clinic,(714) 771-3870,811 E Katella Ave,Orange,92867,General Practice,"Tuesday: 8:00 AM – 6:00 PM
Wednesday: 8:00 AM – 6:00 PM
Thursday: 8:00 AM – 6:00 PM
Friday: 8:00 AM – 6:00 PM
Saturday: 8:00 AM – 6:00 PM
Sunday: 8:00 AM – 2:00 PM",,,,,,,,,,,,,,,,,,,,,,,,,,,,,
749,Orange-Olive Animal Hospital,(714) 998-1510,2187 N Orange Olive Rd,Orange,92865,General Practice,"Tuesday: 8:00 AM – 5:00 PM
Wednesday: 8:00 AM – 5:00 PM
Thursday: 8:00 AM – 5:00 PM
Friday: 8:00 AM – 5:00 PM
Saturday: 8:00 AM – 5:00 PM",,,,,,,,,,,,,,,,,,,,,,,,,,,,,
750,Orange-Tustin Animal Hospital,(714) 532-6588,981 N Tustin St,Orange,92867,General Practice,"Tuesday: 8:00 AM – 4:30 PM
Wednesday: 8:00 AM – 4:30 PM
Thursday: 8:00 AM – 4:30 PM
Saturday: 8:00 AM – 4:30 PM
Sunday: 8:30 AM – 2:00 PM",,,,,,,,,,,,,,,,,,,,,,,,,,,,,
751,Riverdale Animal Hospital,(714) 998-9110,128 East Riverdale Ave,Orange,92865,General Practice,"Tuesday: 8:00 AM – 5:00 PM
Wednesday: 8:00 AM – 5:00 PM
Thursday: 8:00 AM – 2:00 PM
Friday: 8:00 AM – 5:00 PM
Saturday: 8:00 AM – 5:00 PM
Sunday: 8:00 AM – 2:00 PM",,,,,,,,,,,,,,,,,,,,,,,,,,,,,
752,The Cat Care Clinic,(714) 282-2287,2638 N Tustin St,Orange,92865,General Practice,"Tuesday: 7:00 AM – 6:00 PM
Wednesday: 7:00 AM – 6:00 PM
Thursday: 7:00 AM – 6:00 PM
Friday: 7:00 AM – 6:00 PM
Saturday: 7:00 AM – 6:00 PM
Sunday: 7:30 AM – 4:00 PM",,,,,,,,,,,,,,,,,,,,,,,,,,,,,
753,VCA Orange Animal Hospital,(714) 997-8200,1100 W Chapman Ave,Orange,92868,General Practice,"Monday: 7:30 AM – 6:00 PM
Tuesday: 7:00 AM – 6:00 PM
Wednesday: 7:00 AM – 6:00 PM
Thursday: 7:00 AM – 6:00 PM
Friday: 7:00 AM – 6:00 PM
Saturday: 7:00 AM – 6:00 PM
Sunday: 7:00 AM – 6:00 PM",,,,,,,,,,,,,,,,,,,,,,,,,,,,,
754,Vet4Bulldog,(949) 899-6642,434b S Tustin St b,Orange,92866,General Practice,"Tuesday: 9:00 AM – 6:00 PM
Wednesday: 9:00 AM – 6:00 PM
Thursday: 9:00 AM – 6:00 PM
Friday: 9:00 AM – 6:00 PM
Saturday: 9:00 AM – 6:00 PM
Sunday: 9:00 AM – 2:00 PM",,,,,,,,,,,,,,,,,,,,,,,,,,,,,
755,Veterinary Out-Patient Clinic,(714) 744-8995,1267 N Tustin St,Orange,92867,General Practice,"Tuesday: 10:00 AM – 5:00 PM
Wednesday: 10:00 AM – 5:00 PM
Thursday: 10:00 AM – 5:00 PM
Friday: 10:00 AM – 5:00 PM
Saturday: 10:00 AM – 5:00 PM",,,,,,,,,,,,,,,,,,,,,,,,,,,,,
756,Villa Park Animal Clinic,(714) 998-4322,17859 Santiago Blvd # A,Orange,92861,General Practice,"Tuesday: 8:00 AM – 6:00 PM
Wednesday: 8:00 AM – 6:00 PM
Thursday: 8:00 AM – 6:00 PM
Friday: 8:00 AM – 6:00 PM
Saturday: 8:00 AM – 6:00 PM
Sunday: 8:00 AM – 3:00 PM",,,,,,,,,,,,,,,,,,,,,,,,,,,,,
757,Cottage Animal Hospital,(805) 487-3985,906 E 5th St,Oxnard,93030,General Practice,"Tuesday: 8:00 AM – 5:00 PM
Wednesday: 8:00 AM – 5:00 PM
Thursday: 8:00 AM – 5:00 PM
Friday: 8:00 AM – 12:00 PM
Saturday: 8:00 AM – 5:00 PM
Sunday: 8:00 AM – 11:00 AM
Sunday: 1:00 PM – 3:00 PM",,,,,,,,,,,,,,,,,,,,,,,,,,,,,
758,Marina Animal Hospital,(805) 985-6700,3611 W 5th St ste h,Oxnard,93030,General Practice,"Tuesday: 8:00 AM – 5:00 PM
Wednesday: 8:00 AM – 5:00 PM
Thursday: 8:00 AM – 5:00 PM
Friday: 8:00 AM – 5:00 PM
Saturday: 8:00 AM – 5:00 PM",,,,,,,,,,,,,,,,,,,,,,,,,,,,,
759,"Mercy Crusade Spay, Neuter & Wellness Clinic",(805) 278-4433,2252 Craig Dr,Oxnard,93036,General Practice,"Tuesday: 9:00 AM – 1:00 PM
Tuesday: 2:00 PM – 5:00 PM
Wednesday: 9:00 AM – 1:00 PM
Wednesday: 2:00 PM – 5:00 PM
Thursday: 9:00 AM – 1:00 PM
Thursday: 2:00 PM – 5:00 PM
Friday: 9:00 AM – 1:00 PM
Friday: 2:00 PM – 5:00 PM
Saturday: 9:00 AM – 1:00 PM
Saturday: 2:00 PM – 5:00 PM",,,,,,,,,,,,,,,,,,,,,,,,,,,,,
760,Oxnard Veterinary Hospital,(805) 984-1850,651 S Ventura Rd,Oxnard,93030,General Practice,"Tuesday: 8:00 AM – 5:00 PM
Wednesday: 8:00 AM – 5:00 PM
Thursday: 8:00 AM – 5:00 PM
Friday: 8:00 AM – 5:00 PM
Saturday: 8:00 AM – 5:00 PM
Sunday: 8:20 AM – 12:00 PM",,,,,,,,,,,,,,,,,,,,,,,,,,,,,
761,"Allison Bradshaw, D.V.M.",(760) 423-3688,77720 Springfield Ln,Palm Desert,92211,General Practice,"Tuesday: 8:00 AM – 5:00 PM
Wednesday: 8:00 AM – 5:00 PM
Thursday: 8:00 AM – 5:00 PM
Friday: 8:00 AM – 5:00 PM
Saturday: 8:00 AM – 5:00 PM",,,,,,,,,,,,,,,,,,,,,,,,,,,,,
762,Animal Hospital of Desert,(760) 568-5151,44350 Monterey Ave,Palm Desert,92260,General Practice,"Tuesday: 9:30 AM – 6:00 PM
Wednesday: 9:30 AM – 6:00 PM
Thursday: 9:30 AM – 6:00 PM
Friday: 9:30 AM – 6:00 PM
Saturday: 9:30 AM – 6:00 PM
Sunday: 9:30 AM – 12:00 PM",,,,,,,,,,,,,,,,,,,,,,,,,,,,,
763,Country Club Animal Clinic,(760) 776-7555,36869 Cook St STE 103,Palm Desert,92211,General Practice,"Tuesday: 8:00 AM – 5:00 PM
Wednesday: 8:00 AM – 6:00 PM
Thursday: 8:00 AM – 5:00 PM
Friday: 8:00 AM – 6:00 PM
Saturday: 8:00 AM – 5:00 PM
Sunday: 8:00 AM – 2:00 PM",,,,,,,,,,,,,,,,,,,,,,,,,,,,,
764,Desert Veterinary Specialists,(760) 772-2222,42-065 Washington St STE D,Palm Desert,92211,General Practice,"Tuesday: 8:00 AM – 5:00 PM
Wednesday: 8:00 AM – 5:00 PM
Thursday: 8:00 AM – 5:00 PM
Friday: 8:00 AM – 5:00 PM
Saturday: 8:00 AM – 5:00 PM",,,,,,,,,,,,,,,,,,,,,,,,,,,,,
765,El Paseo Animal Hospital,(760) 491-1008,72608 El Paseo Ste 4,Palm Desert,92260,General Practice,"Tuesday: 8:00 AM – 5:00 PM
Wednesday: 8:00 AM – 5:00 PM
Thursday: 8:00 AM – 5:00 PM
Friday: 8:00 AM – 5:00 PM
Saturday: 8:00 AM – 5:00 PM",,,,,,,,,,,,,,,,,,,,,,,,,,,,,
766,Palm Desert Pet Hospital,(760) 568-9377,41990 Cook St,Palm Desert,92211,General Practice,"Tuesday: 8:00 AM – 5:00 PM
Wednesday: 8:00 AM – 5:00 PM
Thursday: 8:00 AM – 5:00 PM
Friday: 8:00 AM – 5:00 PM
Saturday: 8:00 AM – 5:00 PM",,,,,,,,,,,,,,,,,,,,,,,,,,,,,
767,Paws and Claws Pet Care,(760) 610-2454,72895 Fred Waring Dr,Palm Desert,92260,General Practice,"Tuesday: 8:00 AM – 6:00 PM
Wednesday: 8:00 AM – 6:00 PM
Thursday: 8:00 AM – 6:00 PM
Friday: 8:00 AM – 6:00 PM
Saturday: 8:00 AM – 6:00 PM",,,,,,,,,,,,,,,,,,,,,,,,,,,,,
768,Veterinary Urgent Care of the Desert,(760) 851-0668,"36-955 Cook St Bldg N, Suite 14A",Palm Desert,92211,General Practice,"Monday: 7:00 AM – 8:00 PM
Tuesday: 7:00 AM – 10:00 PM
Wednesday: 7:00 AM – 10:00 PM
Thursday: 7:00 AM – 10:00 PM
Friday: 7:00 AM – 10:00 PM
Saturday: 7:00 AM – 8:00 PM
Sunday: 7:00 AM – 8:00 PM",,,,,,,,,,,,,,,,,,,,,,,,,,,,,
769,Palm Springs Animal Hospital,(760) 324-0450,4771 E Palm Canyon Dr e,Palm Springs,92264,General Practice,"Tuesday: 8:00 AM – 6:00 PM
Wednesday: 8:00 AM – 6:00 PM
Thursday: 8:00 AM – 6:00 PM
Friday: 8:00 AM – 6:00 PM
Saturday: 8:00 AM – 6:00 PM
Sunday: 8:00 AM – 4:00 PM",,,,,,,,,,,,,,,,,,,,,,,,,,,,,
770,Pet Lux Inc,(760) 297-7747,1801 E Tahquitz Canyon Way Ste 102,Palm Springs,92262,General Practice,"Tuesday: 8:00 AM – 5:00 PM
Wednesday: 8:00 AM – 5:00 PM
Thursday: 8:00 AM – 5:00 PM
Friday: 8:00 AM – 5:00 PM
Saturday: 8:00 AM – 5:00 PM",,,,,,,,,,,,,,,,,,,,,,,,,,,,,
771,VCA Desert Animal Hospital,(760) 778-9999,4299 Ramon Rd,Palm Springs,92264,General Practice,"Tuesday: 7:00 AM – 6:00 PM
Wednesday: 7:00 AM – 6:00 PM
Thursday: 7:00 AM – 6:00 PM
Friday: 7:00 AM – 6:00 PM
Saturday: 7:00 AM – 6:00 PM
Sunday: 7:30 AM – 5:00 PM",,,,,,,,,,,,,,,,,,,,,,,,,,,,,
772,All Care Pet Clinic,(661) 265-7373,3135 W Rancho Vista Blvd Suite E,Palmdale,93551,General Practice,"Tuesday: 9:00 AM – 6:00 PM
Wednesday: 9:00 AM – 6:00 PM
Thursday: 9:00 AM – 6:00 PM
Friday: 9:00 AM – 6:00 PM
Saturday: 9:00 AM – 6:00 PM",,,,,,,,,,,,,,,,,,,,,,,,,,,,,
773,Animal Medical Center of The Antelope Valley,(661) 441-1011,2270 E Palmdale Blvd Suite C,Palmdale,93550,General Practice,"Monday: 8:00 AM – 8:00 PM
Tuesday: 8:00 AM – 8:00 PM
Wednesday: 8:00 AM – 8:00 PM
Thursday: 8:00 AM – 8:00 PM
Friday: 8:00 AM – 8:00 PM
Saturday: 8:00 AM – 8:00 PM
Sunday: 8:00 AM – 8:00 PM",,,,,,,,,,,,,,,,,,,,,,,,,,,,,
774,Antelope Valley Animal Hospital,(661) 273-1234,1326 W Ave N,Palmdale,93551,General Practice,"Tuesday: 8:00 AM – 12:00 PM
Tuesday: 3:00 PM – 6:00 PM
Wednesday: 8:00 AM – 12:00 PM
Wednesday: 3:00 PM – 6:00 PM
Thursday: 8:00 AM – 12:00 PM
Thursday: 3:00 PM – 6:00 PM
Friday: 8:00 AM – 12:00 PM
Friday: 3:00 PM – 6:00 PM
Saturday: 8:00 AM – 12:00 PM
Saturday: 3:00 PM – 6:00 PM
Sunday: 8:00 AM – 12:00 PM",,,,,,,,,,,,,,,,,,,,,,,,,,,,,
775,Cyrog Peter DVM,(661) 272-1616,3243 E Palmdale Blvd,Palmdale,93550,General Practice,"Monday: 8:00 AM – 4:00 PM
Tuesday: 8:00 AM – 5:00 PM
Wednesday: 8:00 AM – 8:00 PM
Thursday: 8:00 AM – 8:00 PM
Friday: 8:00 AM – 5:00 PM
Saturday: 8:00 AM – 8:00 PM
Sunday: 8:00 AM – 5:00 PM",,,,,,,,,,,,,,,,,,,,,,,,,,,,,
776,High Desert Animal Care Hospital,(661) 732-1697,3243 E Palmdale Blvd,Palmdale,93550,General Practice,"Monday: 8:00 AM – 4:00 PM
Tuesday: 8:00 AM – 5:00 PM
Wednesday: 8:00 AM – 5:00 PM
Thursday: 8:00 AM – 5:00 PM
Saturday: 8:00 AM – 5:00 PM
Sunday: 8:00 AM – 5:00 PM",,,,,,,,,,,,,,,,,,,,,,,,,,,,,
777,Mission Animal Hospital,(661) 526-1300,845 W Palmdale Blvd,Palmdale,93551,General Practice,"Monday: 8:00 AM – 10:00 PM
Tuesday: 8:00 AM – 10:00 PM
Wednesday: 8:00 AM – 10:00 PM
Thursday: 8:00 AM – 10:00 PM
Friday: 8:00 AM – 10:00 PM
Saturday: 8:00 AM – 10:00 PM
Sunday: 8:00 AM – 10:00 PM",,,,,,,,,,,,,,,,,,,,,,,,,,,,,
778,Palm Plaza Pet Hospital,(661) 272-4551,2501 E Palmdale Blvd # D,Palmdale,93550,General Practice,"Tuesday: 9:00 AM – 5:00 PM
Wednesday: 9:00 AM – 5:00 PM
Thursday: 9:00 AM – 5:00 PM
Friday: 9:00 AM – 5:00 PM
Saturday: 9:00 AM – 2:00 PM",,,,,,,,,,,,,,,,,,,,,,,,,,,,,
779,Palmdale Veterinary Hospital,(661) 273-1555,38568 6th St E,Palmdale,93550,General Practice,"Tuesday: 8:00 AM – 6:00 PM
Wednesday: 8:00 AM – 6:00 PM
Thursday: 8:00 AM – 6:00 PM
Friday: 8:00 AM – 6:00 PM
Saturday: 8:00 AM – 6:00 PM
Sunday: 8:00 AM – 5:00 PM",,,,,,,,,,,,,,,,,,,,,,,,,,,,,
780,Pet Check Engine Animal Hospital,(661) 566-5555,40125 10th St W N,Palmdale,93551,General Practice,"Tuesday: 8:00 AM – 6:00 PM
Wednesday: 8:00 AM – 6:00 PM
Thursday: 8:00 AM – 6:00 PM
Friday: 8:00 AM – 6:00 PM
Saturday: 8:00 AM – 6:00 PM
Sunday: 8:00 AM – 6:00 PM",,,,,,,,,,,,,,,,,,,,,,,,,,,,,
781,Garfield Animal Hospital,(562) 630-2082,16301 Garfield Ave,Paramount,90723,General Practice,"Monday: 8:00 AM – 7:00 PM
Tuesday: 8:00 AM – 7:00 PM
Wednesday: 8:00 AM – 7:00 PM
Thursday: 8:00 AM – 7:00 PM
Friday: 8:00 AM – 7:00 PM
Saturday: 8:00 AM – 7:00 PM
Sunday: 8:00 AM – 7:00 PM",,,,,,,,,,,,,,,,,,,,,,,,,,,,,
782,ACCESS Pasadena,(626) 993-9600,2570 E Foothill Blvd,Pasadena,91107,General Practice,Monday: Open 24 hours,,,,,,,,,,,,,,,,,,,,,,,,,,,,,
783,Animal Medical Hospital,(626) 796-3019,2116 E Colorado Blvd,Pasadena,91107,General Practice,"Tuesday: 7:30 AM – 6:00 PM
Wednesday: 7:30 AM – 6:00 PM
Thursday: 7:30 AM – 6:00 PM
Friday: 7:30 AM – 6:00 PM
Saturday: 7:30 AM – 6:00 PM
Sunday: 7:30 AM – 3:00 PM",,,,,,,,,,,,,,,,,,,,,,,,,,,,,
784,Animal-AM Emergency Clinic of Pasadena,(626) 578-1725,2121 E Foothill Blvd,Pasadena,91107,General Practice,Monday: Open 24 hours,,,,,,,,,,,,,,,,,,,,,,,,,,,,,
785,Exotic Animal Veterinary Center,(626) 405-1777,171 N Altadena Dr UNIT 120,Pasadena,91107,General Practice,"Tuesday: 9:00 AM – 6:00 PM
Wednesday: 9:00 AM – 6:00 PM
Thursday: 9:00 AM – 6:00 PM
Friday: 9:00 AM – 6:00 PM
Saturday: 9:00 AM – 6:00 PM
Sunday: 9:00 AM – 6:00 PM",,,,,,,,,,,,,,,,,,,,,,,,,,,,,
786,Modern Animal Pasadena,(626) 658-3036,616 E Colorado Blvd,Pasadena,91101,General Practice,"Monday: 8:00 AM – 6:00 PM
Tuesday: 8:00 AM – 6:00 PM
Wednesday: 8:00 AM – 6:00 PM
Thursday: 8:00 AM – 6:00 PM
Friday: 8:00 AM – 6:00 PM
Saturday: 8:00 AM – 6:00 PM",,,,,,,,,,,,,,,,,,,,,,,,,,,,,
787,My Visiting Vet,(626) 515-8024,45 S Arroyo Pkwy #1070,Pasadena,91105,General Practice,"Tuesday: 8:00 AM – 5:00 PM
Wednesday: 8:00 AM – 5:00 PM
Thursday: 8:00 AM – 5:00 PM
Friday: 8:00 AM – 5:00 PM
Saturday: 8:00 AM – 5:00 PM",,,,,,,,,,,,,,,,,,,,,,,,,,,,,
788,Pasadena Pets Veterinary Hospital,(626) 568-1115,2850 E Foothill Blvd,Pasadena,91107,General Practice,"Tuesday: 8:00 AM – 6:30 PM
Wednesday: 8:00 AM – 6:30 PM
Thursday: 8:00 AM – 6:30 PM
Friday: 8:00 AM – 6:30 PM
Saturday: 8:00 AM – 6:30 PM
Sunday: 9:00 AM – 2:00 PM",,,,,,,,,,,,,,,,,,,,,,,,,,,,,
789,Pasadena Veterinary Urgent Care,(626) 345-5418,3415 E Colorado Blvd Unit 103,Pasadena,91107,General Practice,"Monday: 8:00 AM – 6:00 PM
Tuesday: 10:00 AM – 8:00 PM
Wednesday: 10:00 AM – 8:00 PM
Saturday: 10:00 AM – 8:00 PM
Sunday: 8:00 AM – 6:00 PM",,,,,,,,,,,,,,,,,,,,,,,,,,,,,
790,Petsadena Animal Hospital,(626) 441-1137,959 S Raymond Ave,Pasadena,91105,General Practice,"Tuesday: 8:00 AM – 6:30 PM
Wednesday: 8:00 AM – 6:30 PM
Thursday: 8:00 AM – 6:30 PM
Friday: 8:00 AM – 6:30 PM
Saturday: 8:00 AM – 6:30 PM",,,,,,,,,,,,,,,,,,,,,,,,,,,,,
791,Rose City Veterinary Hospital,(626) 796-8387,2695 E Foothill Blvd,Pasadena,91107,General Practice,"Tuesday: 9:00 AM – 6:00 PM
Wednesday: 9:00 AM – 6:00 PM
Thursday: 9:00 AM – 6:00 PM
Friday: 9:00 AM – 6:00 PM
Saturday: 9:00 AM – 6:00 PM
Sunday: 9:00 AM – 4:00 PM",,,,,,,,,,,,,,,,,,,,,,,,,,,,,
792,Sierra Madre Animal Hospital,(626) 351-8863,927 N Michillinda Ave,Pasadena,91107,General Practice,"Tuesday: 8:00 AM – 6:00 PM
Wednesday: 8:00 AM – 6:00 PM
Thursday: 8:00 AM – 6:00 PM
Friday: 8:00 AM – 6:00 PM
Saturday: 8:00 AM – 6:00 PM
Sunday: 8:00 AM – 12:00 PM",,,,,,,,,,,,,,,,,,,,,,,,,,,,,
793,VCA A Breed Apart Animal Hospital,(626) 795-4444,777 S Arroyo Pkwy Suite 106,Pasadena,91105,General Practice,"Tuesday: 7:00 AM – 7:00 PM
Wednesday: 7:00 AM – 7:00 PM
Thursday: 7:00 AM – 7:00 PM
Friday: 7:00 AM – 7:00 PM
Saturday: 7:00 AM – 7:00 PM
Sunday: 8:00 AM – 6:00 PM",,,,,,,,,,,,,,,,,,,,,,,,,,,,,
794,VCA Foothill Veterinary Hospital,(626) 792-1187,2204 E Foothill Blvd,Pasadena,91107,General Practice,"Tuesday: 7:30 AM – 6:00 PM
Wednesday: 7:30 AM – 6:00 PM
Thursday: 7:30 AM – 6:00 PM
Friday: 7:30 AM – 6:00 PM
Saturday: 7:30 AM – 6:00 PM
Sunday: 8:00 AM – 1:00 PM",,,,,,,,,,,,,,,,,,,,,,,,,,,,,
795,Nuevo Road Animal Hospital,(951) 657-1957,830 E Nuevo Rd,Perris,92571,General Practice,"Tuesday: 8:00 AM – 12:00 PM
Tuesday: 1:00 PM – 5:00 PM
Thursday: 8:00 AM – 12:00 PM
Thursday: 1:00 PM – 5:00 PM
Friday: 8:00 AM – 12:00 PM
Friday: 1:00 PM – 5:00 PM
Saturday: 8:00 AM – 12:00 PM
Saturday: 1:00 PM – 5:00 PM
Sunday: 8:00 AM – 12:00 PM
Sunday: 1:00 PM – 5:00 PM",,,,,,,,,,,,,,,,,,,,,,,,,,,,,
796,Perris Animal Hospital,(951) 657-3139,257 E 4th St,Perris,92570,General Practice,"Monday: 8:00 AM – 12:00 PM
Monday: 1:30 PM – 5:00 PM
Tuesday: 8:00 AM – 12:00 PM
Tuesday: 1:30 PM – 5:00 PM
Wednesday: 8:00 AM – 12:00 PM
Wednesday: 1:30 PM – 5:00 PM
Thursday: 8:00 AM – 12:00 PM
Thursday: 1:30 PM – 5:00 PM
Friday: 8:00 AM – 12:00 PM
Friday: 1:30 PM – 5:00 PM
Saturday: 8:00 AM – 12:00 PM
Saturday: 1:30 PM – 5:00 PM
Sunday: 8:00 AM – 12:00 PM
Sunday: 1:30 PM – 5:00 PM",,,,,,,,,,,,,,,,,,,,,,,,,,,,,
797,Perris Valley Veterinary Clinic,(951) 657-8389,2560 N Perris Blvd,Perris,92571,General Practice,"Tuesday: 9:00 AM – 12:00 PM
Tuesday: 1:00 PM – 6:00 PM
Wednesday: 9:00 AM – 12:00 PM
Wednesday: 1:00 PM – 6:00 PM
Thursday: 9:00 AM – 12:00 PM
Thursday: 1:00 PM – 6:00 PM
Friday: 9:00 AM – 12:00 PM
Friday: 1:00 PM – 6:00 PM
Saturday: 9:00 AM – 12:00 PM
Saturday: 1:00 PM – 6:00 PM
Sunday: 10:00 AM – 12:00 PM
Sunday: 1:00 PM – 6:00 PM",,,,,,,,,,,,,,,,,,,,,,,,,,,,,
798,City Line Pet Clinic,(562) 801-9231,9231 Telegraph Rd,Pico Rivera,90660,General Practice,"Tuesday: 9:00 AM – 12:00 PM
Tuesday: 2:00 PM – 6:00 PM
Wednesday: 9:00 AM – 12:00 PM
Wednesday: 2:00 PM – 6:00 PM
Thursday: 9:00 AM – 12:00 PM
Thursday: 2:00 PM – 6:00 PM
Friday: 9:00 AM – 12:00 PM
Friday: 2:00 PM – 6:00 PM
Saturday: 9:00 AM – 12:00 PM
Saturday: 2:00 PM – 6:00 PM
Sunday: 8:00 AM – 12:00 PM",,,,,,,,,,,,,,,,,,,,,,,,,,,,,
799,Inheart Animal Hospital Veterinarian | 한인 동물병원,(562) 366-0794,8420 Rosemead Blvd,Pico Rivera,90660,General Practice,"Tuesday: 8:00 AM – 6:00 PM
Wednesday: 8:00 AM – 6:00 PM
Thursday: 8:00 AM – 6:00 PM
Friday: 10:00 AM – 6:00 PM
Saturday: 8:00 AM – 6:00 PM
Sunday: 9:00 AM – 1:00 PM",,,,,,,,,,,,,,,,,,,,,,,,,,,,,
800,Park Community Animal Hospital,(562) 695-5000,4029 Rosemead Blvd,Pico Rivera,90660,General Practice,"Tuesday: 8:00 AM – 5:30 PM
Wednesday: 8:00 AM – 5:30 PM
Thursday: 8:00 AM – 5:30 PM
Friday: 8:00 AM – 5:30 PM
Saturday: 8:00 AM – 5:30 PM
Sunday: 8:00 AM – 2:00 PM",,,,,,,,,,,,,,,,,,,,,,,,,,,,,
801,Pico Rivera Animal Hospital,(562) 949-2494,9221 Slauson Ave,Pico Rivera,90660,General Practice,"Monday: 8:00 AM – 4:00 PM
Tuesday: 8:00 AM – 5:30 PM
Wednesday: 8:00 AM – 5:30 PM
Thursday: 8:00 AM – 5:30 PM
Friday: 8:00 AM – 5:30 PM
Saturday: 8:00 AM – 4:00 PM
Sunday: 8:00 AM – 4:00 PM",,,,,,,,,,,,,,,,,,,,,,,,,,,,,
802,Rose Slauson Animal Hospital,(562) 801-1273,9024 Slauson Ave J,Pico Rivera,90660,General Practice,"Wednesday: 2:00 PM – 6:00 PM
Thursday: 2:00 PM – 6:00 PM
Friday: 2:00 PM – 6:00 PM
Saturday: 2:00 PM – 6:00 PM
Sunday: 9:30 AM – 5:30 PM",,,,,,,,,,,,,,,,,,,,,,,,,,,,,
803,Circle of Friends Veterinary,(714) 792-0049,1251 E Yorba Linda Blvd,Placentia,92870,General Practice,"Tuesday: 8:00 AM – 6:00 PM
Wednesday: 8:00 AM – 6:00 PM
Thursday: 8:00 AM – 6:00 PM
Friday: 8:00 AM – 6:00 PM
Saturday: 8:00 AM – 6:00 PM
Sunday: 9:00 AM – 4:00 PM",,,,,,,,,,,,,,,,,,,,,,,,,,,,,
804,Circle of Friends Veterinary Hospital,null,1251 E Yorba Linda Blvd,Placentia,92870,General Practice,,,,,,,,,,,,,,,,,,,,,,,,,,,,,,
805,Yolinda Animal Hospital,(714) 524-1156,1407 N Rose Dr,Placentia,92870,General Practice,"Tuesday: 8:00 AM – 5:00 PM
Wednesday: 8:00 AM – 5:00 PM
Thursday: 8:00 AM – 5:00 PM
Friday: 8:00 AM – 5:00 PM
Saturday: 8:00 AM – 5:00 PM
Sunday: 9:00 AM – 4:00 PM",,,,,,,,,,,,,,,,,,,,,,,,,,,,,
806,All Pets Medical and Surgical Center,(909) 622-1044,3070 W Temple Ave,Pomona,91766,General Practice,"Tuesday: 7:00 AM – 5:00 PM
Wednesday: 7:00 AM – 5:00 PM
Thursday: 7:00 AM – 5:00 PM
Friday: 7:00 AM – 5:00 PM
Saturday: 7:00 AM – 5:00 PM
Sunday: 8:00 AM – 1:00 PM",,,,,,,,,,,,,,,,,,,,,,,,,,,,,
807,Pomona Animal Hospital,(909) 623-2144,1254 E Mission Blvd,Pomona,91766,General Practice,"Tuesday: 8:45 AM – 7:00 PM
Wednesday: 8:45 AM – 7:00 PM
Thursday: 8:45 AM – 7:00 PM
Friday: 8:45 AM – 6:00 PM
Saturday: 8:45 AM – 6:00 PM",,,,,,,,,,,,,,,,,,,,,,,,,,,,,
808,Pomona Valley Veterinary Hospital,(909) 623-2602,158 W McKinley Ave,Pomona,91768,General Practice,"Tuesday: 8:00 AM – 6:00 PM
Wednesday: 8:00 AM – 6:00 PM
Thursday: 8:00 AM – 6:00 PM
Friday: 8:00 AM – 6:00 PM
Saturday: 8:00 AM – 6:00 PM
Sunday: 8:00 AM – 4:00 PM",,,,,,,,,,,,,,,,,,,,,,,,,,,,,
809,Veterinary Eye Clinic,(909) 375-1237,1977 N Garey Ave,Pomona,91768,General Practice,"Tuesday: 8:00 AM – 4:00 PM
Wednesday: 8:00 AM – 4:00 PM
Thursday: 8:00 AM – 4:00 PM
Friday: 8:00 AM – 4:00 PM
Saturday: 8:00 AM – 4:00 PM
Sunday: 8:00 AM – 3:00 PM",,,,,,,,,,,,,,,,,,,,,,,,,,,,,
810,WesternU Pet Health Center,(909) 865-2433,611 E 2nd St,Pomona,91766,General Practice,"Tuesday: 7:00 AM – 6:00 PM
Wednesday: 7:00 AM – 6:00 PM
Thursday: 7:00 AM – 6:00 PM
Friday: 7:00 AM – 6:00 PM
Saturday: 7:00 AM – 6:00 PM
Sunday: 8:00 AM – 12:00 PM
Sunday: 1:00 PM – 3:00 PM",,,,,,,,,,,,,,,,,,,,,,,,,,,,,
811,Advanced Care Veterinary Hospital,(858) 486-8860,12443 Poway Rd,Poway,92064,General Practice,"Tuesday: 8:00 AM – 6:00 PM
Wednesday: 8:00 AM – 6:00 PM
Thursday: 8:00 AM – 6:00 PM
Friday: 8:00 AM – 6:00 PM
Saturday: 8:00 AM – 6:00 PM
Sunday: 8:00 AM – 5:00 PM",,,,,,,,,,,,,,,,,,,,,,,,,,,,,
812,Animal Emergency Clinic of San Diego,(858) 377-8690,12775 Poway Rd,Poway,92064,General Practice,Monday: Open 24 hours,,,,,,,,,,,,,,,,,,,,,,,,,,,,,
813,Animal Medical Hospital of Poway,(858) 748-5989,14031 Poway Rd,Poway,92064,General Practice,"Tuesday: 8:00 AM – 6:00 PM
Wednesday: 8:00 AM – 6:00 PM
Thursday: 8:00 AM – 5:00 PM
Friday: 8:00 AM – 6:00 PM
Saturday: 8:00 AM – 6:00 PM
Sunday: 8:00 AM – 3:00 PM",,,,,,,,,,,,,,,,,,,,,,,,,,,,,
814,Midland Animal Clinic,(858) 748-4412,14155 Midland Rd,Poway,92064,General Practice,"Tuesday: 8:00 AM – 5:30 PM
Wednesday: 8:00 AM – 5:30 PM
Thursday: 8:00 AM – 5:30 PM
Friday: 8:00 AM – 5:30 PM
Saturday: 8:00 AM – 5:30 PM
Sunday: 8:00 AM – 12:00 PM",,,,,,,,,,,,,,,,,,,,,,,,,,,,,
815,Poway Animal Hospital,(858) 748-3326,12219 Poway Rd,Poway,92064,General Practice,"Tuesday: 7:15 AM – 5:30 PM
Wednesday: 7:15 AM – 5:30 PM
Thursday: 7:15 AM – 5:30 PM
Friday: 7:15 AM – 5:30 PM
Saturday: 7:15 AM – 5:30 PM
Sunday: 7:30 AM – 2:00 PM",,,,,,,,,,,,,,,,,,,,,,,,,,,,,
816,Sunshine Animal Hospital,(858) 326-2075,13265 Midland Rd #180,Poway,92064,General Practice,"Tuesday: 9:00 AM – 5:00 PM
Wednesday: 9:00 AM – 5:00 PM
Thursday: 9:00 AM – 5:00 PM
Friday: 9:00 AM – 5:00 PM
Saturday: 9:00 AM – 5:00 PM
Sunday: 9:00 AM – 12:00 PM",,,,,,,,,,,,,,,,,,,,,,,,,,,,,
817,Trident Veterinary Hospital,(858) 668-5393,12265 Scripps Poway Pkwy #107,Poway,92064,General Practice,"Tuesday: 8:00 AM – 5:00 PM
Wednesday: 8:00 AM – 5:00 PM
Thursday: 8:00 AM – 5:00 PM
Friday: 8:00 AM – 5:00 PM
Saturday: 8:00 AM – 5:00 PM
Sunday: 9:00 AM – 2:00 PM",,,,,,,,,,,,,,,,,,,,,,,,,,,,,
818,Vet-Stem,(858) 748-2004,12760 Danielson Ct Suite F,Poway,92064,General Practice,"Tuesday: 8:00 AM – 5:00 PM
Wednesday: 8:00 AM – 5:00 PM
Thursday: 8:00 AM – 5:00 PM
Friday: 8:00 AM – 5:00 PM
Saturday: 8:00 AM – 5:00 PM",,,,,,,,,,,,,,,,,,,,,,,,,,,,,
819,Alta Loma Animal Hospital,(909) 987-6224,7289 Amethyst Ave,Rancho Cucamonga,91701,General Practice,"Tuesday: 8:00 AM – 6:00 PM
Wednesday: 8:00 AM – 6:00 PM
Thursday: 8:00 AM – 6:00 PM
Friday: 8:00 AM – 6:00 PM
Saturday: 8:00 AM – 6:00 PM
Sunday: 8:00 AM – 4:00 PM",,,,,,,,,,,,,,,,,,,,,,,,,,,,,
820,Alta Rancho Pet Hospital,(909) 980-3575,8677 19th St,Rancho Cucamonga,91701,General Practice,"Tuesday: 8:00 AM – 6:00 PM
Wednesday: 8:00 AM – 6:00 PM
Thursday: 8:00 AM – 6:00 PM
Friday: 8:00 AM – 6:00 PM
Saturday: 8:00 AM – 6:00 PM
Sunday: 8:00 AM – 4:00 PM",,,,,,,,,,,,,,,,,,,,,,,,,,,,,
821,Archibald Pet Hospital,(909) 941-7310,9786 19th St,Rancho Cucamonga,91737,General Practice,"Tuesday: 8:00 AM – 6:00 PM
Wednesday: 8:00 AM – 6:00 PM
Thursday: 8:00 AM – 6:00 PM
Friday: 8:00 AM – 6:00 PM
Saturday: 8:00 AM – 6:00 PM
Sunday: 9:00 AM – 1:00 PM",,,,,,,,,,,,,,,,,,,,,,,,,,,,,
822,Day Creek Animal Hospital,(909) 646-7387,7369 Day Creek Blvd,Rancho Cucamonga,91739,General Practice,"Tuesday: 8:00 AM – 6:00 PM
Wednesday: 8:00 AM – 6:00 PM
Friday: 8:00 AM – 6:00 PM
Saturday: 8:00 AM – 6:00 PM
Sunday: 8:00 AM – 5:00 PM",,,,,,,,,,,,,,,,,,,,,,,,,,,,,
823,Golden Oaks Veterinary Hospital,(909) 477-4499,9155 Archibald Ave Suite J,Rancho Cucamonga,91730,General Practice,"Tuesday: 8:00 AM – 5:00 PM
Wednesday: 8:00 AM – 5:00 PM
Thursday: 8:00 AM – 5:00 PM
Friday: 8:00 AM – 5:00 PM
Saturday: 8:00 AM – 5:00 PM
Sunday: 8:00 AM – 5:00 PM",,,,,,,,,,,,,,,,,,,,,,,,,,,,,
824,Graceful Animal Hospital,(909) 291-9222,7985 Vineyard Ave G2,Rancho Cucamonga,91730,General Practice,"Tuesday: 8:00 AM – 6:00 PM
Wednesday: 8:00 AM – 6:00 PM
Thursday: 8:00 AM – 6:00 PM
Friday: 8:00 AM – 6:00 PM
Saturday: 8:00 AM – 6:00 PM
Sunday: 8:00 AM – 4:00 PM",,,,,,,,,,,,,,,,,,,,,,,,,,,,,
825,Inland Empire Veterinary Surgical Specialty,(909) 660-8560,11819 Sebastian Way,Rancho Cucamonga,91730,General Practice,"Tuesday: 7:30 AM – 5:00 PM
Wednesday: 7:30 AM – 5:00 PM
Thursday: 7:30 AM – 5:00 PM
Friday: 7:30 AM – 5:00 PM
Saturday: 7:30 AM – 5:00 PM",,,,,,,,,,,,,,,,,,,,,,,,,,,,,
826,Legacy Veterinary Center,(909) 341-7906,7369 Day Creek Blvd # 101,Rancho Cucamonga,91739,General Practice,"Tuesday: 8:00 AM – 6:00 PM
Wednesday: 8:00 AM – 6:00 PM
Thursday: 8:00 AM – 6:00 PM
Friday: 8:00 AM – 6:00 PM
Saturday: 8:00 AM – 6:00 PM
Sunday: 8:00 AM – 6:00 PM",,,,,,,,,,,,,,,,,,,,,,,,,,,,,
827,Oasis Pet Hospital,(951) 592-2535,9605 Foothill Blvd,Rancho Cucamonga,91730,General Practice,"Tuesday: 9:00 AM – 5:00 PM
Wednesday: 9:00 AM – 5:00 PM
Thursday: 9:00 AM – 5:00 PM
Friday: 9:00 AM – 5:00 PM
Saturday: 9:00 AM – 5:00 PM",,,,,,,,,,,,,,,,,,,,,,,,,,,,,
828,PetEmerg Emergency Animal Hospital,(909) 922-8007,12367 Foothill Blvd,Rancho Cucamonga,91739,General Practice,Monday: Open 24 hours,,,,,,,,,,,,,,,,,,,,,,,,,,,,,
829,Rancho Regional Veterinary Hospital,(909) 941-0841,11981 Jack Benny Dr STE 101,Rancho Cucamonga,91739,General Practice,"Tuesday: 8:00 AM – 6:00 PM
Wednesday: 8:00 AM – 6:00 PM
Thursday: 8:00 AM – 6:00 PM
Friday: 8:00 AM – 6:00 PM
Saturday: 8:00 AM – 6:00 PM",,,,,,,,,,,,,,,,,,,,,,,,,,,,,
830,Rancho West Animal Hospital,(909) 466-5490,8645 Base Line Rd,Rancho Cucamonga,91730,General Practice,"Tuesday: 9:00 AM – 6:00 PM
Wednesday: 9:00 AM – 6:00 PM
Thursday: 9:00 AM – 6:00 PM
Friday: 9:00 AM – 6:00 PM
Saturday: 9:00 AM – 6:00 PM
Sunday: 9:00 AM – 2:00 PM",,,,,,,,,,,,,,,,,,,,,,,,,,,,,
831,Terra Vista Animal Hospital,(909) 989-3999,7385 Milliken Ave St. 140,Rancho Cucamonga,91730,General Practice,"Tuesday: 8:00 AM – 5:00 PM
Wednesday: 8:00 AM – 5:00 PM
Thursday: 8:00 AM – 5:00 PM
Friday: 8:00 AM – 5:00 PM
Saturday: 8:00 AM – 5:00 PM
Sunday: 8:00 AM – 12:00 PM",,,,,,,,,,,,,,,,,,,,,,,,,,,,,
832,Upland Animal Hospital,(909) 982-8854,8763 Grove Ave,Rancho Cucamonga,91730,General Practice,"Monday: 8:00 AM – 6:00 PM
Tuesday: 8:00 AM – 6:00 PM
Wednesday: 8:00 AM – 6:00 PM
Thursday: 8:00 AM – 6:00 PM
Friday: 8:00 AM – 6:00 PM
Saturday: 8:00 AM – 6:00 PM
Sunday: 8:00 AM – 6:00 PM",,,,,,,,,,,,,,,,,,,,,,,,,,,,,
833,Antonio Animal Hospital,(949) 858-0949,22461 Antonio Pkwy a120,Rancho Santa Margarita,92688,General Practice,"Tuesday: 7:00 AM – 6:00 PM
Wednesday: 7:00 AM – 6:00 PM
Thursday: 7:00 AM – 6:00 PM
Friday: 7:00 AM – 6:00 PM
Saturday: 7:00 AM – 6:00 PM",,,,,,,,,,,,,,,,,,,,,,,,,,,,,
834,VCA Santa Margarita Animal Hospital,(949) 858-3181,30052 Santa Margarita Pkwy,Rancho Santa Margarita,92688,General Practice,"Monday: 9:00 AM – 4:00 PM
Tuesday: 7:30 AM – 6:00 PM
Wednesday: 7:30 AM – 6:00 PM
Thursday: 7:30 AM – 6:00 PM
Friday: 7:30 AM – 6:00 PM
Saturday: 7:30 AM – 6:00 PM
Sunday: 8:00 AM – 4:00 PM",,,,,,,,,,,,,,,,,,,,,,,,,,,,,
835,Animal Medical Center of Redlands,(909) 793-1499,340 N 6th St,Redlands,92374,General Practice,"Tuesday: 7:30 AM – 6:00 PM
Wednesday: 7:30 AM – 6:00 PM
Thursday: 7:30 AM – 12:00 PM
Friday: 7:30 AM – 6:00 PM
Saturday: 7:30 AM – 6:00 PM
Sunday: 7:30 AM – 12:00 PM",,,,,,,,,,,,,,,,,,,,,,,,,,,,,
836,"Arivia’s Animal House, Affordable Vet Care",(909) 328-2050,1150 Brookside Ave Suite K,Redlands,92373,General Practice,,,,,,,,,,,,,,,,,,,,,,,,,,,,,,
837,East Valley Pet Hospital,(909) 794-1888,1748 E Lugonia Ave Suite 128,Redlands,92374,General Practice,"Tuesday: 8:00 AM – 6:00 PM
Wednesday: 8:00 AM – 6:00 PM
Thursday: 8:00 AM – 6:00 PM
Friday: 8:00 AM – 6:00 PM
Saturday: 8:00 AM – 6:00 PM
Sunday: 9:00 AM – 3:00 PM",,,,,,,,,,,,,,,,,,,,,,,,,,,,,
838,Pet Hospital of Redlands + Urgent Care,(909) 363-1617,2072 W Redlands Blvd,Redlands,92373,General Practice,"Tuesday: 8:00 AM – 8:00 PM
Wednesday: 8:00 AM – 8:00 PM
Thursday: 8:00 AM – 8:00 PM
Friday: 8:00 AM – 8:00 PM
Saturday: 8:00 AM – 8:00 PM
Sunday: 8:00 AM – 8:00 PM",,,,,,,,,,,,,,,,,,,,,,,,,,,,,
839,"Redlands Animal Hospital, Inc.",(909) 793-2181,1327 W Colton Ave,Redlands,92374,General Practice,"Tuesday: 7:30 AM – 6:00 PM
Wednesday: 7:30 AM – 6:00 PM
Thursday: 7:30 AM – 6:00 PM
Friday: 7:30 AM – 6:00 PM
Saturday: 7:30 AM – 6:00 PM
Sunday: 8:00 AM – 1:00 PM",,,,,,,,,,,,,,,,,,,,,,,,,,,,,
840,Serene Passages,(909) 654-7774,700 E Redlands Blvd Ste U - 745,Redlands,92373,General Practice,"Monday: 8:00 AM – 6:00 PM
Tuesday: 8:00 AM – 6:00 PM
Wednesday: 8:00 AM – 6:00 PM
Thursday: 8:00 AM – 6:00 PM
Friday: 8:00 AM – 6:00 PM
Saturday: 8:00 AM – 6:00 PM
Sunday: 8:00 AM – 6:00 PM",,,,,,,,,,,,,,,,,,,,,,,,,,,,,
841,Veterinary Emergency Center of Redlands,(909) 793-5999,1422 Industrial Park Ave,Redlands,92374,General Practice,Monday: Open 24 hours,,,,,,,,,,,,,,,,,,,,,,,,,,,,,
842,Veterinary Integrative Center,(909) 796-4277,25837 Business Center Dr C,Redlands,92374,General Practice,"Wednesday: 8:00 AM – 12:00 PM
Wednesday: 1:30 PM – 6:00 PM
Thursday: 8:00 AM – 12:00 PM
Thursday: 1:30 PM – 6:00 PM
Friday: 8:00 AM – 12:00 PM
Friday: 1:30 PM – 6:00 PM
Saturday: 8:00 AM – 12:00 PM
Saturday: 1:30 PM – 6:00 PM",,,,,,,,,,,,,,,,,,,,,,,,,,,,,
843,Animal Hospital of Redondo Beach,(310) 540-9044,820 Torrance Blvd,Redondo Beach,90277,General Practice,"Tuesday: 7:00 AM – 5:30 PM
Wednesday: 7:00 AM – 5:30 PM
Thursday: 7:00 AM – 5:30 PM
Friday: 7:00 AM – 5:30 PM
Saturday: 7:00 AM – 5:30 PM
Sunday: 8:00 AM – 3:00 PM",,,,,,,,,,,,,,,,,,,,,,,,,,,,,
844,Family Pet Clinic of Redondo Beach,(310) 376-0072,2006 Artesia Blvd,Redondo Beach,90278,General Practice,"Tuesday: 7:30 AM – 6:00 PM
Wednesday: 7:30 AM – 6:00 PM
Thursday: 7:30 AM – 6:00 PM
Friday: 7:30 AM – 6:00 PM
Saturday: 7:30 AM – 6:00 PM",,,,,,,,,,,,,,,,,,,,,,,,,,,,,
845,P.V. Village Pet Hospital,(310) 543-2200,1930 S Pacific Coast Hwy,Redondo Beach,90277,General Practice,"Tuesday: 8:00 AM – 6:00 PM
Wednesday: 8:00 AM – 6:00 PM
Thursday: 8:00 AM – 6:00 PM
Friday: 8:00 AM – 6:00 PM
Saturday: 8:00 AM – 6:00 PM",,,,,,,,,,,,,,,,,,,,,,,,,,,,,
846,Pacific Animal Hospital,(310) 807-5199,541 N Pacific Coast Hwy Suite D,Redondo Beach,90277,General Practice,"Tuesday: 9:00 AM – 7:00 PM
Wednesday: 9:00 AM – 7:00 PM
Thursday: 9:00 AM – 7:00 PM
Friday: 9:00 AM – 7:00 PM
Saturday: 9:00 AM – 7:00 PM
Sunday: 9:00 AM – 2:00 PM",,,,,,,,,,,,,,,,,,,,,,,,,,,,,
847,Pacific Coast Animal Hospital,(424) 222-8274,234 S Pacific Coast Hwy #108,Redondo Beach,90277,General Practice,"Monday: 8:00 AM – 3:00 PM
Tuesday: 8:00 AM – 6:00 PM
Wednesday: 8:00 AM – 6:00 PM
Thursday: 8:00 AM – 6:00 PM
Friday: 8:00 AM – 6:00 PM
Saturday: 8:00 AM – 6:00 PM",,,,,,,,,,,,,,,,,,,,,,,,,,,,,
848,PAW Veterinary Center,(310) 928-8387,1436 Aviation Blvd,Redondo Beach,90278,General Practice,"Tuesday: 8:00 AM – 6:00 PM
Wednesday: 8:00 AM – 6:00 PM
Thursday: 8:00 AM – 6:00 PM
Friday: 8:00 AM – 6:00 PM
Saturday: 8:00 AM – 6:00 PM
Sunday: 8:00 AM – 4:00 PM",,,,,,,,,,,,,,,,,,,,,,,,,,,,,
849,Redondo Shores Veterinary Center,(310) 540-5588,701 S Pacific Coast Hwy,Redondo Beach,90277,General Practice,"Tuesday: 8:00 AM – 6:00 PM
Wednesday: 8:00 AM – 6:00 PM
Thursday: 8:00 AM – 6:00 PM
Friday: 8:00 AM – 6:00 PM
Saturday: 8:00 AM – 5:30 PM
Sunday: 8:00 AM – 1:00 PM",,,,,,,,,,,,,,,,,,,,,,,,,,,,,
850,Redwood Animal Hospital,(310) 376-0581,2702 Artesia Blvd,Redondo Beach,90278,General Practice,"Tuesday: 7:30 AM – 6:00 PM
Wednesday: 7:30 AM – 6:00 PM
Thursday: 7:30 AM – 6:00 PM
Friday: 7:30 AM – 6:00 PM
Saturday: 7:30 AM – 6:00 PM
Sunday: 8:00 AM – 4:00 PM",,,,,,,,,,,,,,,,,,,,,,,,,,,,,
851,Community Animal Hospital,(909) 874-4660,562 W Rialto Ave #5748,Rialto,92376,General Practice,"Tuesday: 8:00 AM – 4:00 PM
Wednesday: 8:00 AM – 4:00 PM
Friday: 8:00 AM – 4:00 PM
Saturday: 8:00 AM – 4:00 PM
Sunday: 9:00 AM – 2:00 PM",,,,,,,,,,,,,,,,,,,,,,,,,,,,,
852,Inland Central Animal Hospital,(909) 884-6126,786 E Foothill Blvd Unit C,Rialto,92376,General Practice,"Tuesday: 8:00 AM – 5:00 PM
Wednesday: 8:00 AM – 5:00 PM
Thursday: 8:00 AM – 5:00 PM
Friday: 8:00 AM – 5:00 PM
Saturday: 8:00 AM – 5:00 PM
Sunday: 8:00 AM – 12:00 PM",,,,,,,,,,,,,,,,,,,,,,,,,,,,,
853,Rialto Animal Hospital: Juarez Shannon DVM,(909) 875-6161,1460 N Ayala Dr,Rialto,92376,General Practice,"Tuesday: 7:00 AM – 6:00 PM
Wednesday: 7:00 AM – 6:00 PM
Thursday: 7:00 AM – 6:00 PM
Friday: 7:00 AM – 6:00 PM
Saturday: 7:00 AM – 6:00 PM
Sunday: 7:00 AM – 5:00 PM",,,,,,,,,,,,,,,,,,,,,,,,,,,,,
854,Rialto Cat Hospital,(909) 546-3321,1480 N Ayala Dr,Rialto,92376,General Practice,"Tuesday: 7:00 AM – 6:00 PM
Wednesday: 7:00 AM – 6:00 PM
Thursday: 7:00 AM – 6:00 PM
Friday: 7:00 AM – 6:00 PM
Saturday: 7:00 AM – 6:00 PM",,,,,,,,,,,,,,,,,,,,,,,,,,,,,
855,All Paws Riverside Animal Hospital,(951) 200-3332,141 Alessandro Blvd #10d,Riverside,92508,General Practice,"Tuesday: 7:30 AM – 5:00 PM
Wednesday: 7:30 AM – 5:00 PM
Thursday: 7:30 AM – 5:00 PM
Friday: 7:30 AM – 5:00 PM
Saturday: 7:30 AM – 5:00 PM
Sunday: 8:00 AM – 1:00 PM",,,,,,,,,,,,,,,,,,,,,,,,,,,,,
856,Animal Hospital of Riverside,(951) 689-5533,11748 Magnolia Ave STE A,Riverside,92503,General Practice,"Tuesday: 9:00 AM – 5:00 PM
Wednesday: 9:00 AM – 5:00 PM
Thursday: 9:00 AM – 5:00 PM
Friday: 9:00 AM – 5:00 PM
Saturday: 9:00 AM – 4:00 PM",,,,,,,,,,,,,,,,,,,,,,,,,,,,,
857,Canyon Crest Animal Hospital,(951) 684-2121,5225 Canyon Crest Dr #75,Riverside,92507,General Practice,"Tuesday: 8:00 AM – 6:00 PM
Wednesday: 8:00 AM – 6:00 PM
Thursday: 8:00 AM – 6:00 PM
Friday: 8:00 AM – 6:00 PM
Saturday: 8:00 AM – 6:00 PM",,,,,,,,,,,,,,,,,,,,,,,,,,,,,
858,Dirk Butchko Pro Vet,(951) 354-2185,4375 Van Buren Boulevard,Riverside,92503,General Practice,"Tuesday: 8:00 AM – 5:00 PM
Wednesday: 8:00 AM – 5:00 PM
Thursday: 8:00 AM – 5:00 PM
Friday: 8:00 AM – 1:00 PM
Saturday: 8:00 AM – 4:00 PM",,,,,,,,,,,,,,,,,,,,,,,,,,,,,
859,La Sierra Veterinary Clinic,(951) 359-7811,3410 La Sierra Ave # A,Riverside,92503,General Practice,"Tuesday: 8:00 AM – 6:00 PM
Wednesday: 8:00 AM – 6:00 PM
Thursday: 8:00 AM – 6:00 PM
Friday: 8:00 AM – 6:00 PM
Saturday: 8:00 AM – 6:00 PM",,,,,,,,,,,,,,,,,,,,,,,,,,,,,
860,Lincoln Plaza Veterinary Clinic,(951) 359-0363,2955 Van Buren Boulevard STE H8,Riverside,92503,General Practice,"Tuesday: 8:00 AM – 6:00 PM
Wednesday: 8:00 AM – 6:00 PM
Thursday: 8:00 AM – 6:00 PM
Friday: 8:00 AM – 6:00 PM
Saturday: 8:00 AM – 6:00 PM
Sunday: 8:00 AM – 4:00 PM",,,,,,,,,,,,,,,,,,,,,,,,,,,,,
861,Michael Butchko DVM,(951) 686-2242,5488 Mission Blvd,Riverside,92509,General Practice,"Tuesday: 8:00 AM – 4:00 PM
Wednesday: 8:00 AM – 4:00 PM
Thursday: 8:00 AM – 4:00 PM
Friday: 8:00 AM – 4:00 PM
Saturday: 8:00 AM – 4:00 PM
Sunday: 8:00 AM – 2:00 PM",,,,,,,,,,,,,,,,,,,,,,,,,,,,,
862,Moreno Valley Animal Hospital,(951) 242-2111,6141 Valley Springs Pkwy Unit A,Riverside,92507,General Practice,"Tuesday: 8:30 AM – 5:30 PM
Wednesday: 8:30 AM – 5:30 PM
Thursday: 8:30 AM – 5:30 PM
Friday: 8:30 AM – 5:30 PM
Saturday: 8:30 AM – 5:30 PM
Sunday: 9:00 AM – 1:30 PM",,,,,,,,,,,,,,,,,,,,,,,,,,,,,
863,Pedley Veterinary Hospital,(951) 685-5224,6363 Pedley Rd,Riverside,92509,General Practice,"Tuesday: 8:00 AM – 6:00 PM
Wednesday: 8:00 AM – 6:00 PM
Thursday: 8:00 AM – 6:00 PM
Friday: 8:00 AM – 6:00 PM
Saturday: 8:00 AM – 6:00 PM",,,,,,,,,,,,,,,,,,,,,,,,,,,,,
864,Riverside Animal Hospital,(951) 683-4200,6162 Magnolia Ave,Riverside,92506,General Practice,"Tuesday: 8:00 AM – 6:00 PM
Wednesday: 8:00 AM – 6:00 PM
Thursday: 8:00 AM – 6:00 PM
Friday: 8:00 AM – 6:00 PM
Saturday: 8:00 AM – 6:00 PM
Sunday: 8:00 AM – 12:00 PM
Sunday: 1:00 PM – 6:00 PM",,,,,,,,,,,,,,,,,,,,,,,,,,,,,
865,Riverside Cat Hospital,(951) 785-5287,11411 Magnolia Ave,Riverside,92505,General Practice,"Tuesday: 8:00 AM – 12:00 PM
Tuesday: 2:00 PM – 6:00 PM
Thursday: 8:00 AM – 6:00 PM
Friday: 8:00 AM – 12:00 PM
Friday: 2:00 PM – 6:00 PM
Saturday: 8:00 AM – 12:00 PM
Saturday: 2:00 PM – 6:00 PM
Sunday: 8:00 AM – 12:00 PM
Sunday: 2:00 PM – 6:00 PM",,,,,,,,,,,,,,,,,,,,,,,,,,,,,
866,Riverside Regional Veterinary Group,(951) 689-0440,4229 Van Buren Boulevard,Riverside,92503,General Practice,Monday: Open 24 hours,,,,,,,,,,,,,,,,,,,,,,,,,,,,,
867,Small Animal Hospital,(951) 684-1530,6695 Magnolia Ave,Riverside,92506,General Practice,"Tuesday: 8:00 AM – 6:00 PM
Wednesday: 8:00 AM – 6:00 PM
Thursday: 8:00 AM – 6:00 PM
Friday: 8:00 AM – 6:00 PM
Saturday: 8:00 AM – 6:00 PM",,,,,,,,,,,,,,,,,,,,,,,,,,,,,
868,SoCal Animal Hospital,(951) 729-6255,3700 Van Buren Boulevard # 105,Riverside,92503,General Practice,"Monday: 9:00 AM – 3:00 PM
Tuesday: 9:00 AM – 5:00 PM
Wednesday: 9:00 AM – 5:00 PM
Thursday: 9:00 AM – 5:00 PM
Friday: 9:00 AM – 5:00 PM
Saturday: 9:00 AM – 5:00 PM",,,,,,,,,,,,,,,,,,,,,,,,,,,,,
869,The Pets Place Animal Hospital,(951) 684-2181,625 W La Cadena Dr,Riverside,92501,General Practice,"Tuesday: 7:00 AM – 6:00 PM
Wednesday: 7:00 AM – 6:00 PM
Thursday: 7:00 AM – 6:00 PM
Friday: 7:00 AM – 6:00 PM
Saturday: 7:00 AM – 12:00 PM
Saturday: 2:00 PM – 6:00 PM
Sunday: 8:00 AM – 2:00 PM",,,,,,,,,,,,,,,,,,,,,,,,,,,,,
870,Town & Country Veterinary Clinic,(951) 682-3803,1845 University Ave # C,Riverside,92507,General Practice,"Tuesday: 8:00 AM – 5:00 PM
Wednesday: 8:00 AM – 5:00 PM
Thursday: 8:00 AM – 5:00 PM
Friday: 8:00 AM – 5:00 PM
Saturday: 8:00 AM – 4:00 PM",,,,,,,,,,,,,,,,,,,,,,,,,,,,,
871,Van Buren Animal Hospital,(951) 687-2630,5535 Van Buren Boulevard,Riverside,92503,General Practice,"Tuesday: 8:00 AM – 12:00 PM
Tuesday: 2:00 PM – 5:00 PM
Wednesday: 8:00 AM – 12:00 PM
Wednesday: 2:00 PM – 5:00 PM
Thursday: 8:00 AM – 12:00 PM
Thursday: 2:00 PM – 5:00 PM
Friday: 8:00 AM – 12:00 PM
Friday: 3:00 PM – 5:30 PM
Saturday: 8:00 AM – 12:00 PM
Saturday: 2:00 PM – 5:00 PM
Sunday: 8:00 AM – 12:00 PM",,,,,,,,,,,,,,,,,,,,,,,,,,,,,
872,Victoria Animal Hospital,(951) 683-7133,3400 Arlington Ave,Riverside,92506,General Practice,"Tuesday: 8:00 AM – 5:30 PM
Wednesday: 8:00 AM – 5:30 PM
Thursday: 8:00 AM – 5:30 PM
Saturday: 8:00 AM – 5:30 PM
Sunday: 8:00 AM – 4:30 PM",,,,,,,,,,,,,,,,,,,,,,,,,,,,,
873,Woodcrest Veterinary Clinic,(951) 780-3250,18945 Van Buren Boulevard,Riverside,92508,General Practice,"Tuesday: 8:00 AM – 7:00 PM
Wednesday: 8:00 AM – 7:00 PM
Thursday: 8:00 AM – 7:00 PM
Friday: 8:00 AM – 7:00 PM
Saturday: 8:00 AM – 7:00 PM
Sunday: 8:00 AM – 6:00 PM",,,,,,,,,,,,,,,,,,,,,,,,,,,,,
874,Rosemead Animal Hospital,(626) 444-0565,9639 Valley Blvd,Rosemead,91770,General Practice,"Tuesday: 9:00 AM – 12:00 PM
Tuesday: 2:00 PM – 5:30 PM
Wednesday: 9:00 AM – 12:00 PM
Wednesday: 2:00 PM – 5:30 PM
Thursday: 9:00 AM – 12:00 PM
Thursday: 2:00 PM – 5:30 PM
Friday: 9:00 AM – 12:00 PM
Friday: 2:00 PM – 5:30 PM
Saturday: 9:00 AM – 12:00 PM
Saturday: 2:00 PM – 5:30 PM
Sunday: 9:00 AM – 1:00 PM",,,,,,,,,,,,,,,,,,,,,,,,,,,,,
875,Animal Care Wellness Center,(909) 883-6464,3928 N Sierra Way,San Bernardino,92405,General Practice,"Tuesday: 9:30 AM – 5:00 PM
Wednesday: 9:30 AM – 4:00 PM
Thursday: 9:30 AM – 5:00 PM
Friday: 9:30 AM – 2:00 PM
Saturday: 9:30 AM – 5:00 PM",,,,,,,,,,,,,,,,,,,,,,,,,,,,,
876,Animal Medical Hospital Association,(909) 862-3020,25778 E Baseline St Suite B,San Bernardino,92410,General Practice,"Tuesday: 10:00 AM – 5:00 PM
Thursday: 10:00 AM – 5:00 PM
Saturday: 10:00 AM – 5:00 PM",,,,,,,,,,,,,,,,,,,,,,,,,,,,,
877,Arrowview Animal Hospital,(909) 883-0310,766 E Highland Ave,San Bernardino,92404,General Practice,"Tuesday: 8:00 AM – 6:00 PM
Wednesday: 8:00 AM – 6:00 PM
Friday: 8:00 AM – 6:00 PM
Saturday: 8:00 AM – 6:00 PM
Sunday: 8:00 AM – 5:00 PM",,,,,,,,,,,,,,,,,,,,,,,,,,,,,
878,Humane Society-San Bernardino,(909) 386-1400,374 W Orange Show Rd,San Bernardino,92408,General Practice,"Tuesday: 8:30 AM – 4:30 PM
Wednesday: 8:30 AM – 4:30 PM
Thursday: 8:30 AM – 4:30 PM
Friday: 8:30 AM – 4:30 PM
Saturday: 8:30 AM – 4:30 PM",,,,,,,,,,,,,,,,,,,,,,,,,,,,,
879,Loma Linda Animal Hospital,(909) 825-3144,2605 S Waterman Ave,San Bernardino,92408,General Practice,"Tuesday: 8:00 AM – 9:00 PM
Wednesday: 8:00 AM – 9:00 PM
Thursday: 8:00 AM – 9:00 PM
Friday: 8:00 AM – 9:00 PM
Saturday: 8:00 AM – 9:00 PM
Sunday: 8:00 AM – 9:00 PM",,,,,,,,,,,,,,,,,,,,,,,,,,,,,
880,VCA Northside Animal Hospital,(909) 883-0994,1775 Northpark Blvd W Suite B-1,San Bernardino,92407,General Practice,"Tuesday: 7:00 AM – 5:00 PM
Wednesday: 7:00 AM – 5:00 PM
Thursday: 7:00 AM – 5:00 PM
Friday: 7:00 AM – 5:00 PM
Saturday: 7:00 AM – 5:00 PM
Sunday: 8:00 AM – 1:00 PM",,,,,,,,,,,,,,,,,,,,,,,,,,,,,
881,West Highland Dog & Cat Hospital,(909) 887-5021,1795 W Highland Ave,San Bernardino,92411,General Practice,"Tuesday: 8:00 AM – 11:30 AM
Tuesday: 1:30 PM – 4:30 PM
Wednesday: 8:00 AM – 11:30 AM
Wednesday: 1:30 PM – 4:30 PM
Thursday: 8:00 AM – 11:30 AM
Thursday: 1:30 PM – 4:30 PM
Friday: 8:00 AM – 11:30 AM
Friday: 1:30 PM – 4:30 PM
Saturday: 8:00 AM – 11:30 AM
Saturday: 1:30 PM – 4:30 PM",,,,,,,,,,,,,,,,,,,,,,,,,,,,,
882,Avenida Animal Hospital,(949) 492-5628,1513 N El Camino Real,San Clemente,92672,General Practice,"Tuesday: 8:00 AM – 5:00 PM
Wednesday: 8:00 AM – 5:00 PM
Thursday: 8:00 AM – 5:00 PM
Friday: 8:00 AM – 5:00 PM
Saturday: 8:00 AM – 5:00 PM
Sunday: 8:00 AM – 4:00 PM",,,,,,,,,,,,,,,,,,,,,,,,,,,,,
883,Camino Veterinary Hospital,(949) 429-1555,1242 Puerta Del Sol,San Clemente,92673,General Practice,"Tuesday: 7:30 AM – 6:00 PM
Wednesday: 7:30 AM – 6:00 PM
Thursday: 7:30 AM – 6:00 PM
Friday: 7:30 AM – 6:00 PM
Saturday: 7:30 AM – 6:00 PM
Sunday: 8:00 AM – 3:00 PM",,,,,,,,,,,,,,,,,,,,,,,,,,,,,
884,Caring Heart Pet Hospital,null,620 Camino De Los Mares suite 620d,San Clemente,92673,General Practice,"Tuesday: 7:00 AM – 6:00 PM
Wednesday: 7:00 AM – 6:00 PM
Thursday: 7:00 AM – 6:00 PM
Friday: 7:00 AM – 6:00 PM
Saturday: 7:00 AM – 6:00 PM
Sunday: 8:00 AM – 2:00 PM",,,,,,,,,,,,,,,,,,,,,,,,,,,,,
885,Eden Animal Hospital,(949) 758-2288,620 Camino De Los Mares suite 620d,San Clemente,92673,General Practice,"Tuesday: 7:30 AM – 6:00 PM
Wednesday: 7:30 AM – 6:00 PM
Thursday: 7:30 AM – 6:00 PM
Friday: 7:30 AM – 6:00 PM
Saturday: 7:30 AM – 6:00 PM
Sunday: 8:00 AM – 3:00 PM",,,,,,,,,,,,,,,,,,,,,,,,,,,,,
886,Pico Veterinary Clinic San Clemente,(949) 366-0100,415 Avenida Pico Suite E,San Clemente,92672,General Practice,"Tuesday: 8:00 AM – 5:30 PM
Wednesday: 8:00 AM – 5:30 PM
Thursday: 8:00 AM – 5:30 PM
Friday: 8:00 AM – 5:30 PM
Saturday: 8:00 AM – 5:30 PM",,,,,,,,,,,,,,,,,,,,,,,,,,,,,
887,San Clemente Veterinary Hospital,(949) 492-5777,1833 S El Camino Real,San Clemente,92672,General Practice,"Monday: 8:00 AM – 6:00 PM
Tuesday: 7:30 AM – 7:00 PM
Wednesday: 7:30 AM – 7:00 PM
Thursday: 7:30 AM – 7:00 PM
Friday: 7:30 AM – 7:00 PM
Saturday: 7:30 AM – 7:00 PM
Sunday: 8:00 AM – 6:00 PM",,,,,,,,,,,,,,,,,,,,,,,,,,,,,
888,Talega Animal Hospital,(949) 481-8387,995 Avenida Pico,San Clemente,92673,General Practice,"Tuesday: 7:30 AM – 7:00 PM
Wednesday: 7:30 AM – 7:00 PM
Thursday: 7:30 AM – 7:00 PM
Friday: 7:30 AM – 7:00 PM
Saturday: 7:30 AM – 7:00 PM
Sunday: 8:00 AM – 5:30 PM",,,,,,,,,,,,,,,,,,,,,,,,,,,,,
889,ABC Veterinary Hospital Pacific Beach,(858) 270-4120,2032 Hornblend St,San Diego,92109,General Practice,"Tuesday: 7:30 AM – 6:00 PM
Wednesday: 7:30 AM – 6:00 PM
Thursday: 7:30 AM – 6:00 PM
Friday: 7:30 AM – 6:00 PM
Saturday: 7:30 AM – 6:00 PM
Sunday: 8:45 AM – 4:00 PM",,,,,,,,,,,,,,,,,,,,,,,,,,,,,
890,All Day Pet Hospital,(858) 716-7440,10175 Rancho Carmel Dr # 128,San Diego,92128,General Practice,"Tuesday: 8:00 AM – 8:00 PM
Wednesday: 8:00 AM – 8:00 PM
Thursday: 8:00 AM – 8:00 PM
Friday: 8:00 AM – 8:00 PM
Saturday: 8:00 AM – 8:00 PM
Sunday: 8:00 AM – 8:00 PM",,,,,,,,,,,,,,,,,,,,,,,,,,,,,
891,American Animal Hospital,(858) 586-7387,8135 Mira Mesa Blvd Unit 2,San Diego,92126,General Practice,"Tuesday: 8:30 AM – 6:30 PM
Wednesday: 8:30 AM – 6:30 PM
Thursday: 8:30 AM – 6:30 PM
Friday: 8:30 AM – 6:30 PM
Saturday: 8:30 AM – 6:30 PM
Sunday: 9:00 AM – 1:00 PM",,,,,,,,,,,,,,,,,,,,,,,,,,,,,
892,Amici Pet Hospital of Little Italy,(619) 795-2400,2135 Columbia St,San Diego,92101,General Practice,"Tuesday: 8:30 AM – 5:30 PM
Wednesday: 8:30 AM – 5:30 PM
Thursday: 8:30 AM – 5:30 PM
Friday: 8:30 AM – 5:30 PM
Saturday: 8:30 AM – 5:30 PM
Sunday: 8:30 AM – 2:30 PM",,,,,,,,,,,,,,,,,,,,,,,,,,,,,
893,Animal Healing Center,(619) 276-5900,1228 Vega St,San Diego,92110,General Practice,"Tuesday: 9:00 AM – 5:00 PM
Wednesday: 9:00 AM – 5:00 PM
Thursday: 9:00 AM – 5:00 PM
Friday: 9:00 AM – 5:00 PM
Saturday: 9:00 AM – 5:00 PM",,,,,,,,,,,,,,,,,,,,,,,,,,,,,
894,"Avian & Exotic Animal Hospital, Inc.",(619) 260-1412,1276 Morena Blvd,San Diego,92110,General Practice,"Tuesday: 8:00 AM – 6:00 PM
Wednesday: 8:00 AM – 6:00 PM
Thursday: 8:00 AM – 6:00 PM
Friday: 9:00 AM – 5:00 PM
Saturday: 9:00 AM – 5:00 PM
Sunday: 9:00 AM – 2:00 PM",,,,,,,,,,,,,,,,,,,,,,,,,,,,,
895,B Street Veterinary Hospital,(619) 237-0600,2675 B St,San Diego,92102,General Practice,"Monday: 8:00 AM – 6:00 PM
Tuesday: 8:00 AM – 6:00 PM
Wednesday: 8:00 AM – 6:00 PM
Thursday: 8:00 AM – 4:00 PM
Friday: 8:00 AM – 6:00 PM
Saturday: 8:00 AM – 6:00 PM
Sunday: 8:00 AM – 6:00 PM",,,,,,,,,,,,,,,,,,,,,,,,,,,,,
896,Balboa Veterinary Hospital,(858) 279-0425,7931 Balboa Ave,San Diego,92111,General Practice,"Tuesday: 8:00 AM – 6:00 PM
Wednesday: 8:00 AM – 6:00 PM
Thursday: 8:00 AM – 6:00 PM
Friday: 8:00 AM – 6:00 PM
Saturday: 8:00 AM – 6:00 PM
Sunday: 9:00 AM – 3:00 PM",,,,,,,,,,,,,,,,,,,,,,,,,,,,,
897,Bayview Veterinary Center,(858) 326-4133,4275 Mission Bay Dr. suite 102,San Diego,92109,General Practice,"Tuesday: 8:00 AM – 5:00 PM
Wednesday: 8:00 AM – 5:00 PM
Thursday: 8:00 AM – 5:00 PM
Friday: 8:00 AM – 5:00 PM
Saturday: 8:00 AM – 5:00 PM",,,,,,,,,,,,,,,,,,,,,,,,,,,,,
898,Bernardo Heights Veterinary Hospital,(858) 485-9111,15721 Bernardo Heights Pkwy,San Diego,92128,General Practice,"Tuesday: 8:00 AM – 5:30 PM
Wednesday: 8:00 AM – 5:30 PM
Thursday: 8:00 AM – 5:30 PM
Friday: 8:00 AM – 5:30 PM
Saturday: 8:00 AM – 5:30 PM",,,,,,,,,,,,,,,,,,,,,,,,,,,,,
899,Bird Rock Animal Hospital,(858) 459-3279,5588 La Jolla Blvd,San Diego,92037,General Practice,"Tuesday: 8:00 AM – 6:00 PM
Wednesday: 8:00 AM – 6:00 PM
Thursday: 8:00 AM – 6:00 PM
Friday: 8:00 AM – 6:00 PM
Saturday: 8:00 AM – 6:00 PM",,,,,,,,,,,,,,,,,,,,,,,,,,,,,
900,"Black Mountain Animal Hospital - Rancho Peñasquitos, San Diego Veterinarian",(858) 484-5000,13161 Black Mountain Rd #1,San Diego,92129,General Practice,"Tuesday: 7:30 AM – 5:00 PM
Wednesday: 7:30 AM – 5:00 PM
Thursday: 7:30 AM – 5:00 PM
Friday: 7:30 AM – 5:00 PM
Saturday: 7:30 AM – 5:00 PM",,,,,,,,,,,,,,,,,,,,,,,,,,,,,
901,"Bodhi Animal Hospital, A Thrive Pet Healthcare Partner",(619) 225-5838,2200 University Ave,San Diego,92104,General Practice,"Monday: 7:00 AM – 6:00 PM
Tuesday: 7:00 AM – 6:00 PM
Wednesday: 7:00 AM – 6:00 PM
Thursday: 7:00 AM – 6:00 PM
Friday: 7:00 AM – 6:00 PM
Saturday: 7:00 AM – 6:00 PM",,,,,,,,,,,,,,,,,,,,,,,,,,,,,
902,Cabrillo Pet Hospital,(619) 225-9684,4134 Voltaire St,San Diego,92107,General Practice,"Tuesday: 7:30 AM – 5:30 PM
Wednesday: 7:30 AM – 5:30 PM
Thursday: 7:30 AM – 5:30 PM
Friday: 7:30 AM – 5:30 PM
Saturday: 7:30 AM – 5:30 PM
Sunday: 7:30 AM – 1:30 PM",,,,,,,,,,,,,,,,,,,,,,,,,,,,,
903,Carmel Mountain Ranch Veterinary Hospital,(858) 592-9779,11925 Carmel Mountain Rd #802,San Diego,92128,General Practice,"Tuesday: 7:00 AM – 6:00 PM
Wednesday: 7:00 AM – 6:00 PM
Thursday: 7:00 AM – 6:00 PM
Friday: 7:00 AM – 6:00 PM
Saturday: 7:00 AM – 6:00 PM
Sunday: 8:30 AM – 5:00 PM",,,,,,,,,,,,,,,,,,,,,,,,,,,,,
904,Center Veterinary Clinic and Urgent Care,(858) 271-1152,9025 Mira Mesa Blvd,San Diego,92126,General Practice,"Monday: 8:30 AM – 6:00 PM
Tuesday: 7:30 AM – 9:00 PM
Wednesday: 7:30 AM – 9:00 PM
Thursday: 7:30 AM – 9:00 PM
Friday: 7:30 AM – 9:00 PM
Saturday: 7:30 AM – 7:00 PM
Sunday: 8:30 AM – 7:00 PM",,,,,,,,,,,,,,,,,,,,,,,,,,,,,
905,Clairemont Village Pet Clinic,(619) 275-5752,3007 Clairemont Dr G,San Diego,92117,General Practice,"Tuesday: 7:30 AM – 6:00 PM
Wednesday: 7:30 AM – 7:00 PM
Thursday: 7:30 AM – 6:00 PM
Friday: 7:30 AM – 7:00 PM
Saturday: 7:30 AM – 6:00 PM
Sunday: 8:00 AM – 2:00 PM",,,,,,,,,,,,,,,,,,,,,,,,,,,,,
906,CoastView Veterinary Hospital,(858) 914-1934,3895 Clairemont Dr #103,San Diego,92117,General Practice,"Tuesday: 8:00 AM – 6:00 PM
Wednesday: 8:00 AM – 6:00 PM
Thursday: 8:00 AM – 6:00 PM
Friday: 8:00 AM – 6:00 PM
Saturday: 8:00 AM – 6:00 PM
Sunday: 8:00 AM – 6:00 PM",,,,,,,,,,,,,,,,,,,,,,,,,,,,,
907,Colina Veterinary Hospital,(619) 286-3360,5530 University Ave,San Diego,92105,General Practice,"Tuesday: 8:00 AM – 6:00 PM
Wednesday: 8:00 AM – 6:00 PM
Thursday: 8:00 AM – 6:00 PM
Friday: 8:00 AM – 6:00 PM
Saturday: 8:00 AM – 6:00 PM
Sunday: 8:00 AM – 3:00 PM",,,,,,,,,,,,,,,,,,,,,,,,,,,,,
908,College Animal Hospital,(619) 286-1980,5653 El Cajon Blvd,San Diego,92115,General Practice,"Tuesday: 8:00 AM – 6:00 PM
Wednesday: 8:00 AM – 6:00 PM
Thursday: 8:00 AM – 6:00 PM
Friday: 8:00 AM – 6:00 PM
Saturday: 8:00 AM – 6:00 PM
Sunday: 9:00 AM – 3:00 PM",,,,,,,,,,,,,,,,,,,,,,,,,,,,,
909,Colony Veterinary Hospital,(858) 450-5047,7748 Regents Rd # 302,San Diego,92122,General Practice,"Tuesday: 8:00 AM – 6:00 PM
Wednesday: 8:00 AM – 6:00 PM
Thursday: 8:00 AM – 6:00 PM
Friday: 8:00 AM – 6:00 PM
Saturday: 8:00 AM – 6:00 PM
Sunday: 9:00 AM – 2:00 PM",,,,,,,,,,,,,,,,,,,,,,,,,,,,,
910,Companion Care Veterinary Hospital & Urgent Care,(858) 451-0990,16777 Bernardo Center Dr E-10,San Diego,92128,General Practice,"Tuesday: 8:00 AM – 5:30 PM
Wednesday: 8:00 AM – 5:30 PM
Thursday: 8:00 AM – 5:30 PM
Friday: 8:00 AM – 5:30 PM
Saturday: 8:00 AM – 5:30 PM",,,,,,,,,,,,,,,,,,,,,,,,,,,,,
911,Del Norte Animal Hospital,(858) 524-1146,10449 Reserve Dr #140,San Diego,92127,General Practice,"Monday: 8:00 AM – 5:00 PM
Tuesday: 7:30 AM – 6:00 PM
Wednesday: 7:30 AM – 6:00 PM
Thursday: 7:30 AM – 6:00 PM
Friday: 7:30 AM – 6:00 PM
Saturday: 7:30 AM – 6:00 PM
Sunday: 8:00 AM – 5:00 PM",,,,,,,,,,,,,,,,,,,,,,,,,,,,,
912,Governor Animal Clinic,(858) 453-6312,3240 Governor Dr,San Diego,92122,General Practice,"Tuesday: 7:30 AM – 5:30 PM
Wednesday: 7:30 AM – 5:30 PM
Thursday: 7:30 AM – 5:30 PM
Friday: 7:30 AM – 5:30 PM
Saturday: 7:30 AM – 5:30 PM
Sunday: 8:00 AM – 12:30 PM",,,,,,,,,,,,,,,,,,,,,,,,,,,,,
913,Harmony Animal Hospital,(619) 293-7600,3994 Park Blvd,San Diego,92103,General Practice,"Tuesday: 8:00 AM – 6:00 PM
Wednesday: 8:00 AM – 6:00 PM
Thursday: 8:00 AM – 6:00 PM
Friday: 8:00 AM – 6:00 PM
Saturday: 8:00 AM – 6:00 PM",,,,,,,,,,,,,,,,,,,,,,,,,,,,,
914,Highlands Ranch Animal Hospital,(858) 240-5239,13859 Carmel Valley Rd,San Diego,92130,General Practice,"Tuesday: 8:00 AM – 5:30 PM
Wednesday: 8:00 AM – 5:30 PM
Thursday: 8:00 AM – 5:30 PM
Friday: 8:00 AM – 5:30 PM
Saturday: 8:00 AM – 5:30 PM",,,,,,,,,,,,,,,,,,,,,,,,,,,,,
915,Home Sweet Home Veterinary Housecalls,(619) 226-7297,Seaside St,San Diego,92107,General Practice,"Tuesday: 8:00 AM – 5:00 PM
Wednesday: 8:00 AM – 5:00 PM
Thursday: 8:00 AM – 5:00 PM
Friday: 8:00 AM – 5:00 PM
Saturday: 8:00 AM – 5:00 PM",,,,,,,,,,,,,,,,,,,,,,,,,,,,,
916,HouseCollar Vet Home Euthanasia,(619) 356-1747,3288 Adams Ave,San Diego,92176,General Practice,"Tuesday: 8:00 AM – 4:00 PM
Wednesday: 8:00 AM – 4:00 PM
Thursday: 8:00 AM – 4:00 PM
Friday: 8:00 AM – 4:00 PM
Saturday: 8:00 AM – 4:00 PM",,,,,,,,,,,,,,,,,,,,,,,,,,,,,
917,Kearny Mesa Veterinary Center,(858) 279-3000,7677 Ronson Rd Suite 100,San Diego,92111,General Practice,"Tuesday: 7:30 AM – 6:00 PM
Wednesday: 7:30 AM – 6:00 PM
Thursday: 7:30 AM – 6:00 PM
Friday: 7:30 AM – 6:00 PM
Saturday: 7:30 AM – 6:00 PM
Sunday: 7:30 AM – 6:00 PM",,,,,,,,,,,,,,,,,,,,,,,,,,,,,
918,Kensington Veterinary Hospital,(619) 584-8418,3817 Adams Ave,San Diego,92116,General Practice,"Tuesday: 7:00 AM – 12:30 PM
Tuesday: 1:30 PM – 6:00 PM
Wednesday: 7:00 AM – 12:30 PM
Wednesday: 1:30 PM – 6:00 PM
Thursday: 7:00 AM – 12:30 PM
Thursday: 1:30 PM – 6:00 PM
Friday: 7:00 AM – 12:30 PM
Friday: 1:30 PM – 6:00 PM
Saturday: 7:00 AM – 12:30 PM
Saturday: 1:30 PM – 6:00 PM",,,,,,,,,,,,,,,,,,,,,,,,,,,,,
919,La Jolla Veterinary Hospital,(858) 454-6155,7520 Fay Ave,San Diego,92037,General Practice,"Tuesday: 7:30 AM – 6:00 PM
Wednesday: 7:30 AM – 6:00 PM
Thursday: 7:30 AM – 6:00 PM
Friday: 7:30 AM – 6:00 PM
Saturday: 7:30 AM – 6:00 PM
Sunday: 8:00 AM – 6:00 PM",,,,,,,,,,,,,,,,,,,,,,,,,,,,,
920,Lifetime Animal Care Center,(858) 274-1760,4250 Clairemont Mesa Blvd,San Diego,92117,General Practice,"Tuesday: 8:30 AM – 5:30 PM
Wednesday: 8:30 AM – 5:30 PM
Thursday: 8:30 AM – 5:30 PM
Friday: 8:30 AM – 5:30 PM
Saturday: 8:30 AM – 5:30 PM",,,,,,,,,,,,,,,,,,,,,,,,,,,,,
921,MCAS Miramar Veterinary Treatment Facility,(858) 307-6552,6360 Bauer Rd,San Diego,92145,General Practice,"Tuesday: 7:00 AM – 11:00 AM
Tuesday: 12:00 PM – 3:00 PM
Wednesday: 7:00 AM – 11:00 AM
Wednesday: 12:00 PM – 3:00 PM
Thursday: 7:00 AM – 11:00 AM
Thursday: 12:00 PM – 3:00 PM
Friday: 7:00 AM – 11:00 AM
Friday: 12:00 PM – 3:00 PM
Saturday: 7:00 AM – 11:00 AM
Saturday: 12:00 PM – 3:00 PM",,,,,,,,,,,,,,,,,,,,,,,,,,,,,
922,Mission Gorge Animal Hospital,(619) 280-1503,6690 Mission Gorge Rd suite m,San Diego,92120,General Practice,"Tuesday: 9:00 AM – 6:00 PM
Wednesday: 9:00 AM – 6:00 PM
Thursday: 9:00 AM – 6:00 PM
Friday: 9:00 AM – 6:00 PM
Saturday: 9:00 AM – 6:00 PM
Sunday: 9:00 AM – 1:00 PM",,,,,,,,,,,,,,,,,,,,,,,,,,,,,
923,Mission Valley Pet Clinic,(619) 281-2934,4329 Twain Ave,San Diego,92120,General Practice,"Tuesday: 8:00 AM – 6:00 PM
Wednesday: 8:00 AM – 6:00 PM
Thursday: 8:00 AM – 6:00 PM
Friday: 8:00 AM – 6:00 PM
Saturday: 8:00 AM – 6:00 PM
Sunday: 8:00 AM – 2:00 PM",,,,,,,,,,,,,,,,,,,,,,,,,,,,,
924,Morena Pet Hospital,(619) 275-0888,1540 Morena Blvd,San Diego,92110,General Practice,"Tuesday: 8:00 AM – 6:00 PM
Wednesday: 8:00 AM – 6:00 PM
Thursday: 8:00 AM – 6:00 PM
Friday: 8:00 AM – 6:00 PM
Saturday: 8:00 AM – 6:00 PM",,,,,,,,,,,,,,,,,,,,,,,,,,,,,
925,Our Pet Vets,(619) 225-8000,1270 Scott St,San Diego,92106,General Practice,"Tuesday: 7:00 AM – 6:00 PM
Wednesday: 7:00 AM – 6:00 PM
Thursday: 8:00 AM – 6:00 PM
Friday: 7:00 AM – 6:00 PM
Saturday: 7:00 AM – 6:00 PM
Sunday: 8:00 AM – 4:00 PM",,,,,,,,,,,,,,,,,,,,,,,,,,,,,
926,Papaya Veterinary Care - Carmel Valley,(619) 648-1434,5980 Village Way B104,San Diego,92130,General Practice,"Wednesday: 8:00 AM – 6:00 PM
Thursday: 8:00 AM – 6:00 PM
Friday: 8:00 AM – 6:00 PM
Saturday: 8:00 AM – 6:00 PM
Sunday: 8:00 AM – 5:00 PM",,,,,,,,,,,,,,,,,,,,,,,,,,,,,
927,Paradise Veterinary Hospital,(858) 271-5515,9396A Mira Mesa Blvd,San Diego,92126,General Practice,"Tuesday: 8:00 AM – 6:00 PM
Wednesday: 8:00 AM – 6:00 PM
Thursday: 10:00 AM – 8:00 PM
Friday: 8:00 AM – 6:00 PM
Saturday: 8:00 AM – 6:00 PM",,,,,,,,,,,,,,,,,,,,,,,,,,,,,
928,Pearl Street Pet Hospital,(858) 412-4776,801 Pearl St,San Diego,92037,General Practice,"Tuesday: 9:30 AM – 6:00 PM
Wednesday: 9:30 AM – 6:00 PM
Thursday: 9:30 AM – 6:00 PM
Friday: 9:30 AM – 6:00 PM
Saturday: 9:30 AM – 6:00 PM
Sunday: 9:00 AM – 4:00 PM",,,,,,,,,,,,,,,,,,,,,,,,,,,,,
929,Penasquitos Pet Clinic,(858) 360-7794,9728 Carmel Mountain Rd e,San Diego,92129,General Practice,"Tuesday: 7:00 AM – 6:00 PM
Wednesday: 7:00 AM – 6:00 PM
Thursday: 7:00 AM – 6:00 PM
Friday: 7:00 AM – 6:00 PM
Saturday: 7:00 AM – 6:00 PM",,,,,,,,,,,,,,,,,,,,,,,,,,,,,
930,Pet Clinic,null,6654 Mission Gorge Rd,San Diego,92120,General Practice,,,,,,,,,,,,,,,,,,,,,,,,,,,,,,
931,Pet Health Center of La Jolla,(858) 945-4565,1135 Torrey Pines Rd,San Diego,92037,General Practice,"Tuesday: 8:00 AM – 5:00 PM
Wednesday: 8:00 AM – 5:00 PM
Thursday: 8:00 AM – 5:00 PM
Friday: 8:00 AM – 5:00 PM
Saturday: 8:00 AM – 5:00 PM
Sunday: 8:00 AM – 12:00 PM",,,,,,,,,,,,,,,,,,,,,,,,,,,,,
932,Pet Hospital of North Park,(619) 278-0000,2444 University Ave,San Diego,92104,General Practice,"Tuesday: 8:30 AM – 5:30 PM
Wednesday: 8:30 AM – 5:30 PM
Thursday: 8:30 AM – 5:30 PM
Friday: 8:30 AM – 5:30 PM
Saturday: 8:30 AM – 5:30 PM
Sunday: 9:00 AM – 2:00 PM",,,,,,,,,,,,,,,,,,,,,,,,,,,,,
933,Pet Hospital of Penasquitos-Veterinary Specialist,(858) 484-3490,9888 Carmel Mountain Rd Ste F,San Diego,92129,General Practice,"Tuesday: 8:00 AM – 12:00 PM
Tuesday: 12:30 PM – 5:30 PM
Wednesday: 8:00 AM – 12:00 PM
Wednesday: 12:30 PM – 5:30 PM
Thursday: 8:00 AM – 12:00 PM
Thursday: 12:30 PM – 5:30 PM
Friday: 8:00 AM – 12:00 PM
Friday: 12:30 PM – 5:30 PM
Saturday: 8:00 AM – 12:00 PM
Saturday: 12:30 PM – 5:30 PM
Sunday: 8:00 AM – 12:00 PM
Sunday: 12:30 PM – 3:30 PM",,,,,,,,,,,,,,,,,,,,,,,,,,,,,
934,Pet n' Vet Support Services,(619) 208-4637,2358 University Ave #1011,San Diego,92104,General Practice,"Tuesday: 9:00 AM – 9:00 PM
Wednesday: 9:00 AM – 9:00 PM
Thursday: 9:00 AM – 9:00 PM
Friday: 9:00 AM – 9:00 PM
Saturday: 9:00 AM – 9:00 PM",,,,,,,,,,,,,,,,,,,,,,,,,,,,,
935,PETSURG,(858) 676-1600,12335 World Trade Dr STE 16,San Diego,92128,General Practice,Monday: Open 24 hours,,,,,,,,,,,,,,,,,,,,,,,,,,,,,
936,Point Loma Veterinary Clinic,(619) 222-4482,1964 Sunset Cliffs Blvd,San Diego,92107,General Practice,"Tuesday: 8:00 AM – 6:00 PM
Wednesday: 8:00 AM – 6:00 PM
Thursday: 8:00 AM – 6:00 PM
Friday: 8:00 AM – 6:00 PM
Saturday: 8:00 AM – 5:00 PM
Sunday: 8:00 AM – 2:00 PM",,,,,,,,,,,,,,,,,,,,,,,,,,,,,
937,Rancho Bernardo Pet Hospital,(858) 451-1700,16495 Bernardo Center Dr,San Diego,92128,General Practice,"Tuesday: 8:00 AM – 6:00 PM
Wednesday: 8:00 AM – 6:00 PM
Thursday: 8:00 AM – 6:00 PM
Friday: 8:00 AM – 6:00 PM
Saturday: 8:00 AM – 6:00 PM
Sunday: 9:00 AM – 4:00 PM",,,,,,,,,,,,,,,,,,,,,,,,,,,,,
938,Rancho Bernardo Veterinary Clinic,(858) 487-4130,12540 Oaks N Dr ste a2,San Diego,92128,General Practice,"Tuesday: 8:30 AM – 5:30 PM
Wednesday: 8:30 AM – 5:30 PM
Thursday: 8:30 AM – 5:30 PM
Friday: 8:30 AM – 5:30 PM
Saturday: 8:30 AM – 5:30 PM
Sunday: 8:30 AM – 3:00 PM",,,,,,,,,,,,,,,,,,,,,,,,,,,,,
939,Rancho Mesa Animal Hospital,(858) 566-0422,8710 Miramar Rd,San Diego,92126,General Practice,"Tuesday: 8:00 AM – 5:30 PM
Wednesday: 8:00 AM – 5:30 PM
Thursday: 8:00 AM – 5:30 PM
Friday: 8:00 AM – 5:30 PM
Saturday: 8:00 AM – 5:30 PM
Sunday: 8:00 AM – 2:30 PM",,,,,,,,,,,,,,,,,,,,,,,,,,,,,
940,Rancho San Carlos Pet Clinic,(619) 462-6820,7850 Golfcrest Dr,San Diego,92119,General Practice,"Tuesday: 7:00 AM – 6:00 PM
Wednesday: 7:00 AM – 6:00 PM
Thursday: 7:00 AM – 6:00 PM
Friday: 7:00 AM – 6:00 PM
Saturday: 7:00 AM – 6:00 PM
Sunday: 8:00 AM – 5:00 PM",,,,,,,,,,,,,,,,,,,,,,,,,,,,,
941,Rose Canyon Animal Hospital,(858) 273-4680,4295 Jutland Dr,San Diego,92117,General Practice,"Monday: 9:00 AM – 5:00 PM
Tuesday: 8:00 AM – 8:00 PM
Wednesday: 8:00 AM – 8:00 PM
Thursday: 8:00 AM – 8:00 PM
Friday: 8:00 AM – 8:00 PM
Saturday: 8:00 AM – 8:00 PM",,,,,,,,,,,,,,,,,,,,,,,,,,,,,
942,San Carlos Animal Hospital,(619) 460-3100,8618 Lake Murray Blvd,San Diego,92119,General Practice,"Tuesday: 7:00 AM – 5:30 PM
Wednesday: 7:00 AM – 5:30 PM
Thursday: 7:00 AM – 5:30 PM
Friday: 7:00 AM – 5:30 PM
Saturday: 7:00 AM – 5:30 PM",,,,,,,,,,,,,,,,,,,,,,,,,,,,,
943,San Diego Affordable Veterinary Care,(619) 977-1114,2860 University Ave,San Diego,92104,General Practice,"Monday: 12:00 PM – 10:00 PM
Tuesday: 5:00 PM – 12:00 AM
Saturday: 5:00 PM – 12:00 AM
Sunday: 12:00 PM – 12:00 AM",,,,,,,,,,,,,,,,,,,,,,,,,,,,,
944,San Diego Bay Animal Hospital,(619) 481-3007,3681 Sports Arena Blvd,San Diego,92110,General Practice,"Monday: 8:00 AM – 6:30 PM
Tuesday: 8:00 AM – 7:30 PM
Wednesday: 8:00 AM – 7:30 PM
Thursday: 8:00 AM – 7:30 PM
Friday: 8:00 AM – 7:30 PM
Saturday: 8:00 AM – 7:30 PM
Sunday: 8:00 AM – 6:30 PM",,,,,,,,,,,,,,,,,,,,,,,,,,,,,
945,Santaluz Animal Care,(858) 258-5590,14677 Via Bettona #105,San Diego,92127,General Practice,"Tuesday: 9:00 AM – 5:00 PM
Wednesday: 9:00 AM – 5:00 PM
Thursday: 9:00 AM – 5:00 PM
Friday: 9:00 AM – 5:00 PM
Saturday: 9:00 AM – 5:00 PM
Sunday: 9:00 AM – 5:00 PM",,,,,,,,,,,,,,,,,,,,,,,,,,,,,
946,Scoggin Kevin DVM,(858) 272-0829,1033 Grand Ave Apt B,San Diego,92109,General Practice,,,,,,,,,,,,,,,,,,,,,,,,,,,,,,
947,Scripps Ranch Veterinary Hospital,(858) 549-4300,9990 Scripps Ranch Blvd,San Diego,92131,General Practice,"Tuesday: 8:00 AM – 6:00 PM
Wednesday: 8:00 AM – 6:00 PM
Thursday: 8:00 AM – 6:00 PM
Friday: 8:00 AM – 6:00 PM
Saturday: 8:00 AM – 6:00 PM
Sunday: 9:00 AM – 2:00 PM",,,,,,,,,,,,,,,,,,,,,,,,,,,,,
948,Shelter Island Veterinary Hospital,(619) 841-1469,3625 Midway Dr Suite T,San Diego,92110,General Practice,"Tuesday: 8:00 AM – 6:00 PM
Wednesday: 8:00 AM – 6:00 PM
Thursday: 8:00 AM – 6:00 PM
Friday: 8:00 AM – 6:00 PM
Saturday: 8:00 AM – 6:00 PM",,,,,,,,,,,,,,,,,,,,,,,,,,,,,
949,South San Diego Veterinary Hospital,(619) 423-7121,2910 Coronado Ave,San Diego,92154,General Practice,"Tuesday: 9:00 AM – 5:30 PM
Wednesday: 9:00 AM – 5:30 PM
Thursday: 9:00 AM – 5:30 PM
Friday: 9:00 AM – 5:30 PM
Saturday: 9:00 AM – 5:30 PM",,,,,,,,,,,,,,,,,,,,,,,,,,,,,
950,Southpaw Vet,(619) 683-4050,7995 Civita Blvd Suite 3,San Diego,92108,General Practice,"Tuesday: 8:00 AM – 6:00 PM
Wednesday: 8:00 AM – 6:00 PM
Thursday: 8:00 AM – 6:00 PM
Friday: 8:00 AM – 6:00 PM
Saturday: 8:00 AM – 6:00 PM
Sunday: 9:00 AM – 2:00 PM",,,,,,,,,,,,,,,,,,,,,,,,,,,,,
951,Stitch Veterinary Urgent Care and Surgery,(858) 422-4822,10755 Scripps Poway Pkwy # L,San Diego,92131,General Practice,"Monday: 8:00 AM – 6:00 PM
Tuesday: 10:00 AM – 8:00 PM
Wednesday: 10:00 AM – 8:00 PM
Thursday: 10:00 AM – 8:00 PM
Friday: 10:00 AM – 8:00 PM
Saturday: 10:00 AM – 8:00 PM
Sunday: 8:00 AM – 6:00 PM",,,,,,,,,,,,,,,,,,,,,,,,,,,,,
952,Sunset Cliffs Animal Hospital,(619) 224-0773,4862 Santa Monica Ave,San Diego,92107,General Practice,"Tuesday: 7:00 AM – 5:30 PM
Wednesday: 7:00 AM – 5:30 PM
Thursday: 7:00 AM – 5:30 PM
Friday: 7:00 AM – 5:30 PM
Saturday: 7:00 AM – 5:30 PM
Sunday: 8:00 AM – 1:30 PM",,,,,,,,,,,,,,,,,,,,,,,,,,,,,
953,Telavets,(424) 484-2218,7451 Las Lunas,San Diego,92127,General Practice,Monday: Open 24 hours,,,,,,,,,,,,,,,,,,,,,,,,,,,,,
954,Tell Tail Veterinary Urgent Care,(619) 282-8035,10397 Friars Rd,San Diego,92120,General Practice,"Monday: 10:00 AM – 6:00 PM
Tuesday: 8:00 AM – 6:00 PM
Wednesday: 8:00 AM – 6:00 PM
Thursday: 8:00 AM – 6:00 PM
Friday: 8:00 AM – 6:00 PM
Saturday: 8:00 AM – 6:00 PM",,,,,,,,,,,,,,,,,,,,,,,,,,,,,
955,The inFURmary,(858) 634-9761,9934 Mercy Rd,San Diego,92129,General Practice,"Wednesday: 7:30 AM – 6:00 PM
Thursday: 7:30 AM – 6:00 PM
Friday: 7:30 AM – 6:00 PM
Saturday: 7:30 AM – 6:00 PM
Sunday: 8:00 AM – 6:00 PM",,,,,,,,,,,,,,,,,,,,,,,,,,,,,
956,The Pet Hospital of Tierrasanta,(858) 569-7777,6030 Santo Rd,San Diego,92124,General Practice,"Tuesday: 8:00 AM – 6:00 PM
Wednesday: 8:00 AM – 6:00 PM
Thursday: 8:00 AM – 6:00 PM
Friday: 8:00 AM – 6:00 PM
Saturday: 8:00 AM – 6:00 PM",,,,,,,,,,,,,,,,,,,,,,,,,,,,,
957,Tierramesa Veterinary Clinic,(858) 268-0044,9353 Clairemont Mesa Blvd # Q,San Diego,92123,General Practice,"Tuesday: 8:30 AM – 5:30 PM
Wednesday: 8:30 AM – 5:30 PM
Thursday: 8:30 AM – 12:00 PM
Friday: 8:30 AM – 5:30 PM
Saturday: 8:30 AM – 5:30 PM",,,,,,,,,,,,,,,,,,,,,,,,,,,,,
958,Tierrasanta Veterinary Hospital,(858) 292-6116,10799 Tierrasanta Blvd,San Diego,92124,General Practice,"Tuesday: 8:00 AM – 6:00 PM
Wednesday: 8:00 AM – 6:00 PM
Thursday: 8:00 AM – 6:00 PM
Friday: 8:00 AM – 6:00 PM
Saturday: 8:00 AM – 6:00 PM
Sunday: 8:00 AM – 2:00 PM",,,,,,,,,,,,,,,,,,,,,,,,,,,,,
959,Torrey Highlands Pet Health Care Center,(858) 240-0051,13350 Camino Del Sur Suite 2,San Diego,92129,General Practice,"Tuesday: 8:30 AM – 5:00 PM
Wednesday: 8:30 AM – 5:00 PM
Thursday: 8:30 AM – 5:00 PM
Friday: 8:30 AM – 5:00 PM
Saturday: 8:30 AM – 5:00 PM",,,,,,,,,,,,,,,,,,,,,,,,,,,,,
960,Torrey Hills Pet Hospital,(858) 755-8275,4653 Carmel Mountain Rd #301,San Diego,92130,General Practice,"Tuesday: 8:00 AM – 5:30 PM
Wednesday: 8:00 AM – 5:30 PM
Thursday: 8:00 AM – 5:30 PM
Friday: 8:00 AM – 5:30 PM
Saturday: 8:00 AM – 5:30 PM",,,,,,,,,,,,,,,,,,,,,,,,,,,,,
961,Torrey Pines Animal Hospital,(858) 720-8724,3890 Valley Centre Dr #101,San Diego,92130,General Practice,"Monday: 9:00 AM – 5:00 PM
Tuesday: 8:00 AM – 6:00 PM
Wednesday: 8:00 AM – 6:00 PM
Thursday: 8:00 AM – 6:00 PM
Friday: 8:00 AM – 6:00 PM
Saturday: 8:00 AM – 6:00 PM
Sunday: 9:00 AM – 5:00 PM",,,,,,,,,,,,,,,,,,,,,,,,,,,,,
962,Towne Centre Animal Hospital,(858) 452-7100,8915 Towne Centre Dr Suite 110,San Diego,92122,General Practice,"Tuesday: 8:00 AM – 6:00 PM
Wednesday: 8:00 AM – 6:00 PM
Thursday: 8:00 AM – 6:00 PM
Friday: 8:00 AM – 6:00 PM
Saturday: 8:00 AM – 6:00 PM
Sunday: 9:00 AM – 1:00 PM",,,,,,,,,,,,,,,,,,,,,,,,,,,,,
963,Turquoise Animal Hospital,(858) 488-0658,950 Turquoise St,San Diego,92109,General Practice,"Tuesday: 8:30 AM – 5:00 PM
Wednesday: 8:30 AM – 5:00 PM
Thursday: 8:30 AM – 5:00 PM
Friday: 8:30 AM – 5:00 PM
Saturday: 8:30 AM – 5:00 PM
Sunday: 8:00 AM – 4:00 PM",,,,,,,,,,,,,,,,,,,,,,,,,,,,,
964,University of California Veterinary Medical Center - San Diego,(858) 875-7505,10435 Sorrento Valley Rd UNIT 101,San Diego,92121,General Practice,"Tuesday: 9:00 AM – 5:00 PM
Wednesday: 9:00 AM – 5:00 PM
Thursday: 9:00 AM – 5:00 PM
Friday: 9:00 AM – 5:00 PM
Saturday: 9:00 AM – 5:00 PM",,,,,,,,,,,,,,,,,,,,,,,,,,,,,
965,Uptown Animal Hospital,(619) 299-6020,4054 Normal St,San Diego,92103,General Practice,"Tuesday: 8:00 AM – 7:00 PM
Wednesday: 8:00 AM – 7:00 PM
Thursday: 8:00 AM – 7:00 PM
Friday: 8:00 AM – 7:00 PM
Saturday: 8:00 AM – 7:00 PM
Sunday: 9:00 AM – 5:00 PM",,,,,,,,,,,,,,,,,,,,,,,,,,,,,
966,Urgent Care Pet Clinic,(858) 379-6550,8915 Towne Centre Dr Suite 110,San Diego,92122,General Practice,"Tuesday: 5:00 PM – 11:00 PM
Wednesday: 5:00 PM – 11:00 PM
Thursday: 5:00 PM – 11:00 PM
Friday: 5:00 PM – 11:00 PM
Saturday: 5:00 PM – 11:00 PM
Sunday: 5:00 PM – 11:00 PM",,,,,,,,,,,,,,,,,,,,,,,,,,,,,
967,VCA 4 Paws Animal Hospital,(858) 487-7297,16625 Dove Canyon Rd Suite 106 Suite 106,San Diego,92127,General Practice,"Tuesday: 7:30 AM – 4:00 PM
Wednesday: 7:30 AM – 4:00 PM
Thursday: 7:30 AM – 4:00 PM
Friday: 7:30 AM – 4:00 PM
Saturday: 7:30 AM – 4:00 PM
Sunday: 8:00 AM – 2:00 PM",,,,,,,,,,,,,,,,,,,,,,,,,,,,,
968,VCA Animal Hospitals Urgent Care - Mira Mesa,(858) 633-5070,6755 Mira Mesa Blvd STE 128,San Diego,92121,General Practice,"Monday: 10:00 AM – 8:00 PM
Tuesday: 10:00 AM – 8:00 PM
Wednesday: 10:00 AM – 8:00 PM
Thursday: 10:00 AM – 8:00 PM
Friday: 10:00 AM – 8:00 PM
Saturday: 10:00 AM – 8:00 PM
Sunday: 10:00 AM – 8:00 PM",,,,,,,,,,,,,,,,,,,,,,,,,,,,,
969,VCA Bay Park Animal Hospital,(619) 276-1616,3024 Hancock St,San Diego,92110,General Practice,"Tuesday: 8:00 AM – 6:00 PM
Wednesday: 8:00 AM – 6:00 PM
Thursday: 8:00 AM – 6:00 PM
Friday: 8:00 AM – 6:00 PM
Saturday: 8:00 AM – 6:00 PM
Sunday: 9:00 AM – 4:00 PM",,,,,,,,,,,,,,,,,,,,,,,,,,,,,
970,VCA Emergency Animal Hospital & Referral Center,(619) 299-2400,7675 Mission Valley Rd,San Diego,92108,General Practice,Monday: Open 24 hours,,,,,,,,,,,,,,,,,,,,,,,,,,,,,
971,VCA Hillcrest Animal Hospital,(619) 299-7387,246 W Washington St,San Diego,92103,General Practice,"Tuesday: 7:30 AM – 6:00 PM
Wednesday: 7:30 AM – 6:00 PM
Thursday: 7:30 AM – 6:00 PM
Friday: 7:30 AM – 6:00 PM
Saturday: 7:30 AM – 6:00 PM
Sunday: 9:00 AM – 5:00 PM",,,,,,,,,,,,,,,,,,,,,,,,,,,,,
972,VCA Main Street Animal Hospital,(619) 232-7401,2773 Main St,San Diego,92113,General Practice,"Tuesday: 8:00 AM – 5:30 PM
Wednesday: 8:00 AM – 5:30 PM
Thursday: 8:00 AM – 5:30 PM
Friday: 8:00 AM – 5:30 PM
Saturday: 8:00 AM – 5:30 PM",,,,,,,,,,,,,,,,,,,,,,,,,,,,,
973,VCA Market Street Animal Hospital,(619) 230-1220,633 Seventh Ave,San Diego,92101,General Practice,"Tuesday: 8:00 AM – 6:00 PM
Wednesday: 8:00 AM – 6:00 PM
Thursday: 8:00 AM – 6:00 PM
Friday: 8:00 AM – 6:00 PM
Saturday: 8:00 AM – 6:00 PM
Sunday: 8:00 AM – 6:00 PM",,,,,,,,,,,,,,,,,,,,,,,,,,,,,
974,VCA Pacific Petcare Animal Hospital,(858) 481-1101,12720 Carmel Country Rd #100,San Diego,92130,General Practice,"Tuesday: 7:00 AM – 4:00 PM
Wednesday: 7:00 AM – 4:00 PM
Thursday: 7:00 AM – 4:00 PM
Friday: 7:00 AM – 4:00 PM
Saturday: 7:00 AM – 4:00 PM",,,,,,,,,,,,,,,,,,,,,,,,,,,,,
975,VCA Peninsula Animal Hospital,(619) 223-7145,3767 Voltaire St,San Diego,92107,General Practice,"Tuesday: 8:00 AM – 6:00 PM
Wednesday: 8:00 AM – 6:00 PM
Thursday: 8:00 AM – 6:00 PM
Friday: 8:00 AM – 6:00 PM
Saturday: 8:00 AM – 6:00 PM
Sunday: 8:00 AM – 6:00 PM",,,,,,,,,,,,,,,,,,,,,,,,,,,,,
976,Vetco,null,1780 Garnet Ave,San Diego,92109,General Practice,Monday: 10:00 AM – 1:00 PM,,,,,,,,,,,,,,,,,,,,,,,,,,,,,
977,Veterinary Specialty Hospital - Sorrento Valley,(858) 875-7500,10435 Sorrento Valley Rd,San Diego,92121,General Practice,Monday: Open 24 hours,,,,,,,,,,,,,,,,,,,,,,,,,,,,,
978,Vets Near Me,(855) 899-3990,"Sports Club, 2305 Historic Decatur Rd",San Diego,92106,General Practice,,,,,,,,,,,,,,,,,,,,,,,,,,,,,,
979,WAG Animal ER,(858) 877-9393,12880 Rancho Peñasquitos Blvd Suite B,San Diego,92129,General Practice,"Tuesday: 6:00 PM – 8:00 AM
Wednesday: 6:00 PM – 8:00 AM
Thursday: 6:00 PM – 8:00 AM
Friday: 6:00 PM – 8:00 AM
Saturday: 6:00 PM – 12:00 AM",,,,,,,,,,,,,,,,,,,,,,,,,,,,,
980,West Coast Animal Hospital,(619) 431-1423,5269 Linda Vista Rd,San Diego,92110,General Practice,"Monday: 8:00 AM – 6:00 PM
Tuesday: 8:00 AM – 6:00 PM
Wednesday: 8:00 AM – 6:00 PM
Thursday: 8:00 AM – 6:00 PM
Friday: 8:00 AM – 6:00 PM
Saturday: 8:00 AM – 6:00 PM
Sunday: 8:00 AM – 6:00 PM",,,,,,,,,,,,,,,,,,,,,,,,,,,,,
981,Windan' Sea Veterinary Clinic,(858) 454-0354,6911 La Jolla Blvd,San Diego,92037,General Practice,"Tuesday: 7:30 AM – 5:30 AM
Wednesday: 7:30 AM – 5:30 PM
Thursday: 7:30 AM – 5:30 PM
Friday: 7:30 AM – 5:30 PM
Saturday: 7:30 AM – 5:30 PM
Sunday: 8:00 AM – 12:30 PM",,,,,,,,,,,,,,,,,,,,,,,,,,,,,
982,Arrow Animal Hospital,(909) 592-1931,334 W Arrow Hwy,San Dimas,91773,General Practice,"Tuesday: 8:00 AM – 6:00 PM
Wednesday: 8:00 AM – 6:00 PM
Thursday: 8:00 AM – 6:00 PM
Friday: 8:00 AM – 6:00 PM
Saturday: 8:00 AM – 6:00 PM
Sunday: 8:00 AM – 12:00 PM",,,,,,,,,,,,,,,,,,,,,,,,,,,,,
983,PetVets Animal Hospital,(909) 966-5552,555 W Arrow Hwy,San Dimas,91773,General Practice,"Tuesday: 8:00 AM – 5:00 PM
Wednesday: 8:00 AM – 5:00 PM
Thursday: 8:00 AM – 5:00 PM
Friday: 8:00 AM – 5:00 PM
Saturday: 8:00 AM – 5:00 PM",,,,,,,,,,,,,,,,,,,,,,,,,,,,,
984,San Dimas Animal Hospital,(909) 599-1508,314 N San Dimas Ave,San Dimas,91773,General Practice,"Tuesday: 7:30 AM – 6:00 PM
Wednesday: 7:30 AM – 6:00 PM
Thursday: 7:30 AM – 6:00 PM
Friday: 7:30 AM – 6:00 PM
Saturday: 7:30 AM – 6:00 PM
Sunday: 8:00 AM – 4:00 PM",,,,,,,,,,,,,,,,,,,,,,,,,,,,,
985,San Dimas Pet Clinic,(909) 592-0038,987 W Arrow Hwy,San Dimas,91773,General Practice,"Tuesday: 8:00 AM – 5:30 PM
Wednesday: 8:00 AM – 5:30 PM
Thursday: 8:00 AM – 5:30 PM
Friday: 8:00 AM – 5:30 PM
Saturday: 8:00 AM – 5:30 PM
Sunday: 8:00 AM – 2:00 PM",,,,,,,,,,,,,,,,,,,,,,,,,,,,,
986,Via Verde Animal Hospital,(909) 541-5051,1138 Via Verde,San Dimas,91773,General Practice,"Tuesday: 10:00 AM – 8:00 PM
Wednesday: 10:00 AM – 8:00 PM
Thursday: 10:00 AM – 8:00 PM
Friday: 10:00 AM – 8:00 PM
Saturday: 10:00 AM – 8:00 PM
Sunday: 10:00 AM – 7:00 PM",,,,,,,,,,,,,,,,,,,,,,,,,,,,,
987,Temple City Animal Hospital,(626) 287-1173,5406 Rosemead Blvd,San Gabriel,91776,General Practice,"Tuesday: 8:00 AM – 7:00 PM
Wednesday: 8:00 AM – 7:00 PM
Thursday: 8:00 AM – 7:00 PM
Friday: 8:00 AM – 7:00 PM
Saturday: 8:00 AM – 7:00 PM
Sunday: 9:00 AM – 5:00 PM",,,,,,,,,,,,,,,,,,,,,,,,,,,,,
988,Valley Veterinary Hospital Martin Cootauco， D.V.M.,(626) 512-8935,1007 E Valley Blvd,San Gabriel,91776,General Practice,"Tuesday: 9:00 AM – 11:00 AM
Tuesday: 2:00 PM – 4:00 PM
Wednesday: 9:00 AM – 11:00 AM
Wednesday: 2:00 PM – 4:00 PM
Thursday: 9:00 AM – 11:00 AM
Thursday: 2:00 PM – 4:00 PM
Friday: 9:00 AM – 11:00 AM
Friday: 2:00 PM – 4:00 PM
Saturday: 9:00 AM – 11:00 AM
Saturday: 2:00 PM – 4:00 PM
Sunday: 9:00 AM – 12:00 PM
Sunday: 2:00 PM – 4:00 PM",,,,,,,,,,,,,,,,,,,,,,,,,,,,,
989,Mission Equine Hospital,(949) 661-2225,31441 Avenida De La Vista,San Juan Capistrano,92675,General Practice,"Tuesday: 8:30 AM – 4:30 PM
Wednesday: 8:30 AM – 4:30 PM
Thursday: 8:30 AM – 4:30 PM
Friday: 8:30 AM – 4:30 PM
Saturday: 8:30 AM – 4:00 PM",,,,,,,,,,,,,,,,,,,,,,,,,,,,,
990,Ortega Animal Care Center,(949) 298-9195,27341 Ortega Hwy.,San Juan Capistrano,92675,General Practice,"Tuesday: 8:00 AM – 6:00 PM
Wednesday: 8:00 AM – 6:00 PM
Thursday: 8:00 AM – 6:00 PM
Friday: 8:00 AM – 6:00 PM
Saturday: 8:00 AM – 6:00 PM
Sunday: 8:00 AM – 5:00 PM",,,,,,,,,,,,,,,,,,,,,,,,,,,,,
991,"Ortega Animal Care Center - Brent Utterback, DVM",(949) 298-9196,27341 Ortega Hwy.,San Juan Capistrano,92675,General Practice,"Tuesday: 8:00 AM – 6:00 PM
Wednesday: 8:00 AM – 6:00 PM
Thursday: 8:00 AM – 6:00 PM
Friday: 8:00 AM – 6:00 PM
Saturday: 8:00 AM – 6:00 PM
Sunday: 8:00 AM – 5:00 PM",,,,,,,,,,,,,,,,,,,,,,,,,,,,,
992,San Juan Animal Hospital,(949) 493-1147,32391 San Juan Creek Rd,San Juan Capistrano,92675,General Practice,"Tuesday: 8:00 AM – 6:00 PM
Wednesday: 8:00 AM – 6:00 PM
Thursday: 8:00 AM – 6:00 PM
Friday: 8:00 AM – 6:00 PM
Saturday: 8:00 AM – 6:00 PM
Sunday: 8:00 AM – 6:00 PM",,,,,,,,,,,,,,,,,,,,,,,,,,,,,
993,Vet MedSpa,(949) 415-4161,31878 Del Obispo St Ste 333,San Juan Capistrano,92675,General Practice,,,,,,,,,,,,,,,,,,,,,,,,,,,,,,
994,Veterinary Medical and Surgical Group - OC,(949) 289-9426,31896 Plaza Dr suite c1,San Juan Capistrano,92675,General Practice,Monday: Open 24 hours,,,,,,,,,,,,,,,,,,,,,,,,,,,,,
995,Advanced Veterinary Care of San Elijo,(760) 736-3636,1691 Melrose Dr,San Marcos,92078,General Practice,"Tuesday: 8:00 AM – 6:00 PM
Wednesday: 8:00 AM – 6:00 PM
Thursday: 8:00 AM – 6:00 PM
Friday: 8:00 AM – 6:00 PM
Saturday: 8:00 AM – 6:00 PM
Sunday: 8:00 AM – 2:00 PM",,,,,,,,,,,,,,,,,,,,,,,,,,,,,
996,Discovery Valley Animal Hospital,(760) 744-0032,565 Grand Ave Ste 101,San Marcos,92078,General Practice,"Tuesday: 8:30 AM – 5:30 PM
Wednesday: 8:30 AM – 5:30 PM
Thursday: 8:30 AM – 5:30 PM
Friday: 8:30 AM – 5:30 PM
Saturday: 8:30 AM – 5:30 PM
Sunday: 9:00 AM – 4:00 PM",,,,,,,,,,,,,,,,,,,,,,,,,,,,,
997,East & West Animal Hospital - San Marcos,(760) 295-0550,750 S Rancho Santa Fe Rd,San Marcos,92078,General Practice,"Tuesday: 8:00 AM – 6:00 PM
Wednesday: 8:00 AM – 6:00 PM
Thursday: 8:00 AM – 6:00 PM
Friday: 8:00 AM – 6:00 PM
Saturday: 8:00 AM – 6:00 PM
Sunday: 8:00 AM – 4:00 PM",,,,,,,,,,,,,,,,,,,,,,,,,,,,,
998,Eye Care for Animals - San Marcos,(442) 224-6844,1903 W San Marcos Blvd #140,San Marcos,92078,General Practice,"Tuesday: 8:00 AM – 4:00 PM
Wednesday: 8:00 AM – 4:00 PM
Thursday: 8:00 AM – 4:00 PM
Friday: 8:00 AM – 4:00 PM
Saturday: 8:00 AM – 4:00 PM",,,,,,,,,,,,,,,,,,,,,,,,,,,,,
999,Nordahl Pet Clinic,(760) 738-7399,630 Nordahl Rd L,San Marcos,92069,General Practice,"Tuesday: 8:00 AM – 6:00 PM
Wednesday: 8:00 AM – 6:00 PM
Thursday: 8:00 AM – 6:00 PM
Friday: 12:00 PM – 6:00 PM
Saturday: 8:00 AM – 6:00 PM",,,,,,,,,,,,,,,,,,,,,,,,,,,,,
1000,San Elijo Hills Veterinary Clinic,(760) 517-8700,1217 San Elijo Rd S Suite 103,San Marcos,92078,General Practice,"Tuesday: 8:00 AM – 6:00 PM
Wednesday: 8:00 AM – 6:00 PM
Thursday: 8:00 AM – 6:00 PM
Friday: 8:00 AM – 6:00 PM
Saturday: 8:00 AM – 6:00 PM
Sunday: 8:00 AM – 1:00 PM",,,,,,,,,,,,,,,,,,,,,,,,,,,,,
1001,San Marcos Blvd Veterinary Hospital & Urgent Care - Emergency Vet,(760) 282-2505,997 W San Marcos Blvd #102a,San Marcos,92078,General Practice,"Monday: 10:00 AM – 4:00 PM
Tuesday: 8:00 AM – 8:00 PM
Wednesday: 9:00 AM – 7:00 PM
Thursday: 9:00 AM – 7:00 PM
Friday: 9:00 AM – 7:00 PM
Saturday: 8:00 AM – 8:00 PM
Sunday: 10:00 AM – 4:00 PM",,,,,,,,,,,,,,,,,,,,,,,,,,,,,
1002,San Marcos Veterinary Clinic,(760) 744-5400,145 S Rancho Santa Fe Rd,San Marcos,92078,General Practice,"Tuesday: 8:00 AM – 6:00 PM
Wednesday: 8:00 AM – 6:00 PM
Thursday: 8:00 AM – 6:00 PM
Friday: 8:00 AM – 6:00 PM
Saturday: 8:00 AM – 5:00 PM
Sunday: 9:00 AM – 2:00 PM",,,,,,,,,,,,,,,,,,,,,,,,,,,,,
1003,Seacoast Animal Health Center,(760) 760-7973,727 W San Marcos Blvd UNIT 112,San Marcos,92078,General Practice,"Tuesday: 7:30 AM – 5:30 PM
Wednesday: 7:30 AM – 5:30 PM
Thursday: 8:00 AM – 5:00 PM
Friday: 7:30 AM – 5:30 PM
Saturday: 7:30 AM – 5:30 PM",,,,,,,,,,,,,,,,,,,,,,,,,,,,,
1004,SOCAL Veterinary Hospital,(760) 744-7410,100 N Rancho Santa Fe Rd ste 133,San Marcos,92069,General Practice,"Tuesday: 8:00 AM – 6:00 PM
Wednesday: 8:00 AM – 6:00 PM
Thursday: 8:00 AM – 6:00 PM
Friday: 8:00 AM – 6:00 PM
Saturday: 8:00 AM – 6:00 PM",,,,,,,,,,,,,,,,,,,,,,,,,,,,,
1005,Twin Oaks Animal Hospital,(760) 591-0901,314 S Twin Oaks Valley Rd #118,San Marcos,92078,General Practice,"Tuesday: 8:00 AM – 5:30 PM
Wednesday: 8:00 AM – 5:30 PM
Thursday: 8:00 AM – 5:30 PM
Friday: 8:00 AM – 5:30 PM
Saturday: 8:00 AM – 5:30 PM",,,,,,,,,,,,,,,,,,,,,,,,,,,,,
1006,Veterinary Specialty Hospital - North County,(760) 466-0600,2055 Montiel Rd,San Marcos,92069,General Practice,Monday: Open 24 hours,,,,,,,,,,,,,,,,,,,,,,,,,,,,,
1007,Affordable Animal Hospital: Santa Ana,(714) 515-7885,1901 N Broadway,Santa Ana,92706,General Practice,"Wednesday: 9:00 AM – 5:00 PM
Thursday: 9:00 AM – 5:00 PM
Friday: 9:00 AM – 5:00 PM
Saturday: 9:00 AM – 5:00 PM
Sunday: 9:00 AM – 2:00 PM",,,,,,,,,,,,,,,,,,,,,,,,,,,,,
1008,Alona Animal Hospital,(714) 542-4107,1745 W 17th St Suite C,Santa Ana,92706,General Practice,"Tuesday: 9:00 AM – 5:00 PM
Wednesday: 9:00 AM – 5:30 PM
Thursday: 9:00 AM – 5:30 PM
Friday: 9:00 AM – 5:30 PM
Saturday: 9:00 AM – 5:30 PM",,,,,,,,,,,,,,,,,,,,,,,,,,,,,
1009,Alton Main Animal Hospital,(714) 540-3105,3105 S Main St,Santa Ana,92707,General Practice,"Tuesday: 8:00 AM – 6:00 PM
Wednesday: 8:00 AM – 6:00 PM
Friday: 8:00 AM – 6:00 PM
Saturday: 8:00 AM – 6:00 PM",,,,,,,,,,,,,,,,,,,,,,,,,,,,,
1010,Bristol Memory Animal Clinic,(714) 836-5536,2723 N Bristol St D-4,Santa Ana,92706,General Practice,"Tuesday: 9:00 AM – 7:00 PM
Wednesday: 9:00 AM – 7:00 PM
Friday: 9:00 AM – 7:00 PM
Saturday: 9:00 AM – 7:00 PM",,,,,,,,,,,,,,,,,,,,,,,,,,,,,
1011,Grand Pet Care Center,(714) 558-7622,1602 N Grand Ave,Santa Ana,92701,General Practice,"Tuesday: 9:00 AM – 6:00 PM
Wednesday: 9:00 AM – 6:00 PM
Thursday: 9:00 AM – 6:00 PM
Friday: 9:00 AM – 6:00 PM
Saturday: 9:00 AM – 6:00 PM
Sunday: 9:00 AM – 3:00 PM",,,,,,,,,,,,,,,,,,,,,,,,,,,,,
1012,Healthier Pet Veterinary Care,(657) 900-2263,2781 W MacArthur Blvd Suite G3,Santa Ana,92704,General Practice,"Wednesday: 8:30 AM – 5:00 PM
Thursday: 8:30 AM – 5:00 PM
Friday: 8:30 AM – 5:00 PM
Saturday: 8:30 AM – 5:00 PM
Sunday: 8:30 AM – 2:00 PM",,,,,,,,,,,,,,,,,,,,,,,,,,,,,
1013,Metropolitan Veterinary Hospital,(714) 972-0125,1729 N Grand Ave,Santa Ana,92705,General Practice,"Wednesday: 9:00 AM – 5:00 PM
Thursday: 9:00 AM – 5:00 PM
Friday: 9:00 AM – 5:00 PM
Saturday: 9:00 AM – 5:00 PM",,,,,,,,,,,,,,,,,,,,,,,,,,,,,
1014,Santa Ana Veterinary Hospital,(714) 545-8281,1933 S Main St,Santa Ana,92707,General Practice,"Tuesday: 8:00 AM – 6:00 PM
Wednesday: 8:00 AM – 6:00 PM
Thursday: 8:00 AM – 6:00 PM
Friday: 8:00 AM – 6:00 PM
Saturday: 8:00 AM – 6:00 PM
Sunday: 8:00 AM – 4:00 PM",,,,,,,,,,,,,,,,,,,,,,,,,,,,,
1015,South Coast Pet Hospital,(714) 979-7387,3752 S Bristol St,Santa Ana,92704,General Practice,"Monday: 10:00 AM – 4:00 PM
Tuesday: 8:00 AM – 6:00 PM
Wednesday: 8:00 AM – 6:00 PM
Thursday: 8:00 AM – 6:00 PM
Friday: 8:00 AM – 6:00 PM
Saturday: 8:00 AM – 6:00 PM
Sunday: 8:00 AM – 4:00 PM",,,,,,,,,,,,,,,,,,,,,,,,,,,,,
1016,Veterinarian Care Group inc,(213) 491-1137,630 S Main St,Santa Ana,92701,General Practice,Monday: Open 24 hours,,,,,,,,,,,,,,,,,,,,,,,,,,,,,
1017,Advanced Veterinary Specialists,(805) 729-4460,414 E Carrillo St,Santa Barbara,93101,General Practice,Monday: Open 24 hours,,,,,,,,,,,,,,,,,,,,,,,,,,,,,
1018,Artemis Animal Clinic,(805) 569-5997,3433 State St,Santa Barbara,93105,General Practice,"Tuesday: 9:00 AM – 5:00 PM
Wednesday: 9:00 AM – 5:00 PM
Friday: 9:00 AM – 5:00 PM
Saturday: 9:00 AM – 5:00 PM
Sunday: 9:00 AM – 12:00 PM",,,,,,,,,,,,,,,,,,,,,,,,,,,,,
1019,Cat and Bird Clinic,(805) 569-2287,101 W Mission St,Santa Barbara,93101,General Practice,"Tuesday: 8:00 AM – 12:00 PM
Tuesday: 12:45 PM – 3:00 PM
Wednesday: 8:00 AM – 3:00 PM
Thursday: 8:00 AM – 3:00 PM
Friday: 8:00 AM – 3:00 PM
Saturday: 8:00 AM – 12:00 PM
Saturday: 12:45 PM – 3:00 PM",,,,,,,,,,,,,,,,,,,,,,,,,,,,,
1020,Cat Doctors,(805) 899-2944,1333 De La Vina St # G,Santa Barbara,93101,General Practice,"Tuesday: 8:00 AM – 5:30 PM
Wednesday: 8:00 AM – 5:30 PM
Thursday: 8:00 AM – 5:30 PM
Friday: 8:00 AM – 5:30 PM
Saturday: 8:00 AM – 5:30 PM",,,,,,,,,,,,,,,,,,,,,,,,,,,,,
1021,Foothill Pet Hospital,(805) 967-0119,675 Cieneguitas Rd,Santa Barbara,93110,General Practice,"Tuesday: 9:00 AM – 5:00 PM
Wednesday: 9:00 AM – 5:00 PM
Thursday: 9:00 AM – 5:00 PM
Friday: 9:00 AM – 5:00 PM",,,,,,,,,,,,,,,,,,,,,,,,,,,,,
1022,La Cumbre Animal Hospital,(805) 967-0121,3910 State St,Santa Barbara,93105,General Practice,"Tuesday: 8:00 AM – 5:30 PM
Wednesday: 8:00 AM – 1:00 PM
Wednesday: 2:00 PM – 5:30 PM
Thursday: 8:00 AM – 5:30 PM
Friday: 8:00 AM – 5:30 PM
Saturday: 8:00 AM – 5:30 PM
Sunday: 8:00 AM – 3:00 PM",,,,,,,,,,,,,,,,,,,,,,,,,,,,,
1023,Mission Equine Associates,(805) 696-6784,5290 Overpass Rd STE 112,Santa Barbara,93111,General Practice,"Tuesday: 9:00 AM – 5:00 PM
Wednesday: 9:00 AM – 5:00 PM
Thursday: 9:00 AM – 5:00 PM
Friday: 9:00 AM – 5:00 PM
Saturday: 9:00 AM – 5:00 PM",,,,,,,,,,,,,,,,,,,,,,,,,,,,,
1024,Montecito Pet Hospital - Santa Barbara,(805) 969-2213,1252 Coast Village Cir,Santa Barbara,93108,General Practice,"Tuesday: 8:00 AM – 5:00 PM
Wednesday: 8:00 AM – 5:00 PM
Thursday: 8:00 AM – 5:00 PM
Friday: 8:00 AM – 5:00 PM
Saturday: 8:00 AM – 5:00 PM",,,,,,,,,,,,,,,,,,,,,,,,,,,,,
1025,San Roque Pet Hospital,(805) 682-2647,3034 State St,Santa Barbara,93105,General Practice,"Tuesday: 8:00 AM – 12:15 PM
Tuesday: 1:15 PM – 5:00 PM
Wednesday: 8:00 AM – 12:15 PM
Wednesday: 1:15 PM – 5:00 PM
Thursday: 8:00 AM – 12:15 PM
Thursday: 1:15 PM – 5:00 PM
Friday: 8:00 AM – 12:15 PM
Friday: 1:15 PM – 5:00 PM
Saturday: 8:00 AM – 12:15 PM
Saturday: 1:15 PM – 5:00 PM
Sunday: 8:00 AM – 12:15 PM
Sunday: 1:15 PM – 5:00 PM",,,,,,,,,,,,,,,,,,,,,,,,,,,,,
1026,Santa Barbara Humane,(805) 964-4777,5399 Overpass Rd,Santa Barbara,93111,General Practice,"Monday: 12:00 PM – 4:30 PM
Tuesday: 12:00 PM – 4:30 PM
Wednesday: 12:00 PM – 4:30 PM
Friday: 12:00 PM – 4:30 PM
Saturday: 12:00 PM – 4:30 PM
Sunday: 12:00 PM – 4:30 PM",,,,,,,,,,,,,,,,,,,,,,,,,,,,,
1027,Santa Barbara Pet Hospital,(805) 963-1544,1807 Cliff Dr,Santa Barbara,93109,General Practice,"Tuesday: 8:00 AM – 5:00 PM
Wednesday: 8:00 AM – 5:00 PM
Thursday: 8:00 AM – 5:00 PM
Friday: 8:00 AM – 5:00 PM
Saturday: 8:00 AM – 5:00 PM",,,,,,,,,,,,,,,,,,,,,,,,,,,,,
1028,St Francis Pet Clinic,(805) 963-0577,138 W Ortega St,Santa Barbara,93101,General Practice,"Tuesday: 8:00 AM – 6:00 PM
Wednesday: 8:00 AM – 6:00 PM
Thursday: 8:00 AM – 6:00 PM
Friday: 8:00 AM – 6:00 PM
Saturday: 8:00 AM – 6:00 PM",,,,,,,,,,,,,,,,,,,,,,,,,,,,,
1029,Urgent Veterinary Care,(805) 845-1818,2821 De La Vina St,Santa Barbara,93105,General Practice,"Monday: 12:00 PM – 8:00 PM
Tuesday: 12:00 PM – 8:00 PM
Wednesday: 12:00 PM – 8:00 PM
Thursday: 12:00 PM – 8:00 PM
Friday: 12:00 PM – 8:00 PM
Saturday: 12:00 PM – 8:00 PM
Sunday: 12:00 PM – 8:00 PM",,,,,,,,,,,,,,,,,,,,,,,,,,,,,
1030,Veterinary Montecito,(201) 264-3274,1250 Coast Village Rd unit f,Santa Barbara,93108,General Practice,"Monday: 10:00 AM – 9:00 PM
Tuesday: 10:00 AM – 9:00 PM
Wednesday: 10:00 AM – 9:00 PM
Thursday: 10:00 AM – 9:00 PM
Friday: 10:00 AM – 9:00 PM
Saturday: 10:00 AM – 9:00 PM
Sunday: 10:00 AM – 9:00 PM",,,,,,,,,,,,,,,,,,,,,,,,,,,,,
1031,White's Pet Hospital,(805) 966-1604,532 E Haley St,Santa Barbara,93103,General Practice,"Tuesday: 7:30 AM – 5:00 PM
Wednesday: 7:30 AM – 5:00 PM
Thursday: 7:30 AM – 5:00 PM
Friday: 7:30 AM – 5:00 PM
Saturday: 7:30 AM – 5:00 PM",,,,,,,,,,,,,,,,,,,,,,,,,,,,,
1032,Wilder Animal Hospital,(805) 695-8387,5152-a Hollister Ave,Santa Barbara,93111,General Practice,"Tuesday: 8:00 AM – 7:00 PM
Wednesday: 8:00 AM – 7:00 PM
Thursday: 8:00 AM – 7:00 PM
Friday: 8:00 AM – 7:00 PM
Saturday: 8:00 AM – 7:00 PM",,,,,,,,,,,,,,,,,,,,,,,,,,,,,
1033,All Creatures Veterinary Center,(661) 291-1124,22722 Lyons Ave #5,Santa Clarita,91321,General Practice,"Tuesday: 9:00 AM – 7:00 PM
Thursday: 9:00 AM – 7:00 PM
Saturday: 9:00 AM – 7:00 PM",,,,,,,,,,,,,,,,,,,,,,,,,,,,,
1034,Canyon Country Animal Hospital,(661) 347-4606,19406 Soledad Canyon Rd,Santa Clarita,91351,General Practice,"Tuesday: 8:30 AM – 5:00 PM
Wednesday: 8:30 AM – 5:00 PM
Thursday: 8:00 AM – 1:00 PM
Thursday: 3:00 PM – 6:00 PM
Friday: 8:30 AM – 5:00 PM
Saturday: 8:30 AM – 5:00 PM
Sunday: 8:30 AM – 1:00 PM",,,,,,,,,,,,,,,,,,,,,,,,,,,,,
1035,Copper Hill Animal Clinic,(661) 296-8848,26859 Bouquet Canyon Rd ste c,Santa Clarita,91350,General Practice,"Tuesday: 8:00 AM – 5:00 PM
Wednesday: 8:00 AM – 5:00 PM
Thursday: 8:00 AM – 5:00 PM
Friday: 8:00 AM – 5:00 PM
Saturday: 8:00 AM – 5:00 PM",,,,,,,,,,,,,,,,,,,,,,,,,,,,,
1036,Evergreen Animal Care Center,(661) 254-5102,23947 Newhall Ave,Santa Clarita,91321,General Practice,"Tuesday: 8:00 AM – 6:00 PM
Wednesday: 8:00 AM – 6:00 PM
Thursday: 8:00 AM – 6:00 PM
Friday: 8:00 AM – 6:00 PM
Saturday: 8:00 AM – 6:00 PM
Sunday: 8:00 AM – 4:00 PM",,,,,,,,,,,,,,,,,,,,,,,,,,,,,
1037,Grand Canyon Veterinary Hospital,(661) 367-6898,18840 Soledad Canyon Rd,Santa Clarita,91351,General Practice,"Monday: 10:00 AM – 8:00 PM
Tuesday: 10:00 AM – 8:00 PM
Wednesday: 10:00 AM – 8:00 PM
Thursday: 10:00 AM – 8:00 PM
Friday: 10:00 AM – 8:00 PM
Saturday: 10:00 AM – 8:00 PM
Sunday: 10:00 AM – 8:00 PM",,,,,,,,,,,,,,,,,,,,,,,,,,,,,
1038,Happy Pets Veterinary Center,(661) 295-9972,19315 Plum Canyon Rd suite c,Santa Clarita,91351,General Practice,"Tuesday: 8:30 AM – 6:30 PM
Wednesday: 8:30 AM – 6:30 PM
Thursday: 8:30 AM – 6:30 PM
Friday: 8:30 AM – 6:30 PM
Saturday: 8:30 AM – 6:30 PM",,,,,,,,,,,,,,,,,,,,,,,,,,,,,
1039,Little Paws Dog & Cat Hospital,(661) 360-9789,18560 Via Princessa,Santa Clarita,91387,General Practice,"Tuesday: 9:00 AM – 6:00 PM
Wednesday: 9:00 AM – 6:00 PM
Thursday: 9:00 AM – 6:00 PM
Friday: 9:00 AM – 6:00 PM
Saturday: 9:00 AM – 6:00 PM",,,,,,,,,,,,,,,,,,,,,,,,,,,,,
1040,Pinnacle Veterinary Center,(661) 254-2000,23026 Soledad Canyon Rd,Santa Clarita,91350,General Practice,"Tuesday: 8:00 AM – 5:00 PM
Wednesday: 8:00 AM – 5:00 PM
Thursday: 8:00 AM – 5:00 PM
Friday: 8:00 AM – 5:00 PM
Saturday: 8:00 AM – 5:00 PM
Sunday: 8:00 AM – 3:00 PM",,,,,,,,,,,,,,,,,,,,,,,,,,,,,
1041,Sand Canyon Animal Hospital,(661) 261-8888,16524 Soledad Canyon Rd,Santa Clarita,91387,General Practice,"Tuesday: 10:00 AM – 7:00 PM
Wednesday: 10:00 AM – 7:00 PM
Thursday: 10:00 AM – 7:00 PM
Friday: 10:00 AM – 7:00 PM
Saturday: 10:00 AM – 7:00 PM",,,,,,,,,,,,,,,,,,,,,,,,,,,,,
1042,Santa Clarita Animal Hospital,(661) 259-7387,24899 Railroad Ave,Santa Clarita,91321,General Practice,"Tuesday: 7:00 AM – 6:00 PM
Wednesday: 7:00 AM – 6:00 PM
Thursday: 7:00 AM – 6:00 PM
Friday: 7:00 AM – 8:00 PM
Saturday: 7:00 AM – 8:00 PM
Sunday: 9:00 AM – 5:00 PM",,,,,,,,,,,,,,,,,,,,,,,,,,,,,
1043,Santa Clarita Animal Urgent Care and Wellness Center,(661) 888-8838,18597 Soledad Canyon Rd,Santa Clarita,91351,General Practice,"Monday: 4:00 PM – 11:00 PM
Tuesday: 4:00 PM – 11:00 PM
Wednesday: 4:00 PM – 11:00 PM
Thursday: 4:00 PM – 11:00 PM
Friday: 4:00 PM – 11:00 PM
Saturday: 4:00 PM – 11:00 PM
Sunday: 4:00 PM – 11:00 PM",,,,,,,,,,,,,,,,,,,,,,,,,,,,,
1044,Saugus Animal Hospital,(661) 297-8373,27737 Bouquet Canyon Rd,Santa Clarita,91350,General Practice,"Monday: 9:00 AM – 6:00 PM
Tuesday: 9:00 AM – 7:00 PM
Wednesday: 9:00 AM – 6:00 PM
Thursday: 9:00 AM – 6:00 PM
Friday: 9:00 AM – 7:00 PM
Saturday: 9:00 AM – 6:00 PM
Sunday: 9:00 AM – 6:00 PM",,,,,,,,,,,,,,,,,,,,,,,,,,,,,
1045,Sierra Veterinary Clinic,(661) 252-3333,17787 Sierra Hwy,Santa Clarita,91351,General Practice,"Tuesday: 7:00 AM – 3:00 PM
Wednesday: 7:00 AM – 3:00 PM
Thursday: 7:00 AM – 3:00 PM
Friday: 7:00 AM – 3:00 PM
Saturday: 7:00 AM – 3:00 PM",,,,,,,,,,,,,,,,,,,,,,,,,,,,,
1046,Sweetwater Veterinary Clinic,(661) 268-8128,33324 Agua Dulce Canyon Rd,Santa Clarita,91390,General Practice,"Tuesday: 8:00 AM – 5:00 PM
Wednesday: 8:00 AM – 5:00 PM
Thursday: 8:00 AM – 5:00 PM
Friday: 8:00 AM – 5:00 PM
Saturday: 8:00 AM – 5:00 PM
Sunday: 8:00 AM – 1:00 PM",,,,,,,,,,,,,,,,,,,,,,,,,,,,,
1047,TAGS Veterinary Clinic,(661) 255-7767,23007 Soledad Canyon Rd,Santa Clarita,91350,General Practice,"Tuesday: 9:00 AM – 3:00 PM
Wednesday: 9:00 AM – 3:00 PM
Thursday: 9:00 AM – 3:00 PM
Saturday: 9:00 AM – 3:00 PM
Sunday: 8:00 AM – 12:00 PM",,,,,,,,,,,,,,,,,,,,,,,,,,,,,
1048,Treehouse Animal Hospital,(661) 857-7387,27550 Newhall Ranch Rd Suit 201,Santa Clarita,91355,General Practice,"Tuesday: 8:00 AM – 5:00 PM
Wednesday: 8:00 AM – 5:00 PM
Thursday: 8:00 AM – 1:00 PM
Friday: 8:00 AM – 5:00 PM
Saturday: 8:00 AM – 1:00 PM",,,,,,,,,,,,,,,,,,,,,,,,,,,,,
1049,Valencia Veterinary Center,(661) 263-9100,23928 Summerhill Ln,Santa Clarita,91354,General Practice,"Monday: 8:00 AM – 6:00 PM
Tuesday: 8:00 AM – 6:00 PM
Wednesday: 8:00 AM – 6:00 PM
Thursday: 8:00 AM – 6:00 PM
Friday: 8:00 AM – 6:00 PM
Saturday: 8:00 AM – 6:00 PM
Sunday: 8:00 AM – 6:00 PM",,,,,,,,,,,,,,,,,,,,,,,,,,,,,
1050,805 Mobile Vet,(805) 363-3322,W Waller Ln,Santa Maria,93455,General Practice,"Tuesday: 9:00 AM – 2:00 PM
Wednesday: 9:00 AM – 2:00 PM
Thursday: 9:00 AM – 2:00 PM
Friday: 9:00 AM – 2:00 PM
Saturday: 9:00 AM – 2:00 PM",,,,,,,,,,,,,,,,,,,,,,,,,,,,,
1051,All Valley Pet Hospital,(805) 922-0305,230 Betteravia Rd A,Santa Maria,93454,General Practice,"Tuesday: 8:00 AM – 7:00 PM
Wednesday: 8:00 AM – 7:00 PM
Thursday: 8:00 AM – 7:00 PM
Friday: 8:00 AM – 7:00 PM
Saturday: 8:00 AM – 7:00 PM
Sunday: 9:00 AM – 6:00 PM",,,,,,,,,,,,,,,,,,,,,,,,,,,,,
1052,Animal Clinic of Santa Maria,(805) 937-7671,2650 S Miller St,Santa Maria,93455,General Practice,"Tuesday: 8:00 AM – 6:00 PM
Wednesday: 8:00 AM – 6:00 PM
Thursday: 8:00 AM – 6:00 PM
Friday: 8:00 AM – 6:00 PM
Saturday: 8:00 AM – 6:00 PM",,,,,,,,,,,,,,,,,,,,,,,,,,,,,
1053,Caring Hands Pet Clinic,(805) 928-2273,1995 S Miller St,Santa Maria,93454,General Practice,"Tuesday: 8:00 AM – 5:30 PM
Wednesday: 8:00 AM – 5:30 PM
Thursday: 8:00 AM – 5:30 PM
Friday: 8:00 AM – 5:30 PM
Saturday: 8:00 AM – 5:30 PM",,,,,,,,,,,,,,,,,,,,,,,,,,,,,
1054,Evergreen Animal Clinic,(805) 937-6341,3389 Orcutt Rd STE 101,Santa Maria,93455,General Practice,"Tuesday: 8:00 AM – 5:30 PM
Wednesday: 8:00 AM – 5:30 PM
Thursday: 8:00 AM – 5:30 PM
Friday: 8:00 AM – 5:30 PM
Saturday: 8:00 AM – 5:30 PM
Sunday: 8:00 AM – 12:00 PM",,,,,,,,,,,,,,,,,,,,,,,,,,,,,
1055,Santa Maria Animal Hospital,(805) 925-4059,910 W Main St,Santa Maria,93458,General Practice,"Tuesday: 9:00 AM – 5:00 PM
Wednesday: 9:00 AM – 5:00 PM
Thursday: 9:00 AM – 5:00 PM
Friday: 9:00 AM – 5:00 PM
Saturday: 9:00 AM – 5:00 PM
Sunday: 9:00 AM – 1:00 PM",,,,,,,,,,,,,,,,,,,,,,,,,,,,,
1056,Santa Maria Valley Humane Wellness Clinic,(805) 349-3435,"Santa Maria, CA 93458, USA",Santa Maria,93458,General Practice,"Monday: 12:00 PM – 6:00 PM
Thursday: 7:30 AM – 6:00 PM
Saturday: 7:30 AM – 6:00 PM
Sunday: 12:00 PM – 6:00 PM",,,,,,,,,,,,,,,,,,,,,,,,,,,,,
1057,911 VetMed,(310) 496-8701,701 Santa Monica Blvd 3rd Floor,Santa Monica,90401,General Practice,"Tuesday: 9:00 AM – 5:00 PM
Wednesday: 9:00 AM – 5:00 PM
Thursday: 9:00 AM – 5:00 PM
Friday: 9:00 AM – 5:00 PM
Saturday: 9:00 AM – 5:00 PM",,,,,,,,,,,,,,,,,,,,,,,,,,,,,
1058,Eden Veterinary – Concierge Euthanasia and Holistic House Call,(424) 272-0345,1653 7th St,Santa Monica,90401,General Practice,Monday: Open 24 hours,,,,,,,,,,,,,,,,,,,,,,,,,,,,,
1059,GreenTree Veterinary Service,(424) 253-4140,2801 Ocean Park Blvd Unit 2436,Santa Monica,90405,General Practice,"Tuesday: 9:00 AM – 5:00 PM
Wednesday: 9:00 AM – 5:00 PM
Thursday: 9:00 AM – 5:00 PM
Friday: 9:00 AM – 5:00 PM
Saturday: 9:00 AM – 5:00 PM",,,,,,,,,,,,,,,,,,,,,,,,,,,,,
1060,Modern Animal Santa Monica,(424) 581-1096,2828 Santa Monica Blvd,Santa Monica,90404,General Practice,"Monday: 8:00 AM – 5:00 PM
Tuesday: 8:00 AM – 6:00 PM
Wednesday: 8:00 AM – 6:00 PM
Thursday: 8:00 AM – 6:00 PM
Friday: 8:00 AM – 6:00 PM
Saturday: 8:00 AM – 6:00 PM
Sunday: 8:00 AM – 6:00 PM",,,,,,,,,,,,,,,,,,,,,,,,,,,,,
1061,Palms & Paws Veterinary Center,(866) 725-6729,1655 9th St,Santa Monica,90404,General Practice,"Monday: 8:00 AM – 4:00 PM
Tuesday: 8:00 AM – 6:00 PM
Wednesday: 8:00 AM – 6:00 PM
Thursday: 8:00 AM – 12:00 PM
Thursday: 2:00 PM – 6:00 PM
Friday: 8:00 AM – 6:00 PM
Saturday: 8:00 AM – 6:00 PM
Sunday: 8:00 AM – 4:00 PM",,,,,,,,,,,,,,,,,,,,,,,,,,,,,
1062,Santa Monica Pet Medical Center,(310) 393-8218,1534 14th St,Santa Monica,90404,General Practice,"Tuesday: 7:30 AM – 6:00 PM
Wednesday: 7:30 AM – 6:00 PM
Thursday: 7:30 AM – 6:00 PM
Friday: 7:30 AM – 6:00 PM
Saturday: 7:30 AM – 6:00 PM
Sunday: 7:30 AM – 6:00 PM",,,,,,,,,,,,,,,,,,,,,,,,,,,,,
1063,Santa Monica Veterinary Group,(310) 477-4400,1708 17th St,Santa Monica,90404,General Practice,"Monday: 8:00 AM – 6:00 PM
Tuesday: 8:00 AM – 8:00 PM
Wednesday: 8:00 AM – 8:00 PM
Thursday: 8:00 AM – 8:00 PM
Friday: 8:00 AM – 8:00 PM
Saturday: 8:00 AM – 8:00 PM
Sunday: 8:00 AM – 6:00 PM",,,,,,,,,,,,,,,,,,,,,,,,,,,,,
1064,Sevilla Veterinary Hospital,(310) 310-3704,2116 Main St,Santa Monica,90405,General Practice,"Tuesday: 8:00 AM – 6:00 PM
Wednesday: 8:00 AM – 6:00 PM
Thursday: 8:00 AM – 6:00 PM
Friday: 8:00 AM – 6:00 PM
Saturday: 8:00 AM – 6:00 PM",,,,,,,,,,,,,,,,,,,,,,,,,,,,,
1065,VCA Santa Monica Dog and Cat Hospital,(310) 453-5459,2010 Broadway,Santa Monica,90404,General Practice,"Tuesday: 8:00 AM – 6:00 PM
Wednesday: 8:00 AM – 6:00 PM
Thursday: 8:00 AM – 6:00 PM
Friday: 8:00 AM – 6:00 PM
Saturday: 8:00 AM – 6:00 PM",,,,,,,,,,,,,,,,,,,,,,,,,,,,,
1066,VCA Santa Monica Main Street Animal Hospital,(424) 430-3800,2671 Main St,Santa Monica,90405,General Practice,"Tuesday: 8:00 AM – 5:00 PM
Wednesday: 8:00 AM – 5:00 PM
Thursday: 8:00 AM – 5:00 PM
Friday: 8:00 AM – 5:00 PM
Saturday: 8:00 AM – 5:00 PM",,,,,,,,,,,,,,,,,,,,,,,,,,,,,
1067,VCA Wilshire Animal Hospital,(310) 828-4587,2421 Wilshire Blvd,Santa Monica,90403,General Practice,"Monday: 8:00 AM – 4:00 PM
Tuesday: 8:00 AM – 6:00 PM
Wednesday: 8:00 AM – 6:00 PM
Thursday: 8:00 AM – 6:00 PM
Friday: 8:00 AM – 6:00 PM
Saturday: 8:00 AM – 6:00 PM",,,,,,,,,,,,,,,,,,,,,,,,,,,,,
1068,Cuyamaca Animal Hospital,(619) 448-0707,8802 Cuyamaca St,Santee,92071,General Practice,"Tuesday: 8:00 AM – 6:00 PM
Wednesday: 8:00 AM – 6:00 PM
Thursday: 8:00 AM – 5:00 PM
Friday: 8:00 AM – 6:00 PM
Saturday: 8:00 AM – 6:00 PM
Sunday: 9:00 AM – 2:00 PM",,,,,,,,,,,,,,,,,,,,,,,,,,,,,
1069,Jamacha Pet Vets,(858) 437-8705,10152 Mission Gorge Rd,Santee,92071,General Practice,"Tuesday: 7:30 AM – 5:30 PM
Wednesday: 7:30 AM – 5:30 PM
Thursday: 7:30 AM – 5:30 PM
Friday: 7:30 AM – 5:30 PM
Saturday: 7:30 AM – 5:30 PM",,,,,,,,,,,,,,,,,,,,,,,,,,,,,
1070,Mast Boulevard Pet Hospital,(619) 448-6490,9876 Magnolia Ave,Santee,92071,General Practice,"Tuesday: 8:00 AM – 7:00 PM
Wednesday: 8:00 AM – 7:00 PM
Thursday: 8:00 AM – 7:00 PM
Friday: 8:00 AM – 7:00 PM
Saturday: 8:00 AM – 7:00 PM
Sunday: 8:00 AM – 7:00 PM",,,,,,,,,,,,,,,,,,,,,,,,,,,,,
1071,Santee Pet Hospital,(619) 449-4100,8936 Carlton Hills Blvd,Santee,92071,General Practice,"Tuesday: 8:00 AM – 5:00 PM
Wednesday: 8:00 AM – 5:00 PM
Thursday: 8:00 AM – 5:00 PM
Friday: 8:00 AM – 5:00 PM
Saturday: 8:00 AM – 5:00 PM
Sunday: 8:00 AM – 1:00 PM",,,,,,,,,,,,,,,,,,,,,,,,,,,,,
1072,Los Alamitos Animal Hospital,(562) 431-6925,2365 Seal Beach Blvd #105,Seal Beach,90740,General Practice,"Tuesday: 8:00 AM – 5:30 PM
Wednesday: 8:00 AM – 5:30 PM
Thursday: 8:00 AM – 5:00 PM
Friday: 8:00 AM – 5:30 PM
Saturday: 8:00 AM – 5:30 PM
Sunday: 7:00 AM – 12:00 PM",,,,,,,,,,,,,,,,,,,,,,,,,,,,,
1073,Ocean Veterinary Hospital,(562) 614-2019,12410 Seal Beach Blvd Ste A,Seal Beach,90740,General Practice,"Monday: 10:00 AM – 8:00 PM
Tuesday: 10:00 AM – 8:00 PM
Wednesday: 10:00 AM – 8:00 PM
Thursday: 10:00 AM – 8:00 PM
Friday: 10:00 AM – 8:00 PM
Saturday: 10:00 AM – 8:00 PM
Sunday: 10:00 AM – 8:00 PM",,,,,,,,,,,,,,,,,,,,,,,,,,,,,
1074,Seal Beach Animal Hospital,(657) 341-4956,1190 PCH Suite D,Seal Beach,90740,General Practice,"Tuesday: 7:00 AM – 6:00 PM
Wednesday: 7:00 AM – 5:00 PM
Thursday: 7:00 AM – 6:00 PM
Friday: 7:00 AM – 6:00 PM
Saturday: 7:00 AM – 5:00 PM
Sunday: 8:30 AM – 12:00 PM",,,,,,,,,,,,,,,,,,,,,,,,,,,,,
1075,Blue Cross Veterinary Hospital,(562) 494-0975,2665 E Pacific Coast Hwy,Signal Hill,90755,General Practice,"Tuesday: 9:00 AM – 5:15 PM
Wednesday: 9:00 AM – 5:15 PM
Thursday: 9:00 AM – 5:15 PM
Friday: 9:00 AM – 5:15 PM
Saturday: 9:00 AM – 5:15 PM",,,,,,,,,,,,,,,,,,,,,,,,,,,,,
1076,Signal Hill Pet Hospital,(562) 597-5533,3449 Pacific Coast Hwy,Signal Hill,90755,General Practice,"Monday: 9:00 AM – 2:00 PM
Tuesday: 7:00 AM – 6:00 PM
Wednesday: 7:00 AM – 6:00 PM
Thursday: 7:00 AM – 6:00 PM
Friday: 7:00 AM – 6:00 PM
Saturday: 7:00 AM – 6:00 PM
Sunday: 8:00 AM – 2:00 PM",,,,,,,,,,,,,,,,,,,,,,,,,,,,,
1077,American Veterinary Hospital of Simi Valley,(805) 581-9111,2109 Tapo St Suite 3,Simi Valley,93063,General Practice,"Monday: 8:00 AM – 5:30 PM
Tuesday: 8:00 AM – 6:00 PM
Wednesday: 8:00 AM – 6:00 PM
Thursday: 8:00 AM – 6:00 PM
Friday: 8:30 AM – 6:00 PM
Saturday: 8:30 AM – 6:30 PM
Sunday: 8:30 AM – 6:00 PM",,,,,,,,,,,,,,,,,,,,,,,,,,,,,
1078,Angeles Animal Hospital,(805) 527-6877,1778 E Los Angeles Ave,Simi Valley,93065,General Practice,"Tuesday: 7:00 AM – 7:00 PM
Wednesday: 7:00 AM – 7:00 PM
Thursday: 7:00 AM – 7:00 PM
Friday: 7:00 AM – 7:00 PM
Saturday: 7:00 AM – 7:00 PM
Sunday: 8:00 AM – 4:00 PM",,,,,,,,,,,,,,,,,,,,,,,,,,,,,
1079,Dr. Ron's Animal Hospital,(805) 306-0633,1376 Erringer Rd,Simi Valley,93065,General Practice,"Tuesday: 8:00 AM – 8:00 PM
Wednesday: 8:00 AM – 4:00 PM
Thursday: 8:00 AM – 8:00 PM
Friday: 8:00 AM – 4:00 PM
Saturday: 8:00 AM – 8:00 PM",,,,,,,,,,,,,,,,,,,,,,,,,,,,,
1080,Mountain View Animal Hospital,(805) 351-2350,4288 E Los Angeles Ave Suite A,Simi Valley,93063,General Practice,"Tuesday: 8:00 AM – 6:00 PM
Wednesday: 8:00 AM – 6:00 PM
Thursday: 8:00 AM – 6:00 PM
Friday: 8:00 AM – 6:00 PM
Saturday: 8:00 AM – 6:00 PM",,,,,,,,,,,,,,,,,,,,,,,,,,,,,
1081,Pet Pawz-itive,(844) 469-7299,1925 Erringer Rd,Simi Valley,93065,General Practice,"Tuesday: 9:00 AM – 7:00 PM
Wednesday: 9:00 AM – 7:00 PM
Thursday: 9:00 AM – 7:00 PM
Friday: 9:00 AM – 7:00 PM
Saturday: 9:00 AM – 7:00 PM
Sunday: 10:00 AM – 2:00 PM",,,,,,,,,,,,,,,,,,,,,,,,,,,,,
1082,Rancho Sequoia Veterinary Hospital,(805) 522-7476,3380 E Los Angeles Ave,Simi Valley,93063,General Practice,"Tuesday: 8:30 AM – 1:00 PM
Tuesday: 2:00 PM – 6:00 PM
Wednesday: 8:30 AM – 1:00 PM
Wednesday: 2:00 PM – 6:00 PM
Thursday: 8:30 AM – 1:00 PM
Thursday: 2:00 PM – 6:00 PM
Friday: 8:30 AM – 1:00 PM
Saturday: 8:30 AM – 1:00 PM
Saturday: 2:00 PM – 6:00 PM
Sunday: 9:00 AM – 1:00 PM",,,,,,,,,,,,,,,,,,,,,,,,,,,,,
1083,Simi Valley Animal Hospital,(805) 527-0042,1317 E Los Angeles Ave # A1,Simi Valley,93065,General Practice,"Tuesday: 8:00 AM – 4:00 PM
Wednesday: 8:00 AM – 4:00 PM
Thursday: 8:00 AM – 4:00 PM
Friday: 8:00 AM – 4:00 PM
Saturday: 8:00 AM – 4:00 PM",,,,,,,,,,,,,,,,,,,,,,,,,,,,,
1084,Simi Valley Animal Urgent Care,(805) 537-1838,5105 E Los Angeles Ave Suite A,Simi Valley,93063,General Practice,"Monday: 4:00 PM – 11:00 PM
Tuesday: 4:00 PM – 11:00 PM
Wednesday: 4:00 PM – 11:00 PM
Thursday: 4:00 PM – 11:00 PM
Friday: 4:00 PM – 11:00 PM
Saturday: 4:00 PM – 11:00 PM
Sunday: 4:00 PM – 11:00 PM",,,,,,,,,,,,,,,,,,,,,,,,,,,,,
1085,Simi Valley Non-Profit Spay and Neuter Clinic,(805) 584-3823,1659 E Los Angeles Ave,Simi Valley,93065,General Practice,"Wednesday: 8:00 AM – 2:30 PM
Thursday: 8:00 AM – 2:30 PM
Friday: 8:00 AM – 2:30 PM
Saturday: 8:00 AM – 2:30 PM",,,,,,,,,,,,,,,,,,,,,,,,,,,,,
1086,Sycamore Veterinary Hospital,(805) 521-9091,2720 Cochran St Suite #100,Simi Valley,93065,General Practice,"Tuesday: 8:30 AM – 12:30 PM
Tuesday: 1:30 PM – 5:30 PM
Wednesday: 8:30 AM – 12:30 PM
Wednesday: 1:30 PM – 5:30 PM
Thursday: 8:30 AM – 12:30 PM
Thursday: 1:30 PM – 5:30 PM
Friday: 8:30 AM – 12:30 PM
Friday: 1:30 PM – 5:30 PM
Saturday: 8:30 AM – 12:30 PM
Saturday: 1:30 PM – 5:30 PM
Sunday: 9:00 AM – 12:30 PM
Sunday: 1:30 PM – 4:00 PM",,,,,,,,,,,,,,,,,,,,,,,,,,,,,
1087,Valley Veterinary Clinic: Prater Lori DVM,(805) 526-0917,845 E Los Angeles Ave,Simi Valley,93065,General Practice,"Tuesday: 8:00 AM – 7:00 PM
Wednesday: 8:00 AM – 6:00 PM
Thursday: 8:00 AM – 7:00 PM
Friday: 8:00 AM – 6:00 PM
Saturday: 8:00 AM – 6:00 PM
Sunday: 8:00 AM – 4:00 PM",,,,,,,,,,,,,,,,,,,,,,,,,,,,,
1088,Wood Ranch Animal Hospital,(805) 209-4797,1308 Madera Rd Suite B2,Simi Valley,93065,General Practice,"Tuesday: 8:00 AM – 6:00 PM
Wednesday: 8:00 AM – 6:00 PM
Thursday: 8:00 AM – 6:00 PM
Friday: 8:00 AM – 6:00 PM
Saturday: 8:00 AM – 6:00 PM
Sunday: 8:00 AM – 4:00 PM",,,,,,,,,,,,,,,,,,,,,,,,,,,,,
1089,Yosemite Pet Hospital,(805) 526-3455,5918 E Los Angeles Ave,Simi Valley,93063,General Practice,"Tuesday: 9:00 AM – 5:00 PM
Wednesday: 9:00 AM – 5:00 PM
Thursday: 9:00 AM – 5:00 PM
Friday: 9:00 AM – 5:00 PM
Saturday: 9:00 AM – 5:00 PM",,,,,,,,,,,,,,,,,,,,,,,,,,,,,
1090,Academy Animal Hospital,(858) 755-1511,741 Academy Dr,Solana Beach,92075,General Practice,"Tuesday: 8:00 AM – 6:00 PM
Wednesday: 8:00 AM – 6:00 PM
Thursday: 8:00 AM – 6:00 PM
Friday: 8:00 AM – 6:00 PM
Saturday: 8:00 AM – 6:00 PM
Sunday: 8:30 AM – 4:30 PM",,,,,,,,,,,,,,,,,,,,,,,,,,,,,
1091,"Dr. Meghan McIntosh, VMD, at Rancho Santa Fe Veterinary Hospital of Solana Beach",(858) 759-8797,971 Lomas Santa Fe Dr,Solana Beach,92075,General Practice,"Tuesday: 8:00 AM – 6:00 PM
Wednesday: 8:00 AM – 6:00 PM
Thursday: 8:00 AM – 6:00 PM
Friday: 8:00 AM – 6:00 PM
Saturday: 8:00 AM – 6:00 PM
Sunday: 9:00 AM – 5:00 PM",,,,,,,,,,,,,,,,,,,,,,,,,,,,,
1092,Healing Hope,(877) 738-4673,511 S Cedros Ave,Solana Beach,92075,General Practice,"Tuesday: 9:00 AM – 6:00 PM
Wednesday: 9:00 AM – 6:00 PM
Thursday: 9:00 AM – 6:00 PM
Friday: 9:00 AM – 6:00 PM",,,,,,,,,,,,,,,,,,,,,,,,,,,,,
1093,Hollydale Veterinary Hospital,(562) 862-2159,11205 Garfield Ave,South Gate,90280,General Practice,"Tuesday: 9:00 AM – 12:00 PM
Tuesday: 2:00 PM – 5:00 PM
Wednesday: 9:00 AM – 12:00 PM
Wednesday: 2:00 PM – 5:00 PM
Thursday: 9:00 AM – 12:00 PM
Thursday: 2:00 PM – 5:00 PM
Saturday: 9:00 AM – 12:00 PM
Saturday: 2:00 PM – 5:00 PM
Sunday: 9:00 AM – 3:00 PM",,,,,,,,,,,,,,,,,,,,,,,,,,,,,
1094,South Gate Dog - Cat Hospital,(323) 564-6913,3737 Tweedy Blvd,South Gate,90280,General Practice,"Tuesday: 8:00 AM – 5:30 PM
Wednesday: 8:00 AM – 5:30 PM
Thursday: 8:00 AM – 5:30 PM
Friday: 8:00 AM – 5:30 PM
Saturday: 8:00 AM – 5:30 PM
Sunday: 8:00 AM – 12:00 PM",,,,,,,,,,,,,,,,,,,,,,,,,,,,,
1095,Stewart W H DVM,(323) 569-1122,3737 Tweedy Blvd,South Gate,90280,General Practice,"Tuesday: 9:00 AM – 5:00 PM
Wednesday: 9:00 AM – 5:00 PM
Thursday: 9:00 AM – 5:00 PM
Friday: 9:00 AM – 5:00 PM
Saturday: 9:00 AM – 5:00 PM",,,,,,,,,,,,,,,,,,,,,,,,,,,,,
1096,Humane Vet Hospital of San Diego,(619) 475-3000,8360 Paradise Valley Rd,Spring Valley,91977,General Practice,"Tuesday: 8:00 AM – 5:30 PM
Wednesday: 8:00 AM – 5:30 PM
Thursday: 8:00 AM – 5:30 PM
Friday: 8:00 AM – 5:30 PM
Saturday: 8:00 AM – 5:30 PM",,,,,,,,,,,,,,,,,,,,,,,,,,,,,
1097,Spring Valley Animal Med Hospital,(619) 464-5125,704 Grand Ave,Spring Valley,91977,General Practice,"Tuesday: 8:00 AM – 5:00 PM
Wednesday: 8:00 AM – 5:00 PM
Friday: 8:00 AM – 5:00 PM
Saturday: 8:00 AM – 5:00 PM
Sunday: 8:00 AM – 4:00 PM",,,,,,,,,,,,,,,,,,,,,,,,,,,,,
1098,Spring Valley Veterinary Clinic,(619) 660-1114,9973 Campo Rd,Spring Valley,91977,General Practice,"Tuesday: 8:30 AM – 5:00 PM
Wednesday: 8:30 AM – 5:00 PM
Thursday: 8:30 AM – 5:00 PM
Friday: 8:30 AM – 5:00 PM
Saturday: 8:30 AM – 5:00 PM",,,,,,,,,,,,,,,,,,,,,,,,,,,,,
1099,AnimAid Pet Hospital,(714) 897-7899,7080 Katella Ave,Stanton,90680,General Practice,"Tuesday: 9:00 AM – 6:00 PM
Wednesday: 9:00 AM – 6:00 PM
Thursday: 9:00 AM – 6:00 PM
Friday: 9:00 AM – 6:00 PM
Saturday: 9:00 AM – 6:00 PM
Sunday: 9:00 AM – 1:00 PM",,,,,,,,,,,,,,,,,,,,,,,,,,,,,
1100,Area Veterinarians,(714) 439-5992,8210 Monroe Ave,Stanton,90680,General Practice,"Tuesday: 9:00 AM – 1:00 PM
Tuesday: 2:00 PM – 6:00 PM
Wednesday: 9:00 AM – 1:00 PM
Wednesday: 2:00 PM – 6:00 PM
Thursday: 9:00 AM – 1:00 PM
Thursday: 2:00 PM – 6:00 PM
Friday: 9:00 AM – 1:00 PM
Friday: 2:00 PM – 6:00 PM
Saturday: 9:00 AM – 1:00 PM
Saturday: 2:00 PM – 6:00 PM
Sunday: 9:00 AM – 2:00 PM",,,,,,,,,,,,,,,,,,,,,,,,,,,,,
1101,Stanton Pet Hospital,(714) 828-5891,8591 Katella Ave,Stanton,90680,General Practice,"Tuesday: 9:00 AM – 1:00 PM
Tuesday: 2:00 PM – 6:00 PM
Wednesday: 9:00 AM – 1:00 PM
Wednesday: 2:00 PM – 6:00 PM
Thursday: 9:00 AM – 1:00 PM
Thursday: 2:00 PM – 6:00 PM
Friday: 9:00 AM – 1:00 PM
Friday: 2:00 PM – 6:00 PM
Saturday: 9:00 AM – 1:00 PM
Saturday: 2:00 PM – 6:00 PM",,,,,,,,,,,,,,,,,,,,,,,,,,,,,
1102,Zambrano Consult Mobile Service,(714) 254-7974,10550 Western Ave,Stanton,90680,General Practice,,,,,,,,,,,,,,,,,,,,,,,,,,,,,,
1103,Animal Hospital of Temecula,(951) 676-6488,41915 Motor Car Pkwy STE I,Temecula,92591,General Practice,"Monday: 9:00 AM – 5:00 PM
Tuesday: 9:00 AM – 12:00 PM
Wednesday: 9:00 AM – 12:00 PM
Thursday: 9:00 AM – 12:00 PM
Friday: 9:00 AM – 12:00 PM
Saturday: 9:00 AM – 12:00 PM
Sunday: 9:00 AM – 12:00 PM",,,,,,,,,,,,,,,,,,,,,,,,,,,,,
1104,Butterfield Animal Hospital,(951) 303-8260,33449 Temecula Pkwy,Temecula,92592,General Practice,"Tuesday: 8:00 AM – 8:00 PM
Wednesday: 8:00 AM – 5:00 PM
Thursday: 8:00 AM – 5:00 PM
Friday: 8:00 AM – 8:00 PM
Saturday: 8:00 AM – 5:00 PM
Sunday: 8:00 AM – 2:00 PM",,,,,,,,,,,,,,,,,,,,,,,,,,,,,
1105,Care Animal Hospital & Urgent Care,(951) 676-4690,29738 Rancho California Rd suite # a,Temecula,92591,General Practice,"Monday: 8:00 AM – 10:00 PM
Tuesday: 8:00 AM – 10:00 PM
Wednesday: 8:00 AM – 10:00 PM
Thursday: 8:00 AM – 10:00 PM
Friday: 8:00 AM – 10:00 PM
Saturday: 8:00 AM – 10:00 PM
Sunday: 8:00 AM – 10:00 PM",,,,,,,,,,,,,,,,,,,,,,,,,,,,,
1106,EPIC Vets,(951) 695-5044,27727 Jefferson Ave Suite #105,Temecula,92590,General Practice,Monday: Open 24 hours,,,,,,,,,,,,,,,,,,,,,,,,,,,,,
1107,South Temecula Veterinary Hospital,(951) 302-7595,32844 Wolf Store Rd,Temecula,92592,General Practice,"Monday: 8:00 AM – 4:00 PM
Tuesday: 8:00 AM – 6:00 PM
Wednesday: 8:00 AM – 6:00 PM
Thursday: 8:00 AM – 6:00 PM
Friday: 8:00 AM – 6:00 PM
Saturday: 8:00 AM – 6:00 PM
Sunday: 8:00 AM – 4:00 PM",,,,,,,,,,,,,,,,,,,,,,,,,,,,,
1108,Temecula Creek Veterinary,(951) 395-0398,32819 Temecula Pkwy #A,Temecula,92592,General Practice,"Tuesday: 8:00 AM – 4:30 PM
Wednesday: 8:00 AM – 4:30 PM
Thursday: 8:00 AM – 4:30 PM
Friday: 8:00 AM – 4:30 PM
Saturday: 8:00 AM – 4:30 PM",,,,,,,,,,,,,,,,,,,,,,,,,,,,,
1109,Vail Ranch Veterinary Hospital,(951) 302-9111,31685 Temecula Pkwy STE A,Temecula,92592,General Practice,"Tuesday: 8:00 AM – 6:00 PM
Wednesday: 8:00 AM – 6:00 PM
Thursday: 8:00 AM – 6:00 PM
Friday: 8:00 AM – 6:00 PM
Saturday: 8:00 AM – 6:00 PM
Sunday: 8:00 AM – 2:00 PM",,,,,,,,,,,,,,,,,,,,,,,,,,,,,
1110,VCA El Rancho Animal Hospital,(951) 296-3898,41670 Winchester Rd Suite B,Temecula,92590,General Practice,"Tuesday: 8:00 AM – 5:00 PM
Wednesday: 8:00 AM – 5:00 PM
Thursday: 8:00 AM – 5:00 PM
Friday: 8:00 AM – 5:00 PM
Saturday: 8:00 AM – 5:00 PM",,,,,,,,,,,,,,,,,,,,,,,,,,,,,
1111,VCA Pet Medical Center,(951) 676-3531,40150 Winchester Rd STE 4,Temecula,92591,General Practice,"Tuesday: 7:00 AM – 6:00 PM
Wednesday: 7:00 AM – 6:00 PM
Thursday: 7:00 AM – 6:00 PM
Friday: 7:00 AM – 6:00 PM
Saturday: 7:00 AM – 6:00 PM
Sunday: 7:00 AM – 6:00 PM",,,,,,,,,,,,,,,,,,,,,,,,,,,,,
1112,Vineyard Veterinary Hospital,(951) 344-0881,30680 Rancho California Rd M-5,Temecula,92591,General Practice,"Tuesday: 8:00 AM – 5:00 PM
Wednesday: 8:00 AM – 5:00 PM
Thursday: 8:00 AM – 5:00 PM
Friday: 8:00 AM – 5:00 PM
Saturday: 8:00 AM – 5:00 PM",,,,,,,,,,,,,,,,,,,,,,,,,,,,,
1113,Zen Dog Holistic Mobile Veterinary Care,(951) 409-5727,Grand Ave,Temecula,92590,General Practice,"Tuesday: 9:00 AM – 5:00 PM
Wednesday: 9:00 AM – 5:00 PM
Thursday: 9:00 AM – 5:00 PM
Friday: 9:00 AM – 5:00 PM
Saturday: 9:00 AM – 5:00 PM
Sunday: 9:00 AM – 5:00 PM",,,,,,,,,,,,,,,,,,,,,,,,,,,,,
1114,VCA Community Companion Animal Hospital,(626) 287-0527,5271 Sereno Dr,Temple City,91780,General Practice,"Tuesday: 8:00 AM – 6:00 PM
Wednesday: 8:00 AM – 6:00 PM
Thursday: 8:00 AM – 6:00 PM
Friday: 8:00 AM – 6:00 PM
Saturday: 8:00 AM – 6:00 PM
Sunday: 8:00 AM – 5:00 PM",,,,,,,,,,,,,,,,,,,,,,,,,,,,,
1115,Animal Clinic of the Oaks,(805) 496-1122,575 E Thousand Oaks Blvd,Thousand Oaks,91360,General Practice,"Tuesday: 8:00 AM – 12:30 PM
Tuesday: 2:00 PM – 5:00 PM
Wednesday: 8:00 AM – 12:30 PM
Wednesday: 2:00 PM – 5:00 PM
Thursday: 8:00 AM – 12:30 PM
Thursday: 2:00 PM – 5:00 PM
Friday: 8:00 AM – 12:30 PM
Friday: 2:00 PM – 5:00 PM
Saturday: 8:00 AM – 12:30 PM
Saturday: 2:00 PM – 5:00 PM
Sunday: 9:00 AM – 12:00 PM",,,,,,,,,,,,,,,,,,,,,,,,,,,,,
1116,Animal Hospital of Thousand Oaks,(805) 493-5540,1772 E Avenida De Los Arboles F,Thousand Oaks,91362,General Practice,"Tuesday: 8:00 AM – 5:00 PM
Wednesday: 8:00 AM – 5:00 PM
Thursday: 8:00 AM – 5:00 PM
Friday: 8:00 AM – 5:00 PM
Saturday: 8:00 AM – 5:00 PM",,,,,,,,,,,,,,,,,,,,,,,,,,,,,
1117,Borchard Veterinary Clinic,(805) 499-1977,2223 Michael Dr,Thousand Oaks,91320,General Practice,"Tuesday: 8:00 AM – 6:00 PM
Wednesday: 8:00 AM – 8:00 PM
Thursday: 9:00 AM – 6:00 PM
Friday: 8:00 AM – 8:00 PM
Saturday: 8:00 AM – 8:00 PM
Sunday: 9:00 AM – 3:00 PM",,,,,,,,,,,,,,,,,,,,,,,,,,,,,
1118,Caring Hands Veterinary Hospital,(805) 492-4951,1020 E Avenida De Los Arboles,Thousand Oaks,91360,General Practice,"Tuesday: 8:00 AM – 5:00 PM
Wednesday: 8:00 AM – 5:00 PM
Thursday: 8:00 AM – 5:00 PM
Friday: 8:00 AM – 5:00 PM
Saturday: 8:00 AM – 5:00 PM",,,,,,,,,,,,,,,,,,,,,,,,,,,,,
1119,Conejo Valley Veterinary Hospital,(805) 495-4671,3580 Willow Ln,Thousand Oaks,91361,General Practice,"Monday: 7:00 AM – 6:00 PM
Tuesday: 7:00 AM – 6:00 PM
Wednesday: 7:00 AM – 6:00 PM
Thursday: 7:00 AM – 6:00 PM
Friday: 7:00 AM – 6:00 PM
Saturday: 7:00 AM – 6:00 PM
Sunday: 7:00 AM – 6:00 PM",,,,,,,,,,,,,,,,,,,,,,,,,,,,,
1120,Midtown Veterinary Clinic,(805) 257-1786,3333 Kimber Dr # D,Thousand Oaks,91320,General Practice,"Tuesday: 8:00 AM – 5:30 PM
Wednesday: 8:00 AM – 5:30 PM
Thursday: 8:00 AM – 5:30 PM
Friday: 8:00 AM – 5:30 PM
Saturday: 8:00 AM – 5:30 PM",,,,,,,,,,,,,,,,,,,,,,,,,,,,,
1121,Newbury Park Veterinary Clinic,(805) 498-3684,1536 Newbury Rd Suite A,Thousand Oaks,91320,General Practice,"Tuesday: 8:00 AM – 6:00 PM
Wednesday: 8:00 AM – 6:00 PM
Thursday: 8:00 AM – 6:00 PM
Friday: 8:00 AM – 6:00 PM
Saturday: 8:00 AM – 6:00 PM
Sunday: 8:00 AM – 2:00 PM",,,,,,,,,,,,,,,,,,,,,,,,,,,,,
1122,Oasis Animal Wellness,(805) 410-4086,505 E Thousand Oaks Blvd,Thousand Oaks,91360,General Practice,"Tuesday: 8:00 AM – 5:00 PM
Wednesday: 8:00 AM – 5:00 PM
Thursday: 8:00 AM – 5:00 PM
Friday: 8:00 AM – 5:00 PM
Saturday: 8:00 AM – 5:00 PM
Sunday: 9:00 AM – 2:00 PM",,,,,,,,,,,,,,,,,,,,,,,,,,,,,
1123,Paw Works Veterinary Hospital,(805) 870-9908,1625 E Thousand Oaks Blvd # A,Thousand Oaks,91362,General Practice,"Tuesday: 7:30 AM – 5:00 PM
Wednesday: 7:30 AM – 5:00 PM
Thursday: 7:30 AM – 5:00 PM
Friday: 7:30 AM – 5:00 PM
Saturday: 7:30 AM – 3:30 PM",,,,,,,,,,,,,,,,,,,,,,,,,,,,,
1124,Pets First Veterinary Hospital,(805) 372-0800,60 N Rancho Rd Suite 160,Thousand Oaks,91362,General Practice,"Monday: 12:00 PM – 10:00 PM
Tuesday: 12:00 PM – 10:00 PM
Wednesday: 12:00 PM – 10:00 PM
Saturday: 12:00 PM – 10:00 PM
Sunday: 12:00 PM – 10:00 PM",,,,,,,,,,,,,,,,,,,,,,,,,,,,,
1125,Skyline Animal Hospital,(805) 557-8252,74 N Skyline Dr,Thousand Oaks,91362,General Practice,"Tuesday: 8:00 AM – 6:00 PM
Wednesday: 8:00 AM – 6:00 PM
Thursday: 8:00 AM – 6:00 PM
Friday: 8:00 AM – 6:00 PM
Saturday: 8:00 AM – 6:00 PM",,,,,,,,,,,,,,,,,,,,,,,,,,,,,
1126,The Cat Doctor,(805) 495-1678,760 E Thousand Oaks Blvd,Thousand Oaks,91360,General Practice,"Tuesday: 8:00 AM – 6:00 PM
Wednesday: 8:00 AM – 6:00 PM
Thursday: 8:00 AM – 6:00 PM
Friday: 8:00 AM – 6:00 PM
Saturday: 8:00 AM – 6:00 PM",,,,,,,,,,,,,,,,,,,,,,,,,,,,,
1127,The Pet Hospital of Thousand Oaks,(805) 309-0222,246 Lombard St D,Thousand Oaks,91360,General Practice,"Tuesday: 9:00 AM – 6:00 PM
Wednesday: 9:00 AM – 6:00 PM
Thursday: 9:00 AM – 6:00 PM
Friday: 9:00 AM – 6:00 PM
Saturday: 9:00 AM – 6:00 PM",,,,,,,,,,,,,,,,,,,,,,,,,,,,,
1128,UrgentPaws,(805) 738-6030,520 N Ventu Park Rd Suite 200,Thousand Oaks,91320,General Practice,"Monday: 10:00 AM – 8:00 PM
Tuesday: 3:00 PM – 11:00 PM
Wednesday: 3:00 PM – 11:00 PM
Thursday: 3:00 PM – 11:00 PM
Friday: 3:00 PM – 11:00 PM
Saturday: 3:00 PM – 11:00 PM
Sunday: 10:00 AM – 8:00 PM",,,,,,,,,,,,,,,,,,,,,,,,,,,,,
1129,VCA Camino Animal Hospital,(805) 497-0969,700 N Moorpark Rd,Thousand Oaks,91360,General Practice,"Tuesday: 8:00 AM – 5:30 PM
Wednesday: 8:00 AM – 5:30 PM
Thursday: 8:00 AM – 5:30 PM
Friday: 8:00 AM – 5:30 PM
Saturday: 8:00 AM – 5:30 PM",,,,,,,,,,,,,,,,,,,,,,,,,,,,,
1130,Veterinary Specialty and Emergency Center of Thousand Oaks,(805) 491-6446,2967 N Moorpark Rd,Thousand Oaks,91360,General Practice,Monday: Open 24 hours,,,,,,,,,,,,,,,,,,,,,,,,,,,,,
1131,ACCESS Specialty Animal Hospitals - South Bay,(310) 320-8300,2551 W 190th St,Torrance,90504,General Practice,Monday: Open 24 hours,,,,,,,,,,,,,,,,,,,,,,,,,,,,,
1132,Bay Cities Pet Hospital,(310) 371-6508,20447 Hawthorne Blvd,Torrance,90503,General Practice,"Tuesday: 8:00 AM – 6:00 PM
Wednesday: 8:00 AM – 6:00 PM
Thursday: 8:00 AM – 6:00 PM
Friday: 8:00 AM – 6:00 PM
Saturday: 8:00 AM – 6:00 PM",,,,,,,,,,,,,,,,,,,,,,,,,,,,,
1133,Bixby Animal Specialty and Emergency,(310) 375-4244,23811 Hawthorne Blvd,Torrance,90505,General Practice,Monday: Open 24 hours,,,,,,,,,,,,,,,,,,,,,,,,,,,,,
1134,Country Hills Animal Clinic,(310) 539-3851,18512 Hawthorne Blvd,Torrance,90504,General Practice,"Tuesday: 8:00 AM – 6:00 PM
Wednesday: 8:00 AM – 6:00 PM
Thursday: 8:00 AM – 6:00 PM
Friday: 8:00 AM – 6:00 PM
Saturday: 8:00 AM – 6:00 PM
Sunday: 8:00 AM – 1:00 PM",,,,,,,,,,,,,,,,,,,,,,,,,,,,,
1135,Harbor Animal Hospital,(310) 328-3733,2078 Torrance Blvd,Torrance,90501,General Practice,"Tuesday: 8:30 AM – 5:30 PM
Wednesday: 8:30 AM – 5:30 PM
Thursday: 8:30 AM – 5:30 PM
Friday: 8:30 AM – 5:30 PM
Saturday: 8:30 AM – 5:30 PM
Sunday: 8:00 AM – 3:00 PM",,,,,,,,,,,,,,,,,,,,,,,,,,,,,
1136,Ohana Veterinary Clinic,(310) 328-0380,22231 S Vermont Ave,Torrance,90502,General Practice,"Tuesday: 8:00 AM – 5:00 PM
Wednesday: 8:00 AM – 5:00 PM
Thursday: 8:00 AM – 5:00 PM
Friday: 8:00 AM – 5:00 PM
Saturday: 8:00 AM – 5:00 PM
Sunday: 8:00 AM – 1:00 PM",,,,,,,,,,,,,,,,,,,,,,,,,,,,,
1137,Plaza Del Amo Animal Hospital & Pet Keeper,(310) 530-5511,3430 Fujita St,Torrance,90505,General Practice,"Tuesday: 8:00 AM – 6:00 PM
Wednesday: 8:00 AM – 6:00 PM
Thursday: 8:00 AM – 6:00 PM
Friday: 8:00 AM – 6:00 PM
Saturday: 8:00 AM – 6:00 PM
Sunday: 8:00 AM – 4:00 PM",,,,,,,,,,,,,,,,,,,,,,,,,,,,,
1138,Thrive Pet Healthcare Urgent Care – Torrance,(424) 453-1500,3511 Pacific Coast Hwy Suite A,Torrance,90505,General Practice,"Monday: 8:00 AM – 6:00 PM
Tuesday: 8:00 AM – 6:00 PM
Wednesday: 8:00 AM – 6:00 PM
Thursday: 8:00 AM – 6:00 PM
Friday: 8:00 AM – 6:00 PM
Saturday: 8:00 AM – 6:00 PM
Sunday: 8:00 AM – 6:00 PM",,,,,,,,,,,,,,,,,,,,,,,,,,,,,
1139,Torrance Animal Clinic,(424) 318-3589,2441 W 205th St,Torrance,90501,General Practice,"Monday: 8:00 AM – 8:00 PM
Tuesday: 8:00 AM – 8:00 PM
Wednesday: 8:00 AM – 8:00 PM
Thursday: 8:00 AM – 8:00 PM
Friday: 8:00 AM – 8:00 PM
Saturday: 8:00 AM – 8:00 PM
Sunday: 8:00 AM – 8:00 PM",,,,,,,,,,,,,,,,,,,,,,,,,,,,,
1140,Torrance Companion Animal Hospital,(310) 781-1434,22221 S Vermont Ave,Torrance,90502,General Practice,"Monday: 9:00 AM – 5:00 PM
Tuesday: 9:00 AM – 5:00 PM
Wednesday: 9:00 AM – 5:00 PM
Friday: 9:00 AM – 5:00 PM
Saturday: 9:00 AM – 5:00 PM
Sunday: 9:00 AM – 5:00 PM",,,,,,,,,,,,,,,,,,,,,,,,,,,,,
1141,VCA Clarmar Animal Hospital,(310) 371-2474,18305 Hawthorne Blvd,Torrance,90504,General Practice,"Tuesday: 7:00 AM – 6:00 PM
Wednesday: 7:00 AM – 6:00 PM
Thursday: 7:00 AM – 6:00 PM
Friday: 7:00 AM – 6:00 PM
Saturday: 7:00 AM – 6:00 PM
Sunday: 8:00 AM – 4:00 PM",,,,,,,,,,,,,,,,,,,,,,,,,,,,,
1142,VCA Pacific Veterinary Center,(310) 791-5123,23629 Hawthorne Blvd,Torrance,90505,General Practice,"Tuesday: 8:00 AM – 6:00 PM
Wednesday: 8:00 AM – 6:00 PM
Thursday: 8:00 AM – 6:00 PM
Friday: 8:00 AM – 6:00 PM
Saturday: 8:00 AM – 6:00 PM
Sunday: 8:00 AM – 4:00 PM",,,,,,,,,,,,,,,,,,,,,,,,,,,,,
1143,Western Veterinary Group,(310) 326-0000,24260 Crenshaw Blvd,Torrance,90505,General Practice,"Tuesday: 7:30 AM – 6:00 PM
Wednesday: 7:30 AM – 6:00 PM
Thursday: 7:30 AM – 6:00 PM
Friday: 7:30 AM – 6:00 PM
Saturday: 7:30 AM – 6:00 PM
Sunday: 8:00 AM – 4:00 PM",,,,,,,,,,,,,,,,,,,,,,,,,,,,,
1144,Advanced Veterinary Medical Imaging,(949) 559-7289,3047 Edinger Ave,Tustin,92780,General Practice,"Monday: 8:00 AM – 5:00 PM
Tuesday: 8:00 AM – 5:00 PM
Wednesday: 8:00 AM – 5:00 PM
Thursday: 8:00 AM – 5:00 PM
Friday: 8:00 AM – 5:00 PM
Saturday: 8:00 AM – 5:00 PM
Sunday: 8:00 AM – 5:00 PM",,,,,,,,,,,,,,,,,,,,,,,,,,,,,
1145,Animal Clinic of Tustin Ranch Irvine,(714) 730-1442,13115 Jamboree Rd,Tustin,92782,General Practice,"Tuesday: 7:00 AM – 6:00 PM
Wednesday: 7:00 AM – 6:00 PM
Thursday: 7:00 AM – 6:00 PM
Friday: 7:00 AM – 6:00 PM
Saturday: 7:00 AM – 6:00 PM
Sunday: 8:00 AM – 4:00 PM",,,,,,,,,,,,,,,,,,,,,,,,,,,,,
1146,AVSG Internal Medicine Emergency & Critical Care,(949) 653-9300,2965 Edinger Ave,Tustin,92780,General Practice,Monday: Open 24 hours,,,,,,,,,,,,,,,,,,,,,,,,,,,,,
1147,Newport Pet Clinic,(714) 838-1978,13011 Newport Ave UNIT 107,Tustin,92780,General Practice,"Tuesday: 9:00 AM – 6:00 PM
Wednesday: 9:00 AM – 6:00 PM
Thursday: 9:00 AM – 6:00 PM
Friday: 7:00 AM – 2:00 PM
Saturday: 9:00 AM – 6:00 PM",,,,,,,,,,,,,,,,,,,,,,,,,,,,,
1148,Saddleback Animal Hospital,(714) 832-8686,1082 Bryan Ave,Tustin,92780,General Practice,"Tuesday: 8:00 AM – 6:00 PM
Wednesday: 8:00 AM – 6:00 PM
Thursday: 8:00 AM – 5:00 PM
Friday: 8:00 AM – 6:00 PM
Saturday: 8:00 AM – 6:00 PM
Sunday: 8:00 AM – 3:00 PM",,,,,,,,,,,,,,,,,,,,,,,,,,,,,
1149,Tustana Animal Hospital,(714) 544-4440,1142 El Camino Real,Tustin,92780,General Practice,"Tuesday: 7:00 AM – 6:00 PM
Wednesday: 7:00 AM – 6:00 PM
Thursday: 7:00 AM – 6:00 PM
Friday: 7:00 AM – 6:00 PM
Saturday: 7:00 AM – 6:00 PM",,,,,,,,,,,,,,,,,,,,,,,,,,,,,
1150,Tustin Care Animal Hospital,(657) 266-0322,14051 Newport Ave B,Tustin,92780,General Practice,"Tuesday: 8:00 AM – 6:00 PM
Wednesday: 8:00 AM – 6:00 PM
Thursday: 8:00 AM – 6:00 PM
Friday: 8:00 AM – 6:00 PM
Saturday: 8:00 AM – 6:00 PM
Sunday: 8:00 AM – 3:00 PM",,,,,,,,,,,,,,,,,,,,,,,,,,,,,
1151,Tustin Legacy Animal Hospital,(714) 587-4888,15100 Kensington Park Dr Ste 520,Tustin,92782,General Practice,"Tuesday: 8:00 AM – 6:00 PM
Wednesday: 8:00 AM – 6:00 PM
Thursday: 8:00 AM – 6:00 PM
Friday: 8:00 AM – 6:00 PM
Saturday: 8:00 AM – 6:00 PM",,,,,,,,,,,,,,,,,,,,,,,,,,,,,
1152,Tustin Santa Ana Vet Hospital,(714) 544-3124,741 W First St,Tustin,92780,General Practice,"Tuesday: 8:00 AM – 6:00 PM
Wednesday: 8:00 AM – 6:00 PM
Thursday: 8:00 AM – 6:00 PM
Friday: 8:00 AM – 12:00 PM
Saturday: 8:00 AM – 6:00 PM",,,,,,,,,,,,,,,,,,,,,,,,,,,,,
1153,Tustin Village Animal Hospital,(714) 278-3935,13942 Newport Ave,Tustin,92780,General Practice,"Tuesday: 8:00 AM – 6:00 PM
Wednesday: 8:00 AM – 6:00 PM
Friday: 8:00 AM – 6:00 PM
Saturday: 8:00 AM – 6:00 PM
Sunday: 8:00 AM – 4:00 PM",,,,,,,,,,,,,,,,,,,,,,,,,,,,,
1154,VCA Orange County Veterinary Specialists,(949) 654-8950,3021 Edinger Ave,Tustin,92780,General Practice,Monday: Open 24 hours,,,,,,,,,,,,,,,,,,,,,,,,,,,,,
1155,VCA Tustin Animal Hospital,(714) 838-3433,631 E 1st St,Tustin,92780,General Practice,"Monday: 7:00 AM – 6:00 PM
Tuesday: 7:00 AM – 6:00 PM
Wednesday: 7:00 AM – 6:00 PM
Thursday: 7:00 AM – 6:00 PM
Friday: 7:00 AM – 6:00 PM
Saturday: 7:00 AM – 6:00 PM
Sunday: 7:00 AM – 6:00 PM",,,,,,,,,,,,,,,,,,,,,,,,,,,,,
1156,"Veterinary Cancer Group OC, A Thrive Pet Healthcare Partner",(949) 552-8274,2887 Edinger Ave,Tustin,92780,General Practice,"Tuesday: 8:00 AM – 6:00 PM
Wednesday: 8:00 AM – 6:00 PM
Thursday: 8:00 AM – 6:00 PM
Friday: 8:00 AM – 6:00 PM
Saturday: 8:00 AM – 6:00 PM",,,,,,,,,,,,,,,,,,,,,,,,,,,,,
1157,Veterinary Neurology Center,(949) 784-8703,3051 Edinger Ave,Tustin,92780,General Practice,"Tuesday: 8:00 AM – 6:00 PM
Wednesday: 8:00 AM – 6:00 PM
Thursday: 8:00 AM – 6:00 PM
Friday: 8:00 AM – 6:00 PM
Saturday: 8:00 AM – 6:00 PM
Sunday: 8:00 AM – 6:00 PM",,,,,,,,,,,,,,,,,,,,,,,,,,,,,
1158,Veterinary Surgical Specialists,(949) 936-0055,2937 Edinger Ave,Tustin,92780,General Practice,"Monday: 8:00 AM – 6:00 PM
Tuesday: 7:00 AM – 6:00 PM
Wednesday: 7:00 AM – 6:00 PM
Thursday: 7:00 AM – 6:00 PM
Friday: 7:00 AM – 6:00 PM
Saturday: 7:00 AM – 6:00 PM
Sunday: 8:00 AM – 6:00 PM",,,,,,,,,,,,,,,,,,,,,,,,,,,,,
1159,Angels' Care Animal Hospital,(909) 982-2888,659 E 15th St Q,Upland,91786,General Practice,"Tuesday: 9:00 AM – 5:00 PM
Wednesday: 9:00 AM – 5:00 PM
Thursday: 9:00 AM – 5:00 PM
Friday: 9:00 AM – 5:00 PM
Saturday: 9:00 AM – 5:00 PM
Sunday: 9:00 AM – 1:00 PM",,,,,,,,,,,,,,,,,,,,,,,,,,,,,
1160,Foothill Animal Hospital Best Upland Vet,(909) 985-1988,70 N Central Ave,Upland,91786,General Practice,"Tuesday: 9:00 AM – 5:00 PM
Wednesday: 9:00 AM – 5:00 PM
Thursday: 9:00 AM – 5:00 PM
Friday: 9:00 AM – 2:00 PM",,,,,,,,,,,,,,,,,,,,,,,,,,,,,
1161,Inland Valley Veterinary Specialists & Emergency Center,(840) 242-2011,10 W 7th St,Upland,91786,General Practice,Monday: Open 24 hours,,,,,,,,,,,,,,,,,,,,,,,,,,,,,
1162,"Los Olivos Animal Hospital Upland, Urgent care",(840) 800-1971,373 E Foothill Blvd Suite A,Upland,91786,General Practice,"Monday: 7:00 PM – 11:30 PM
Tuesday: 5:00 PM – 10:30 PM
Wednesday: 5:00 PM – 10:30 PM
Thursday: 5:00 PM – 10:30 PM
Friday: 5:00 PM – 10:30 PM
Saturday: 7:00 PM – 11:30 PM
Sunday: 7:00 PM – 11:30 PM",,,,,,,,,,,,,,,,,,,,,,,,,,,,,
1163,Mountain View Veterinary Hospital,(909) 982-3288,1655 N Mountain Ave # 110,Upland,91784,General Practice,"Tuesday: 8:00 AM – 5:30 PM
Wednesday: 8:00 AM – 5:30 PM
Thursday: 8:00 AM – 5:30 PM
Friday: 8:00 AM – 5:30 PM
Saturday: 8:00 AM – 5:30 PM",,,,,,,,,,,,,,,,,,,,,,,,,,,,,
1164,Pet Care Center,(909) 280-2418,823 W Foothill Blvd,Upland,91786,General Practice,"Tuesday: 9:00 AM – 8:00 PM
Wednesday: 9:00 AM – 8:00 PM
Thursday: 9:00 AM – 8:00 PM
Friday: 9:00 AM – 8:00 PM
Saturday: 9:00 AM – 8:00 PM
Sunday: 9:00 AM – 8:00 PM",,,,,,,,,,,,,,,,,,,,,,,,,,,,,
1165,Pet Time Animal Hospital,(909) 949-7387,1103 E 16th St,Upland,91784,General Practice,"Tuesday: 7:30 AM – 6:00 PM
Wednesday: 7:30 AM – 6:00 PM
Thursday: 7:30 AM – 6:00 PM
Friday: 7:30 AM – 6:00 PM
Saturday: 7:30 AM – 6:00 PM
Sunday: 7:30 AM – 4:00 PM",,,,,,,,,,,,,,,,,,,,,,,,,,,,,
1166,VCA Central Animal Hospital,(909) 981-2855,281 N Central Ave,Upland,91786,General Practice,"Monday: 9:00 AM – 8:00 PM
Tuesday: 9:00 AM – 8:00 PM
Wednesday: 9:00 AM – 8:00 PM
Thursday: 9:00 AM – 8:00 PM
Friday: 9:00 AM – 8:00 PM
Saturday: 9:00 AM – 8:00 PM
Sunday: 9:00 AM – 8:00 PM",,,,,,,,,,,,,,,,,,,,,,,,,,,,,
1167,Veterinary Eye Institute Upland,(909) 895-4010,1041 E 16th St STE C,Upland,91784,General Practice,"Tuesday: 8:00 AM – 5:00 PM
Wednesday: 8:00 AM – 5:00 PM
Thursday: 8:00 AM – 5:00 PM
Friday: 8:00 AM – 5:00 PM
Saturday: 8:00 AM – 5:00 PM",,,,,,,,,,,,,,,,,,,,,,,,,,,,,
1168,We Talk Pets! Animal Hospital,(909) 608-0001,1042 N Mountain Ave A,Upland,91786,General Practice,"Tuesday: 8:30 AM – 5:30 PM
Wednesday: 8:30 AM – 5:30 PM
Thursday: 8:30 AM – 5:30 PM
Friday: 8:30 AM – 5:30 PM
Saturday: 8:30 AM – 5:30 PM",,,,,,,,,,,,,,,,,,,,,,,,,,,,,
1169,101 Pet Vet,(805) 656-2287,2301 S Victoria Ave,Ventura,93003,General Practice,"Tuesday: 8:00 AM – 5:00 PM
Wednesday: 8:00 AM – 5:00 PM
Thursday: 8:00 AM – 5:00 PM
Friday: 8:00 AM – 5:00 PM
Saturday: 8:00 AM – 5:00 PM
Sunday: 8:00 AM – 3:00 PM",,,,,,,,,,,,,,,,,,,,,,,,,,,,,
1170,Buena Vet,(805) 642-2191,3986 E Main St,Ventura,93003,General Practice,"Tuesday: 8:00 AM – 6:00 PM
Wednesday: 8:00 AM – 6:00 PM
Thursday: 8:00 AM – 6:00 PM
Friday: 8:00 AM – 6:00 PM
Saturday: 8:00 AM – 6:00 PM",,,,,,,,,,,,,,,,,,,,,,,,,,,,,
1171,Cornelius Pet Hospital,(805) 475-8383,2387 E Main St,Ventura,93003,General Practice,"Tuesday: 8:00 AM – 6:00 PM
Wednesday: 8:00 AM – 6:00 PM
Thursday: 8:00 AM – 6:00 PM
Friday: 8:00 AM – 6:00 PM
Saturday: 8:00 AM – 6:00 PM",,,,,,,,,,,,,,,,,,,,,,,,,,,,,
1172,East Ventura Animal Hospital,(805) 647-8430,10225 Telephone Rd # D,Ventura,93004,General Practice,"Tuesday: 9:00 AM – 6:00 PM
Wednesday: 9:00 AM – 6:00 PM
Thursday: 9:00 AM – 6:00 PM
Friday: 9:00 AM – 6:00 PM
Saturday: 9:00 AM – 6:00 PM
Sunday: 8:00 AM – 12:00 PM",,,,,,,,,,,,,,,,,,,,,,,,,,,,,
1173,Horizon Veterinary Specialists,(805) 303-8996,5280 Valentine Rd Ste 120,Ventura,93003,General Practice,Monday: Open 24 hours,,,,,,,,,,,,,,,,,,,,,,,,,,,,,
1174,McNeil Veterinary Services,(805) 648-7297,1766 E Thompson Blvd,Ventura,93001,General Practice,"Tuesday: 8:30 AM – 5:00 PM
Wednesday: 8:30 AM – 5:00 PM
Thursday: 8:30 AM – 5:00 PM
Friday: 8:30 AM – 12:00 PM
Saturday: 8:30 AM – 5:00 PM",,,,,,,,,,,,,,,,,,,,,,,,,,,,,
1175,Moore Veterinary Care,(805) 643-4838,853 E Main St,Ventura,93001,General Practice,"Tuesday: 9:00 AM – 5:00 PM
Wednesday: 9:00 AM – 5:00 PM
Thursday: 9:00 AM – 12:00 PM
Friday: 9:00 AM – 12:00 PM
Saturday: 9:00 AM – 5:00 PM",,,,,,,,,,,,,,,,,,,,,,,,,,,,,
1176,Ohana Pet Hospital,(805) 436-2051,4547 Telephone Rd suite a,Ventura,93003,General Practice,"Tuesday: 8:00 AM – 6:00 PM
Wednesday: 8:00 AM – 6:00 PM
Thursday: 8:00 AM – 6:00 PM
Friday: 8:00 AM – 6:00 PM
Saturday: 8:00 AM – 6:00 PM
Sunday: 8:00 AM – 5:00 PM",,,,,,,,,,,,,,,,,,,,,,,,,,,,,
1177,Ohana Urgent Care,(805) 940-0378,2859 Loma Vista Rd,Ventura,93003,General Practice,"Tuesday: 8:00 AM – 6:00 PM
Wednesday: 8:00 AM – 6:00 PM
Thursday: 8:00 AM – 6:00 PM
Friday: 8:00 AM – 6:00 PM
Saturday: 8:00 AM – 6:00 PM",,,,,,,,,,,,,,,,,,,,,,,,,,,,,
1178,The Animal Doctor,(805) 647-8596,10195 Telephone Rd,Ventura,93004,General Practice,"Tuesday: 8:00 AM – 6:00 PM
Wednesday: 8:00 AM – 6:00 PM
Thursday: 8:00 AM – 6:00 PM
Friday: 8:00 AM – 6:00 PM
Saturday: 8:00 AM – 6:00 PM",,,,,,,,,,,,,,,,,,,,,,,,,,,,,
1179,Ventura Veterinary Hospital,(805) 648-2797,1784 E Thompson Blvd,Ventura,93001,General Practice,"Tuesday: 8:00 AM – 5:00 PM
Wednesday: 8:00 AM – 5:00 PM
Thursday: 8:00 AM – 5:00 PM
Friday: 8:00 AM – 5:00 PM
Saturday: 8:00 AM – 5:00 PM
Sunday: 9:00 AM – 12:00 PM",,,,,,,,,,,,,,,,,,,,,,,,,,,,,
1180,Veterinary Medical and Surgical Group,(805) 666-3228,2199 Sperry Ave,Ventura,93003,General Practice,Tuesday: 8:00 AM – 8:00 PM,,,,,,,,,,,,,,,,,,,,,,,,,,,,,
1181,Veterinary MRI,(805) 339-2290,2199 Sperry Ave,Ventura,93003,General Practice,,,,,,,,,,,,,,,,,,,,,,,,,,,,,,
1182,VetSurg,(805) 850-2180,4839 Market St,Ventura,93003,General Practice,"Tuesday: 8:00 AM – 6:00 PM
Wednesday: 8:00 AM – 6:00 PM
Thursday: 8:00 AM – 6:00 PM
Friday: 8:00 AM – 6:00 PM
Saturday: 8:00 AM – 4:00 PM",,,,,,,,,,,,,,,,,,,,,,,,,,,,,
1183,Hesperia Veterinary Services,(760) 244-3833,12624 Amargosa Rd,Victorville,92392,General Practice,"Tuesday: 8:00 AM – 5:00 PM
Wednesday: 8:00 AM – 5:00 PM
Thursday: 8:00 AM – 5:00 PM
Friday: 8:00 AM – 5:00 PM
Saturday: 8:00 AM – 5:00 PM",,,,,,,,,,,,,,,,,,,,,,,,,,,,,
1184,VCA Mesa Animal Hospital,(760) 245-0109,14643 Palmdale Rd,Victorville,92392,General Practice,"Tuesday: 7:00 AM – 6:00 PM
Wednesday: 7:00 AM – 6:00 PM
Thursday: 7:00 AM – 6:00 PM
Friday: 7:00 AM – 6:00 PM
Saturday: 7:00 AM – 6:00 PM",,,,,,,,,,,,,,,,,,,,,,,,,,,,,
1185,Aloha Animal Hospital,(760) 724-8313,2020 E Vista Way,Vista,92084,General Practice,"Tuesday: 8:00 AM – 6:00 PM
Wednesday: 8:00 AM – 6:00 PM
Thursday: 8:00 AM – 6:00 PM
Friday: 8:00 AM – 6:00 PM
Saturday: 8:00 AM – 6:00 PM",,,,,,,,,,,,,,,,,,,,,,,,,,,,,
1186,Alta Mira Animal Hospital,(760) 726-8918,998 S Santa Fe Ave,Vista,92084,General Practice,"Tuesday: 8:00 AM – 5:00 PM
Wednesday: 8:00 AM – 5:00 PM
Thursday: 9:00 AM – 4:00 PM
Friday: 8:00 AM – 5:00 PM
Saturday: 8:00 AM – 5:00 PM
Sunday: 8:00 AM – 2:00 PM",,,,,,,,,,,,,,,,,,,,,,,,,,,,,
1187,Freddie's Place Animal Hospital & Urgent Care,(760) 373-3343,2391 S Melrose Dr,Vista,92081,General Practice,"Monday: 10:00 AM – 10:00 PM
Tuesday: 8:30 AM – 10:00 PM
Wednesday: 8:30 AM – 10:00 PM
Thursday: 8:30 AM – 10:00 PM
Friday: 8:30 AM – 10:00 PM
Saturday: 8:30 AM – 10:00 PM
Sunday: 10:00 AM – 10:00 PM",,,,,,,,,,,,,,,,,,,,,,,,,,,,,
1188,Melrose Veterinary Hospital,(760) 727-5151,1680 S Melrose Dr #104,Vista,92081,General Practice,"Tuesday: 7:30 AM – 6:00 PM
Wednesday: 7:30 AM – 7:00 PM
Thursday: 7:30 AM – 6:00 PM
Friday: 7:30 AM – 7:00 PM
Saturday: 7:30 AM – 6:00 PM
Sunday: 8:30 AM – 4:00 PM",,,,,,,,,,,,,,,,,,,,,,,,,,,,,
1189,Mohnacky Animal Hospitals of Vista,(760) 758-8004,971 Vale Terrace Dr,Vista,92084,General Practice,"Tuesday: 8:00 AM – 5:00 PM
Wednesday: 8:00 AM – 5:00 PM
Thursday: 8:00 AM – 5:00 PM
Friday: 8:00 AM – 5:00 PM
Saturday: 8:00 AM – 5:00 PM",,,,,,,,,,,,,,,,,,,,,,,,,,,,,
1190,North County Animal Hospital,(760) 284-1966,445 Hacienda Dr Suite 200,Vista,92081,General Practice,"Tuesday: 9:00 AM – 6:00 PM
Wednesday: 9:00 AM – 6:00 PM
Thursday: 9:00 AM – 6:00 PM
Friday: 9:00 AM – 6:00 PM
Saturday: 9:00 AM – 6:00 PM
Sunday: 9:00 AM – 4:00 PM",,,,,,,,,,,,,,,,,,,,,,,,,,,,,
1191,Palomar Animal Hospital,(760) 727-7622,2331 S Melrose Dr,Vista,92081,General Practice,"Monday: 8:00 AM – 4:00 PM
Tuesday: 8:00 AM – 6:00 PM
Wednesday: 8:00 AM – 6:00 PM
Thursday: 8:00 AM – 6:00 PM
Friday: 8:00 AM – 6:00 PM
Saturday: 8:00 AM – 6:00 PM
Sunday: 8:00 AM – 4:00 PM",,,,,,,,,,,,,,,,,,,,,,,,,,,,,
1192,Petahead,(747) 888-8658,760B Sycamore Ave,Vista,92083,General Practice,"Monday: 9:00 AM – 6:00 PM
Tuesday: 9:00 AM – 6:00 PM
Wednesday: 9:00 AM – 6:00 PM
Thursday: 9:00 AM – 6:00 PM
Friday: 9:00 AM – 6:00 PM
Saturday: 9:00 AM – 6:00 PM
Sunday: 9:00 AM – 6:00 PM",,,,,,,,,,,,,,,,,,,,,,,,,,,,,
1193,Shadowridge Veterinary Hospital,(760) 727-7900,760 Sycamore Ave STE B,Vista,92083,General Practice,"Tuesday: 8:00 AM – 6:00 PM
Wednesday: 8:00 AM – 6:00 PM
Thursday: 8:00 AM – 6:00 PM
Friday: 8:00 AM – 6:00 PM
Saturday: 8:00 AM – 6:00 PM
Sunday: 8:00 AM – 5:00 PM",,,,,,,,,,,,,,,,,,,,,,,,,,,,,
1194,Tri City Veterinary Clinic,(760) 758-2091,1929 W Vista Way,Vista,92083,General Practice,"Tuesday: 9:00 AM – 5:30 PM
Wednesday: 9:00 AM – 5:30 PM
Thursday: 9:00 AM – 5:30 PM
Friday: 9:00 AM – 5:30 PM
Saturday: 9:00 AM – 5:30 PM",,,,,,,,,,,,,,,,,,,,,,,,,,,,,
1195,Vista Veterinary Hospital,(760) 726-1234,1139 S Santa Fe Ave,Vista,92083,General Practice,"Tuesday: 10:00 AM – 4:00 PM
Thursday: 10:00 AM – 4:00 PM
Friday: 12:00 PM – 4:00 PM
Saturday: 10:00 AM – 4:00 PM
Sunday: 10:00 AM – 4:00 PM",,,,,,,,,,,,,,,,,,,,,,,,,,,,,
1196,Adams Animal Hospital,(626) 965-4424,1559 E Amar Rd,West Covina,91792,General Practice,"Tuesday: 8:00 AM – 6:00 PM
Wednesday: 8:00 AM – 6:00 PM
Thursday: 8:00 AM – 6:00 PM
Friday: 8:00 AM – 6:00 PM
Saturday: 8:00 AM – 6:00 PM
Sunday: 8:30 AM – 5:00 PM",,,,,,,,,,,,,,,,,,,,,,,,,,,,,
1197,Country Club Animal Hospital,(626) 859-4400,2674 E Garvey Ave S,West Covina,91791,General Practice,"Tuesday: 9:00 AM – 6:00 PM
Wednesday: 9:00 AM – 6:00 PM
Thursday: 9:00 AM – 6:00 PM
Friday: 9:00 AM – 1:00 PM
Saturday: 9:00 AM – 6:00 PM
Sunday: 9:00 AM – 1:00 PM",,,,,,,,,,,,,,,,,,,,,,,,,,,,,
1198,Francisquito Animal Hospital,(626) 962-3436,531 E Vine Ave,West Covina,91790,General Practice,"Tuesday: 8:30 AM – 6:00 PM
Wednesday: 8:30 AM – 6:00 PM
Thursday: 8:30 AM – 6:00 PM
Friday: 8:30 AM – 6:00 PM
Saturday: 8:30 AM – 6:00 PM
Sunday: 8:30 AM – 5:00 PM",,,,,,,,,,,,,,,,,,,,,,,,,,,,,
1199,South Hills Animal Hospital,(626) 919-7661,1424 S Azusa Ave G-01,West Covina,91791,General Practice,"Tuesday: 8:00 AM – 6:00 PM
Wednesday: 8:00 AM – 6:00 PM
Thursday: 8:00 AM – 6:00 PM
Friday: 8:00 AM – 6:00 PM
Saturday: 8:00 AM – 6:00 PM
Sunday: 8:30 AM – 1:00 PM",,,,,,,,,,,,,,,,,,,,,,,,,,,,,
1200,Vaccine Vets @ Del Norte Park,null,W Rowland Ave,West Covina,91791,General Practice,Sunday: 2:00 PM – 3:30 PM,,,,,,,,,,,,,,,,,,,,,,,,,,,,,
1201,Walnut Valley Animal Hospital,(626) 965-4941,4141 Nogales St Unit B101,West Covina,91792,General Practice,"Monday: 9:00 AM – 6:00 PM
Tuesday: 9:00 AM – 6:00 PM
Wednesday: 9:00 AM – 6:00 PM
Thursday: 9:00 AM – 6:00 PM
Saturday: 9:00 AM – 6:00 PM
Sunday: 9:00 AM – 6:00 PM",,,,,,,,,,,,,,,,,,,,,,,,,,,,,
1202,West Covina Pet Hospital,(626) 337-2023,1823 W San Bernardino Rd,West Covina,91790,General Practice,"Tuesday: 8:00 AM – 6:00 PM
Wednesday: 8:00 AM – 6:00 PM
Friday: 8:00 AM – 6:00 PM
Saturday: 9:00 AM – 6:00 PM
Sunday: 9:00 AM – 5:00 PM",,,,,,,,,,,,,,,,,,,,,,,,,,,,,
1203,Hollywood Cat And Dog Hospital,(323) 469-3000,1146 N La Brea Ave,West Hollywood,90038,General Practice,"Tuesday: 8:00 AM – 5:00 PM
Wednesday: 8:00 AM – 5:00 PM
Thursday: 8:00 AM – 5:00 PM
Friday: 8:00 AM – 5:00 PM
Saturday: 8:00 AM – 5:00 PM
Sunday: 8:00 AM – 4:00 PM",,,,,,,,,,,,,,,,,,,,,,,,,,,,,
1204,Laurel Pet Hospital,(323) 364-5118,7970 Santa Monica Blvd,West Hollywood,90046,General Practice,"Monday: 9:00 AM – 2:00 PM
Tuesday: 8:00 AM – 6:30 PM
Wednesday: 8:00 AM – 6:30 PM
Thursday: 8:00 AM – 6:30 PM
Friday: 8:00 AM – 6:30 PM
Saturday: 8:00 AM – 6:30 PM
Sunday: 8:00 AM – 6:00 PM",,,,,,,,,,,,,,,,,,,,,,,,,,,,,
1205,Laurel Pet Hospital: Seoud Moustafa T DVM,(323) 654-7060,7970 Santa Monica Blvd,West Hollywood,90046,General Practice,"Monday: 8:00 AM – 2:00 PM
Tuesday: 8:00 AM – 6:30 PM
Wednesday: 8:00 AM – 6:30 PM
Thursday: 8:00 AM – 6:30 PM
Friday: 8:00 AM – 6:30 PM
Saturday: 8:00 AM – 6:30 PM
Sunday: 8:00 AM – 6:00 PM",,,,,,,,,,,,,,,,,,,,,,,,,,,,,
1206,VCA Los Angeles Veterinary Specialists,(310) 659-5287,8723 Santa Monica Blvd,West Hollywood,90069,General Practice,"Wednesday: 9:00 AM – 6:00 PM
Thursday: 9:00 AM – 6:00 PM
Friday: 9:00 AM – 6:00 PM
Saturday: 9:00 AM – 6:00 PM",,,,,,,,,,,,,,,,,,,,,,,,,,,,,
1207,VCA TLC Animal Hospital,(310) 859-4852,8725 Santa Monica Blvd,West Hollywood,90069,General Practice,"Monday: 7:00 AM – 4:00 PM
Tuesday: 7:00 AM – 6:00 PM
Wednesday: 7:00 AM – 6:00 PM
Thursday: 7:00 AM – 6:00 PM
Friday: 7:00 AM – 6:00 PM
Saturday: 7:00 AM – 6:00 PM
Sunday: 7:00 AM – 4:00 PM",,,,,,,,,,,,,,,,,,,,,,,,,,,,,
1208,West Hollywood Animal Hospital,(310) 275-0055,9000 Santa Monica Blvd,West Hollywood,90069,General Practice,"Tuesday: 8:00 AM – 6:00 PM
Wednesday: 8:00 AM – 6:00 PM
Thursday: 8:00 AM – 6:00 PM
Friday: 8:00 AM – 6:00 PM
Saturday: 8:00 AM – 12:00 PM
Saturday: 2:00 PM – 6:00 PM
Sunday: 8:00 AM – 6:00 PM",,,,,,,,,,,,,,,,,,,,,,,,,,,,,
1209,Alamitos Animal Hospital,(714) 893-3591,7122 W Garden Grove Blvd,Westminster,92683,General Practice,"Tuesday: 9:00 AM – 10:30 AM
Tuesday: 3:00 PM – 5:00 PM
Wednesday: 9:00 AM – 10:30 AM
Wednesday: 3:00 PM – 5:00 PM
Thursday: 9:00 AM – 10:30 AM
Thursday: 3:00 PM – 5:00 PM
Friday: 9:00 AM – 10:30 AM
Friday: 3:00 PM – 5:00 PM
Saturday: 9:00 AM – 10:30 AM
Saturday: 3:00 PM – 5:00 PM
Sunday: 9:00 AM – 1:00 PM",,,,,,,,,,,,,,,,,,,,,,,,,,,,,
1210,Amigo Animal Hospital,(714) 894-5558,13951 Milan St,Westminster,92683,General Practice,"Tuesday: 8:00 AM – 6:00 PM
Wednesday: 8:00 AM – 6:00 PM
Thursday: 8:00 AM – 6:00 PM
Saturday: 8:00 AM – 6:00 PM
Sunday: 8:00 AM – 12:00 PM",,,,,,,,,,,,,,,,,,,,,,,,,,,,,
1211,Magnolia Animal Hospital,(714) 848-9114,16421 Magnolia St,Westminster,92683,General Practice,"Tuesday: 8:00 AM – 6:00 PM
Wednesday: 8:00 AM – 6:00 PM
Thursday: 8:00 AM – 6:00 PM
Friday: 8:00 AM – 6:00 PM
Saturday: 8:00 AM – 6:00 PM
Sunday: 8:00 AM – 3:00 PM",,,,,,,,,,,,,,,,,,,,,,,,,,,,,
1212,Westminster Veterinary Group,(714) 899-1100,6512 Westminster Blvd.,Westminster,92683,General Practice,"Monday: 9:00 AM – 5:00 PM
Tuesday: 8:00 AM – 6:30 PM
Wednesday: 8:00 AM – 6:30 PM
Thursday: 8:00 AM – 6:30 PM
Friday: 8:00 AM – 6:30 PM
Saturday: 8:00 AM – 6:30 PM
Sunday: 9:00 AM – 5:00 PM",,,,,,,,,,,,,,,,,,,,,,,,,,,,,
1213,Affordable Animal Hospital Whittier,(626) 776-2098,7247 Painter Ave,Whittier,90602,General Practice,"Monday: 10:00 AM – 4:00 PM
Tuesday: 9:00 AM – 5:00 PM
Wednesday: 9:00 AM – 5:00 PM
Thursday: 9:00 AM – 5:00 PM
Friday: 9:00 AM – 5:00 PM
Saturday: 9:00 AM – 5:00 PM
Sunday: 10:00 AM – 4:00 PM",,,,,,,,,,,,,,,,,,,,,,,,,,,,,
1214,Southeast Pet Hospital,(562) 944-6296,13492 Telegraph Rd,Whittier,90605,General Practice,"Tuesday: 8:00 AM – 6:00 PM
Wednesday: 8:00 AM – 6:00 PM
Thursday: 8:00 AM – 6:00 PM
Saturday: 8:00 AM – 6:00 PM
Sunday: 8:00 AM – 2:00 PM",,,,,,,,,,,,,,,,,,,,,,,,,,,,,
1215,VetCheck Animal Hospital,(833) 838-2435,15618 Whittwood Ln Suite A,Whittier,90603,General Practice,"Tuesday: 9:00 AM – 5:00 PM
Wednesday: 9:00 AM – 5:00 PM
Thursday: 9:00 AM – 5:00 PM
Friday: 9:00 AM – 12:00 PM
Saturday: 9:00 AM – 5:00 PM
Sunday: 9:00 AM – 12:00 PM",,,,,,,,,,,,,,,,,,,,,,,,,,,,,
1216,Washington Boulevard Animal Hospital,(562) 693-8233,12116 Washington Blvd,Whittier,90606,General Practice,"Monday: 7:00 AM – 10:00 PM
Tuesday: 7:00 AM – 10:00 PM
Wednesday: 7:00 AM – 10:00 PM
Thursday: 7:00 AM – 10:00 PM
Friday: 7:00 AM – 10:00 PM
Saturday: 7:00 AM – 10:00 PM
Sunday: 7:00 AM – 10:00 PM",,,,,,,,,,,,,,,,,,,,,,,,,,,,,
1217,Whittier Dog and Cat Hospital,(562) 698-0264,12124 Philadelphia St,Whittier,90601,General Practice,"Tuesday: 8:00 AM – 6:00 PM
Wednesday: 8:00 AM – 6:00 PM
Thursday: 8:00 AM – 6:00 PM
Friday: 8:00 AM – 6:00 PM
Saturday: 8:00 AM – 6:00 PM",,,,,,,,,,,,,,,,,,,,,,,,,,,,,
1218,Animal Friends of the Valleys Spay & Neuter Clinic,(951) 674-7729,33751 Mission Trail Building B,Wildomar,92595,General Practice,"Wednesday: 10:00 AM – 4:00 PM
Thursday: 10:00 AM – 4:00 PM
Friday: 10:00 AM – 4:00 PM
Saturday: 10:00 AM – 4:00 PM
Sunday: 10:00 AM – 4:00 PM",,,,,,,,,,,,,,,,,,,,,,,,,,,,,
1219,Clinton Keith Veterinary Hospital,(951) 677-8999,35951 Salida Del Sol,Wildomar,92595,General Practice,"Tuesday: 8:00 AM – 6:00 PM
Wednesday: 8:00 AM – 6:00 PM
Thursday: 8:00 AM – 6:00 PM
Friday: 8:00 AM – 6:00 PM
Saturday: 8:00 AM – 6:00 PM
Sunday: 7:30 AM – 3:00 PM",Called - Got Prices,,Yes,Yes,receptionist,The lady was helpful and friendly,"regular price 78, ongoing promo 58.50",n/a,28,35,,,30,51,35,,,ranges 450 base on weight,ranges 400 base on weight,not applicable,"between 1322-1666
(includes exam and bloodwork)",,,,not emergency,"if there is an opening no additional cost  from exam pricing, depends on availablity on that day",,,
1220,Golden Coast Veterinary Care,(951) 319-4888,24046 Clinton Keith Rd #105,Wildomar,92595,General Practice,"Tuesday: 8:00 AM – 4:00 PM
Wednesday: 8:00 AM – 4:00 PM
Friday: 8:00 AM – 4:00 PM
Saturday: 8:00 AM – 4:00 PM",Called - Got Prices,,Yes,No,Rae,"they are not full-service clinic, unable to do and blood work, xray, emergency and smae day visit. the lady is very helpful",not applicable,not applicable,20,35,,,30,n/a,35,,,"ranges between 120-280 , additional 70 if the pet is aggressive",ranges 200-270 additional 70 if the pet is aggressive,not applicable,ranges 390-900(includes exam and bloodwork),,,,not applicable,not applicable,,,
1221,Technique Unique Pet Services,(925) 621-0245,21392 Palomar St,Wildomar,92595,General Practice,,Voicemail Left,,,,,"voicemail, will call later",,,,,,,,,,,,,,,,,,,,,,,
1222,AM/PM Veterinary Hospital,(714) 779-1400,4872 Olinda St,Yorba Linda,92886,General Practice,"Tuesday: 8:00 AM – 8:00 PM
Wednesday: 8:00 AM – 8:00 PM
Thursday: 8:00 AM – 8:00 PM
Friday: 8:00 AM – 8:00 PM
Saturday: 8:00 AM – 8:00 PM
Sunday: 8:00 AM – 8:00 PM",Called - Got Prices,,Yes,Yes,receptionist,the lady is very helpful,82 but for new client the do it for free even if you have 2 dogs,23,37,iit's with Lepto 47,,,39,58,38,,,ranges 593,ranges 583,"none, they don't over with Anesthisia","ranges 588, (includes xray and lab work)",,,,"depends on severity if they have the machine to perform emergency, unable to provide price",starting is 100 or more,,,
1223,Greek and Associates Veterinary Hospital,(714) 463-1190,23687 Vía del Rio,Yorba Linda,92887,General Practice,"Tuesday: 8:00 AM – 6:00 PM
Wednesday: 8:00 AM – 6:00 PM
Thursday: 8:00 AM – 6:00 PM
Friday: 8:00 AM – 6:00 PM
Saturday: 8:00 AM – 6:00 PM",Called - Got Prices,,Yes,Yes,Jill,The lady was helpful and friendly,"75 for the fisrt dog, the 2nd dog is 55",n/a,22,40,,,25,60,40,,,range 665-785,range 615-735,start 240,range 690-1700  (includes xray and lab work),,,,by appoinment only $145,none,,,
1224,Imperial Highway Animal Clinic,(714) 996-7610,17455 Imperial Hwy.,Yorba Linda,92886,General Practice,"Monday: 8:00 AM – 3:00 PM
Tuesday: 8:00 AM – 6:00 PM
Wednesday: 8:00 AM – 6:00 PM
Thursday: 8:00 AM – 6:00 PM
Friday: 8:00 AM – 6:00 PM
Saturday: 8:00 AM – 6:00 PM
Sunday: 8:00 AM – 5:00 PM",Called - Got Prices,,Yes,Yes,Ronnie,The lady was helpful and friendly,79,n/a,16,28,,,19,36,18,,,estimates 1800,estimates 2000,221,estimates 800 (includes xray and lab work),,,,"79(monday sat all day), sunday by appointment 129","129(sunday only), tehy said they are walk-in clinic",,,
1225,Paws N Claws Veterinary Hospital,(714) 693-3800,19762 Yorba Linda Blvd STE D,Yorba Linda,92886,General Practice,"Tuesday: 8:00 AM – 6:00 PM
Wednesday: 8:00 AM – 6:00 PM
Thursday: 8:00 AM – 6:00 PM
Friday: 8:00 AM – 6:00 PM
Saturday: 8:00 AM – 6:00 PM
Sunday: 8:00 AM – 5:00 PM",Called - Got Prices,,Yes,No,Anthony,he was helpful and friendly,77,"no charge, it's included in the service that will be done for the visit",35,67,,,53.77,71,40.2,,,962(estimates),833 (estimates),they need to see the pet,they need to see the pet,,,,around 190,around 167,,,
1226,Paws We Love Veterinary Clinic,(714) 684-1907,17532 Yorba Linda Blvd,Yorba Linda,92886,General Practice,"Tuesday: 9:00 AM – 6:00 PM
Wednesday: 9:00 AM – 6:00 PM
Thursday: 9:00 AM – 6:00 PM
Friday: 9:00 AM – 6:00 PM
Saturday: 9:00 AM – 6:00 PM
Sunday: 9:00 AM – 12:00 PM",Called - Got Prices,,Yes,No,Front desk,The lady was helpful and friendly,75,"no charge, it's included in the service that will be done for the visit",35,"45 for a baby ahs a combo with Lepto (less than a year), 60 adult",,,30,50,40,,,range 200-400,600-800 range,n/a,"ranges 250, they don't do blood work there and xray if it's needed they will suggest to go somewhere else",,,,n/a,n/a,,,
1227,Yorba Lake Pet Clinic,(714) 693-0911,4976 Lakeview Ave,Yorba Linda,92886,General Practice,"Tuesday: 8:00 AM – 6:00 PM
Wednesday: 8:00 AM – 6:00 PM
Friday: 8:00 AM – 6:00 PM
Saturday: 8:00 AM – 6:00 PM
Sunday: 8:00 AM – 4:00 PM",Called - Got Prices,,Yes,No,Jesicca,"both ladies that I spoke with is very helpful, I was transferred to another lady when I asked about the spay and neuter",64,none,25,35,,,25,55,30,,,"ranges 750-up, depending on pre-existing",range 600- up,n/a,Unable toprovide price because doctor need to assess ,,,,call ahead of that could and pricing could still vary depending on the severity,want's to call them first but it's starts at 64,,,
1228,Yorba Linda Pet Care Center,(714) 777-1677,4935 Yorba Ranch Rd # C,Yorba Linda,92887,General Practice,"Tuesday: 8:00 AM – 6:00 PM
Wednesday: 8:00 AM – 6:00 PM
Thursday: 8:00 AM – 6:00 PM
Friday: 8:00 AM – 6:00 PM
Saturday: 8:00 AM – 6:00 PM
Sunday: 9:00 AM – 4:00 PM",Called - Got Prices,,Yes,Yes,Front desk,"The lady was helpful, advised that for vaccines the have additional 6.50 bio-hazard fee during the visit",74.5,55,23,31,,,29,43,34,,,Estimates 1000 or more,estimates 950,600 estimates,n/a,,,,"appoinments emergency only, ranges 90-100 depending on the days ",90-100 depending on the days ,,,
1229,Adobe Veterinary Clinic,(909) 794-6773,31535 Dunlap Blvd,Yucaipa,92399,General Practice,"Tuesday: 8:00 AM – 5:00 PM
Wednesday: 8:00 AM – 5:00 PM
Thursday: 8:00 AM – 5:00 PM
Friday: 8:00 AM – 5:00 PM
Saturday: 8:00 AM – 5:00 PM",Called - Got Prices,,Yes,No,Skyylar,The lady was helpful and friendly,56,18,22,26,,,26,45,29,,,price range 446.90-526.90,price range 391.90-446.90,"Starts 850, all their dental has Anesthesia, labwork base prise $77-192, xray is base price 192",n/a,,,,no,depends on the dr. schedule,,,
1230,Green Valley Veterinary Clinic,(909) 790-2963,35037 Ave B,Yucaipa,92399,General Practice,"Tuesday: 8:00 AM – 6:00 PM
Wednesday: 8:00 AM – 6:00 PM
Thursday: 8:00 AM – 6:00 PM
Friday: 8:00 AM – 6:00 PM
Saturday: 8:00 AM – 6:00 PM
Sunday: 8:00 AM – 4:00 PM",No Answer,,,,,called 2x today but the wait time is more than 3 mins will call back later,,,,,,,,,,,,,,,,,,,,,,,
1231,Oak Glen Animal Hospital,(909) 500-4350,33523 Oak Glen Rd,Yucaipa,92399,General Practice,"Tuesday: 8:00 AM – 6:00 PM
Wednesday: 8:00 AM – 6:00 PM
Thursday: 8:00 AM – 6:00 PM
Friday: 8:00 AM – 6:00 PM
Saturday: 8:00 AM – 6:00 PM",Called - Got Prices,,Yes,Yes,Desiree,The lady was helpful and friendly,$25 for new pet< if household has 2 dogs only one pet can get the promo pricebut the regular price is $65,n/a,$26.80 depending on if they have it also,$26.80,,,$35,39.7,22,,,Starting is $600,Starting is $600,Unable toprovide price because doctor need to assess the and provide a grade before they can provide the price,Unable toprovide price because doctor need to assess the and provide a grade before they can provide the price,,,,"no price, do the exam first depending the exam","no price, do the exam first depending the exam",,,
1232,Yucaipa Animal Hospital,(909) 794-3118,32161 Yucaipa Blvd,Yucaipa,92399,General Practice,"Tuesday: 8:00 AM – 6:00 PM
Wednesday: 8:00 AM – 6:00 PM
Thursday: 8:00 AM – 6:00 PM
Friday: 8:00 AM – 6:00 PM
Saturday: 8:00 AM – 6:00 PM
Sunday: 8:00 AM – 2:00 PM",Called - Got Prices,,Yes,Yes,Receptionist,The lady was helpful and friendly,"65, they also have Rabies exam before rabies shot which is 45.48",n/a,27.91,35.19,,,40.04,n/a,18.25,,,Estimates: 356.11-704.15,Estimates: 295.54-655.48,Unable toprovide price because doctor need to assess the and provide a grade before they can provide the price,Unable toprovide price because doctor need to assess the and provide a grade before they can provide the price,,,,101.37( no after hrs visit) ,need to call them first- 82.83,,,